customer_unique_id,Actual_Repeat,Repeat_Propensity_Score,Predicted_Repeat
8d50f5eadf50201ccdcedfb9e2ac8455,1,0.9984406550699889,1
698e1cf81d01a3d389d96145f7fa6df8,0,0.9867006407639545,1
a3dc27d87234f862d7e61a0148c77fa9,0,0.9854802517694901,1
8dc4412f2ddf5ffee6cf50e6278b37fd,0,0.9854723245844268,1
310647380793836bfa5b7b6b3f518423,0,0.9838673312863868,1
12d8b5ed661190a3a08183644dfc504d,0,0.9797849803663016,1
a1874c5550d2f0bc14cc122164603713,0,0.9792001016884937,1
47c1a3033b8b77b3ab6e109eb4d5fdf3,0,0.9771210344547541,1
041caba6a63ace5818387698ea85cdb2,0,0.9745562900816434,1
b39dde6dd619943190a8cc9aa6db38a4,0,0.9552276726121186,1
acf91aaa6f337456d3c506a5a494552c,0,0.9525397295341398,1
e226254ce0c6d5b7a7ef7218c9b5b518,0,0.9506548198283079,1
7849336c1b7785f258ffef06aedbd216,1,0.9506264582195004,1
b4be8ffe5a39196f0098f30316f7d7a1,0,0.9502492952125936,1
d97b3cfb22b0d6b25ac9ed4e9c2d481b,0,0.9478452105240568,1
3e5306add1209e5ba184092dd1587282,0,0.947130958472495,1
c9f3502cccf5585cea25aa7de58f6cb5,0,0.9466975995013965,1
02e9109b7e0a985108b43e573b6afb23,0,0.9411453393274388,1
fcd0ab79592faab19e2bf386cf69fbcd,0,0.9407875372684129,1
ece908ca0502def5dd56deca8a5c67d5,0,0.9393023032490523,1
0b18593e033697810a62a987e77f4b8c,0,0.9339640840595139,1
1fbd81e4d0a0cf9125ca038b43533b7f,0,0.9330916190429008,1
8689b3e15d4b16cfd05ecf597a523453,0,0.9279885165677737,1
0f9349a9da479b7e02c4cb4a0c73fb47,0,0.9258682883154263,1
374fcbbfcf189ae177b2f955f9e74b3d,0,0.9253258919382933,1
2004ba7732339d9be65f2236d8887ae4,0,0.9234235804306641,1
da2b78576894a7f95d45bfd20250cc54,0,0.9221006071730891,1
7e1681f9bb31800364869a2cdbe289db,0,0.9197586255804651,1
4644f1b187e390a08b4c66fb16c91364,0,0.9178321904790837,1
29f8e372b3b1d42ad2e00a0b976bfc34,0,0.9116551233066764,1
9b22d6fe1f74d6e1aefec789415ec847,0,0.9089786296692615,1
5e0aa142dc4760e62a74c1830cbf91b1,0,0.9089402394856729,1
bf429f20c75a39eab83442cda8e59832,0,0.9076537394114931,1
e30b83af13d6ff0b0f427b2a67c43b39,0,0.9060221054582054,1
0097fca0db567f5ca79509b7b4fc1c2d,0,0.9026067618092741,1
9c18cd0ba86443dce5c2e5157cbd2eff,0,0.9017892500968974,1
e016365b624d1755f3e2d0e8f1631ebb,0,0.9015991510693104,1
9bb5ee90bbf9e5dec4a866a9d1117328,0,0.8989846690898304,1
18e3d276253780b44b5b7bf83f6785ec,0,0.8980909453872271,1
fc719c11b4dce594f47e1f9aa739a3a2,0,0.8946042175463719,1
987fadd385777d8f27edac709bc9fb61,0,0.8932077389108543,1
ec441c1966bfa602976763f330fc5168,0,0.8931056238074486,1
acaf5177d6de60fda7ce77c48abb5230,0,0.8921308159724526,1
0aadc1d26d1c8b88a52c39a533ccea93,0,0.8920757262719143,1
45cfc55a4d5073c50be858369454fc0e,0,0.8911792278238859,1
10b58cbd6607267fd41812614367439e,0,0.8899113637010835,1
c6e149b96ed4793d54a9df68edba5371,0,0.8890523784530091,1
3c7a1b8817ce0f7814a53f3fc779bc19,0,0.8843755517581429,1
c499023d38f0db1bcf3db96b3c8a5dee,0,0.8835164065003414,1
d0c62583f73531eba6338b2390e7a861,0,0.8826259176026231,1
831a032a3327e2b8325faf9d37953870,0,0.8817321007108886,1
f1f30eb24d90309e4ec02c385a17e81f,0,0.881518899550902,1
88fcb680dc8cd2e540010c0750b78242,0,0.8752792156137537,1
f4d1502ace38b0df6f052a5544add9f4,0,0.8744626672733605,1
39fff7cb5873a7116b02234bd1e6c6dc,0,0.8734060701413188,1
795c1622cf7a53d63d324e862349d01c,1,0.8708880849829909,1
49d1599dd80dedc213037342bbe43fd7,0,0.8681096369951218,1
acc374bd9024806a83121b1d2565db2f,0,0.8643817470429334,1
8188d88246b1fa1783f4c55e83b72d49,0,0.8641883750785333,1
95c673245afd9e175e46590ea80fd159,0,0.8618105649576745,1
9177736727dc747f69fceccc193c125a,0,0.8609811324991783,1
cd11a0920c498edb1da9ecd2d31aa599,0,0.86056324139984,1
1c628081cb579ed6035b9aa8614e69f4,0,0.8597730600934329,1
514f8ca0f04813ed414874f8f422e6c3,0,0.8592642539045782,1
732d307839b02bc2d3a4c26b515ea2b9,0,0.8586701865729301,1
aab0cf2b7b1d9c3fd242397d73ed044b,0,0.858544633971601,1
e1cc1be2730188040748affa422b2803,0,0.8545269053168912,1
71b8dc9ce21a7ca5344bde166e117c9f,0,0.8522566550534338,1
f6ce56125dd12927a023b879008a5ced,0,0.8501792215848231,1
30a81e307f19e822e7199139fe52b1b0,0,0.8488871817070803,1
d5e26e279c46738a6d4a55e037dc77b7,0,0.8484439330952445,1
07ff81a9676efa0286ddd3f09e7c0063,1,0.8476151593544349,1
6e620488162fe1129d32f26b751d770a,0,0.8463573272224495,1
0a609db8d244100909a15d65eadf8539,0,0.8458073776658421,1
d44ccec15f5f86d14d6a2cfa67da1975,0,0.8436738086119662,1
52abba659c0a219f8de7076dc33e0e83,0,0.8420970479369482,1
801b53359d2880a9bff63574103fb74c,0,0.8407736668161861,1
bb99e6ae642f462d7bf05db05fc9aa11,0,0.8404609075245112,1
bc50d0c6d5effaefb4d2423feda931d7,0,0.8398143467254585,1
39f5f169949c2c647eb1e893740419ea,0,0.8393146778038622,1
bf6656ef50e6fd00e7517b01d615b4f3,0,0.8386750810212844,1
54732c804725f94304b9f2d1107a3d6e,0,0.8386459069095196,1
18a65d67bb184e736656cc017f09f7b8,0,0.8371517157790918,1
2a9c9698ae8fb45eee69ca8808382671,0,0.8370481483437293,1
d2ecc28fac1b377eefe7b209a895626a,0,0.8369918540381783,1
e374f0ed9ec35b9af339460a75c4d096,0,0.8366472055886799,1
53beace9d0aa08b64d759d5f5a66550c,0,0.836248416642055,1
065dcef61d5f66b30d2ee51b5343d023,0,0.8360900565457138,1
364f7934597f72889dd3e205e8c80778,0,0.8349819251079619,1
4e2d666f4bbc94a8ded712172a433d65,0,0.8320058192316432,1
ff7f36f6ba0f1126bb95b635322cf9d2,0,0.8313820491550424,1
8f1794300ad248a55eae07168219ca15,0,0.8287871315308101,1
5419a7c9b86a43d8140e2939cd2c2f7e,0,0.8286416866007943,1
fb490a070c5dbc385afadcf0e56270bd,0,0.8285810456758987,1
bf3f9bd6d49afc0efb5feda4a516099f,0,0.8284500320588336,1
c9ae1d598a33315fdace01e3bfefc5ea,0,0.8270248680953997,1
5ed5ff23e88328ba909334ac76a282f9,0,0.8268465471978614,1
72eb961337993c4c089cb9135b86de90,0,0.8249491181724976,1
7a350426024a624cef97f797c408db97,0,0.8239696261305045,1
eb89ecac165940c95a05cb77e89a789d,0,0.8236246521137869,1
b25a21b56a2d74da49e04cadbc9e0dd8,0,0.8218412353503958,1
6aa3ab340cfc5f655a56e30d3285d753,0,0.8185570612488927,1
e45b0c7dd75287df589a26fdb7c2fcaf,0,0.8175900694856054,1
6cd5ad2783f175ab9dac5072bc7e3d73,0,0.8161066895894591,1
22f6af8201369f9eb96592db3142b9c2,0,0.8151048495089642,1
a660768f87f5460dead886e622dd5741,0,0.8125852499532588,1
d7c6335139cb055ed0ce1125ddc788d8,0,0.8124227216283946,1
7b662d846265cb0ed144db95fe0c74dc,0,0.8123532833663595,1
9c08d6f85c7fcec4b08ead25590c0af7,0,0.8122781807892838,1
d9e97e176fab9b275f9665eef6151a7b,0,0.8121490975092235,1
442cac7506ac5860d70980d13d2b9f98,0,0.8121018924796316,1
0807baeeeaa1309effbd9a9dee41ab17,0,0.8117025229252062,1
b08b68bac767c3269e827f822d308182,0,0.8105924298054709,1
2a34af7c4b1b83d78b14cf6b9c32c3b9,0,0.8091991774712004,1
c5400d2fca348bd1313426efe4b10a51,0,0.8083488101772538,1
9c4220872289f4e0239410f49e02e189,0,0.8080515535391349,1
ad7e2fa70d0db12bce950350ebc0e242,0,0.8074500046362145,1
8b29166c3e2b7a11a9d08d33d8c2855d,0,0.8067757905942182,1
aed838b04abeb2fb94566d0a073bd718,0,0.8063568445829696,1
c8539b829959902cdab9e9b0412f04bf,0,0.8047528389530587,1
299ebe2d5eb0fcad98f7ab9f59210b7b,0,0.804616489201725,1
e38a9d13896946501404c6d82790728c,0,0.8043728757423592,1
3a4acf4c4c97cc25075d29f8d29f405b,0,0.8025418031830027,1
8ec31beb5c890497f1872b5986d3cc26,0,0.8012451518972612,1
1f90117a847636892e3c5bf569f2ac68,0,0.8009179530151793,1
fcceb56470bf0b4d59caa87e111ca69e,0,0.8006346882061034,1
f00aa1cfc257dfff20184269b19db923,0,0.7994584003035674,1
334293c291f43a6aa85020f8597a171f,0,0.7986611018352633,1
20282afdbe6cf22d5f5a956d8b5a3f78,0,0.7980730366393051,1
72061fff095d8325b311ea24e2f4a2b5,0,0.7977800174379002,1
d6f513457bd5d3f69de2f1757001fa67,0,0.7964501341701324,1
37f8e7062a53c1a0fca4f59f4c6b1429,0,0.7957989153818886,1
ecb2bbf5c566fab74d5ab5f3cfd2ba19,0,0.7948132124310681,1
aebdb8f05f5ebf99f858c1a75fb7035a,1,0.7936131535783552,1
38244f285d64696e19b5d2ff854a3ea3,0,0.7932318939848336,1
71e1f051740a6d2fcdc204e989035526,0,0.7930222817515343,1
f31d2c22ddcad145e224e6dc48f349b9,0,0.7929268102283903,1
5b65c2693d8103d23aa910cd33d68daa,0,0.7917326015557351,1
7779fdf670bfe673e064b9aa5447674e,0,0.7909804484422707,1
162db2549172696d9f28b2143ba295f5,0,0.7908900089241699,1
7823a8988612aff9a03896c51e2c5f7b,0,0.7901342265798469,1
c2eef4e8cfe88848c34e81a5cf62b4be,0,0.7889721139854495,1
2bd9d2f3cc5d99b1b3d9ff5acd81bd5e,0,0.7886574775502277,1
16c8e42089546fde55ed3caa46478e7a,0,0.7875161576778593,1
8ee8b7d504a2a0f5a7e2fdcd6b984208,0,0.7868402997001942,1
5a819fa976c2a1e65fa35e5c890d4dcb,0,0.7848527698747577,1
7f4d6f63e1d28bd6e57ffa0bbd4fd87f,0,0.7843957747195908,1
e4ef058bd7ed1056cef82480fb4c3adf,0,0.7822897821911854,1
6e1512c1c3221bd24fa4848202727ab3,0,0.7818294810412137,1
aabfe4bed1559f2d0db606df41c670e5,0,0.7812413370164344,1
0fd475edfa0b61c59ecde6f89c21dedb,0,0.7809905833153372,1
3de0c9303f39b7ccfe69ca11aee19cc6,0,0.7806119253200909,1
84719028dec21814e9a26fbfc82f3633,0,0.7806084720968259,1
26e025af2347c3968f6a578f853a9da2,0,0.7789072108583237,1
cd94dd7a37a6160bf004a86f9d36765d,0,0.7780250495607923,1
55efe0d41e47d41465ea4fb5f8badee0,0,0.7777366999880455,1
397b44d5bb99eabf54ea9c2b41ebb905,1,0.7762773389365846,1
78fb70b5aa609b4b55c6ef3d0cb51faf,0,0.7762520875604948,1
68519bc41532d0f1a6613d278f86a5bd,0,0.774887337658314,1
142575266950512b56af193f3962270a,0,0.7736861046020473,1
8dc10e9acb420db970e64b4c99cba7ec,0,0.7736503001757131,1
fd849b4fe44dbb27a0ab0d9a0a0562ca,0,0.7736273469862422,1
e35b2a3c980b6e0fc66c66b8e1122e93,0,0.7728715675621661,1
7589544c08cc5de364cad85ee73f4b63,1,0.7699852356610353,1
c854b68bc405ed4609cbe9f480913864,0,0.7698131232036457,1
935b9c5a3162185f88dac06d8d08d623,0,0.7696240478801151,1
21560f93adbd9ada040a40909ac8619d,0,0.7696050736952146,1
1f730c825bb084addd4914f9c2390f35,0,0.76685403321061,1
590b61a3122106e7fc89dcd7c66b1593,0,0.7662734916376129,1
08f7cf00ed9ff3e0a08fc136ec272974,0,0.7636439812416423,1
a9e070f61d35aa13e420c8597b5ccb3d,0,0.7634658255866149,1
e5d71c2a04ee3a370295b3290a85b2fb,0,0.7634594136066102,1
038301b43811478e1a8dc0e476eaf52e,0,0.7634495522193441,1
5af895ee7ff98368a5bf6faeddd18cec,0,0.762723418791072,1
2453dc635a51ae000cbfbd44c2031e70,0,0.7623865951605124,1
b08fab27d47a1eb6deda07bfd965ad43,0,0.7607366306660565,1
6faa792efdf7c9c6eb7cfdf68aa5e581,0,0.7595076063469177,1
2e9399fc2fe209771a6f719e14bdb6fe,0,0.7589963171497963,1
ca12da7d856692d5cf4960c5edd99756,1,0.7589183950593074,1
799f96a722913e43fa42d9b0b49ae861,0,0.758890063140225,1
17154f5ffcd58c8389049f763e2c01c9,0,0.7584773464145255,1
12f5d6e1cbf93dafd9dcc19095df0b3d,0,0.7583545778806584,1
fcb9353836cb5b48b1ac7730e34f1a71,0,0.7577411473334796,1
0209a0a5c96cc50dd1bbe71e3730af2a,0,0.7574649454118232,1
8190d0cbc8a4e51b3d707505a79a9f6e,0,0.7569102200199954,1
5b3186d7cf904f2f9369aec26faba4d2,0,0.7562670758383417,1
ed91e2bcbc71d72c1d7871961a01d3e3,0,0.7556089888073528,1
acc22c5661d387052472b32523c6724f,0,0.755372160154481,1
d65921a138c59000aff343f8c991b896,0,0.7546337783618793,1
6457b2cb5462c1217e8e6d36b0ff39d2,0,0.7539869694005521,1
21421ba1bd92005a3b48e6a745e9b8bb,0,0.7525792215918533,1
910240400459e4edf250cddd2588bfd2,0,0.7525682595737427,1
607a772369577442a4bd82abaf1623ce,0,0.7520875809411776,1
9bff77a776574edf41418ddd01bcbb4e,0,0.750996691323166,1
8ee1e34425fc54b1f87318160b378c3b,0,0.7503771801163287,1
698118425f0afbd4bee557e51b6bd49b,0,0.7489730662790118,1
3c084b2007d6efc5db0eb0ab4bbf4a92,0,0.7488361190909812,1
ec8d6e9f822cddd2f1408b764cd173c4,0,0.748746638810226,1
f1a325803dd4c341c5a946ac84c71973,0,0.7464081969651954,1
7d904a4755e206a3e308a1f03d4a3a7c,0,0.7451661719002559,1
7a4162f7e0c7e245c68f36ccad93afa2,0,0.74470294118471,1
79f227df52caf2b68d36e990ff3fc652,0,0.7442621668743636,1
87ab7ef17c5bf5d49b4688194b5de6e3,0,0.7439942955397458,1
0d29728b863178dbaeaa01daabdb6e2d,0,0.7438000005908719,1
c9ec7638cb8f2dd8e4439fa8374d89e4,0,0.7436723176544374,1
fed519569d16e690df6f89cb99d4e682,0,0.7415197299459554,1
d66f438b3fcdcf22e7224aaeaf525443,0,0.7412914039267703,1
969549f0b670b3bad4f7861ba4faf45e,0,0.7404503276613518,1
69f2934ad8b50cc05587a94cc7d68fc9,0,0.7402163402309994,1
d375c3a3a6bff030c08c6d4109b3f226,0,0.7366237726280881,1
4a433c62dfda8104d295307e855c82a7,0,0.7342530877175052,1
dbf27222f9c7369aaebf2fe82abf4b49,0,0.734053920200146,1
e9324efb79b7c53e338b64ec60de3924,0,0.7336947709631919,1
8505734f21396405b5477c75a45734fe,0,0.7333072531494619,1
bfec92e1ec04145002c3827e2246afd1,0,0.7332044060448337,1
c92f31f36283b5e3c4b4657734ea8c16,0,0.7321080031278729,1
208ed8bf578938c97d49b3429358a424,0,0.7313388619786283,1
86187e13a3420bf45ceeddbfc7843113,0,0.7310986455222225,1
ab744045d2445f5bae53b57a4b99bfbf,0,0.7306087993488354,1
44a367e237b4ef9733b7d3c6545e1cd7,0,0.7303946641183859,1
9aa77033cbc28074b161f96cbda9b7c4,0,0.7299236365577081,1
ebb7c2cbb003311bbd7cebeaeeeff8a3,0,0.7298150793956761,1
01c289bb06354cdc7e6549570f20ada4,0,0.7297839718147973,1
e58043c5746b4d123edd5fe77ef48696,0,0.7295981145293772,1
e76f5c3699e402d57852989386ab1cc4,0,0.7292980848539071,1
6c722fdc0ca8a586dcfa980f2f1278eb,0,0.728302076451285,1
88f21f18f1c3152b023a22a0f42bdab3,0,0.7280005489290302,1
410a0462acba9ae869f84450fae8a4ea,0,0.7276454407680694,1
b1c936c1a71a46cf4b840a9851486d86,0,0.7267379579136228,1
e4b98eebb8983cade8610c0def59f705,0,0.7258742592327945,1
e7063b5898bfb640e26cb07a8c12f835,0,0.725770309606952,1
af7eddc6b6c71109b0e05f9a0f49dde2,0,0.7256236176103413,1
910ef561b28c67973b74ce21e0d252ea,0,0.7254428935435288,1
24115a0c9fc9115c586e54fd5f42e8d1,0,0.7251206162557617,1
043aee247e71edff7045664609f4d806,0,0.725116393871501,1
861e2a5848de1a3e8fa544236a8369f9,0,0.7250958421065528,1
eb28e67c4c0b83846050ddfb8a35d051,0,0.7248892779095256,1
dbc19912d7a5ce777b71178146f803f8,0,0.7244822907422407,1
1791d6a30fb776207b1dfe8b6a10bdec,0,0.7243305443194622,1
8ec5cd31c230817837925dd75bc74eed,0,0.723768237250155,1
73fa628b0fc190639f48da2667eb1381,0,0.7233654123279438,1
9407262ed391a65dd55d3e0d31866002,0,0.7225850444769422,1
3f1577ae405a1a1aad963e093b05ac6d,0,0.7217543081753733,1
d6df1c8cb71c59d9b52d828dc6d0f5b3,0,0.7216085167518397,1
c9c7f143771017a9c61af26f7291f7a5,0,0.721290929122919,1
317f563ca3576550955f39a346b15be5,0,0.7209852357590594,1
dec8632530ce2c58e688e63cbc5105e6,0,0.720670086113847,1
763fdc2fabcdf51c41c5f7c838e805bf,0,0.7204329287120091,1
68534b53b8a6f64f6ae40b5f56f1cfe2,0,0.7199877782644988,1
09d74edf20acb4f9523fb1cf19a18456,0,0.7197579858742883,1
d7484dd44acca3ca523936dd5b8f1b09,0,0.7196225837718031,1
967eb85deeab5124df2165cdada917f3,0,0.7162891936658593,1
27259fad9054fce994a70f1d117bc402,0,0.7158281966126935,1
d36a8be7c46a52c448722be4f41fca7b,0,0.7155610440081073,1
ed64cf9aa7a7028f4a7ba14dbc08de41,0,0.7145351394511024,1
c1977e8e3ea0900e70cd1dd70123d382,0,0.7144278341263578,1
164ac08c481020ea7f994bab2309b647,0,0.7127819124756692,1
5cfc9643603c095fd7ed86a50fa17887,0,0.7125663995822081,1
cbe71e4cb0b82b97bbec5cd51e0fa3ea,0,0.7124504149678892,1
b7e2b4e7e5bbfc11eb1b22e6d822926b,0,0.7124364028032165,1
f79c1eba3ebd97c75683b3ac6e333daa,0,0.7117235196383309,1
860d42fc983e6777578d4e12ac80e5e7,0,0.7111814968844852,1
35de25c73544f00e8adde226a4d1bdcc,0,0.710612298775599,1
c7f2cf5728abafd66680709316b3ecc8,0,0.7091007097076862,1
c4a5dbcdc7c33758cf5efff999c6203c,0,0.7090271430045941,1
02e9827c15167f699df7bf90d326ffdb,0,0.7089622844792044,1
b39fb81ffe4567441ce76b6f29550d04,0,0.7089597720922847,1
2dcbfb99d95c7ba6eb992a98627f45b8,0,0.7083012644808069,1
b608532e04a3070b4b31178948f5c43b,0,0.707146576000477,1
8bd9c53ae5e194fd363ed6714235e6be,0,0.706541015490067,1
87ae4c644c15d9c6b6f826dfec33b340,0,0.7061655658711701,1
9ede21088a7d7e1d9e32c210cc88268a,0,0.7058292072076329,1
b5bce336816a3b8ca6330d445f8992f5,0,0.7047924399556189,1
5ec4c90f549177a8cbbbc7419353e66a,0,0.7047813555229456,1
c9b254a82a1ab13c17407076046080ad,0,0.7045219937524341,1
805f4b6e9ce80113e9e5cfbefa9577e3,0,0.7042811474247416,1
85ed7212fe192ab02ab44c95ba87868e,0,0.7037730557031466,1
d92e065f815b20aa0535f71f00efb6a9,0,0.7035685668938408,1
b4afb55d2d38d9bbe0b83ec108c3e77e,0,0.7022347664832912,1
1d72aaec15863f7532b2dbf4a5c4247d,0,0.7021862065386139,1
e8663abca66edfe7b18d03a921637578,0,0.7002803327957899,1
17da2889e3f35318e13404eb3db8df4c,0,0.6991182667720368,1
a56d7533e35b29f5c591bf498b6cc6d1,0,0.6984793768971871,1
4224676a902730ca200b123d65797053,0,0.6978866646028093,1
75e750a6279d55f7137bb9e9bb8662cf,0,0.6978850136149938,1
35825208c1a9b2d7cccd2eee08d8cbc6,0,0.697748643728385,1
19f8fcd23ed70e29220a6a2f13ecd911,0,0.6969868233779085,1
d10582c312d1c3a03ed8ea136273c54d,0,0.6966413455996765,1
d3d6ab62e2b65c66b94b19924886f9ab,0,0.6951651639594723,1
5232e2bc3a7efa19db39982eac1fe7fe,0,0.6932762679380543,1
39ce02a045b8e7b0329984df3109957b,0,0.6930668393056542,1
7e82fd8a6c26147a8797d761fa68c497,0,0.6930105013628673,1
66ef54c4891b9c1f2c7668e9ed13d3fc,0,0.6928588739074969,1
f08d5e0d77469bca395ed24633b8f8d5,0,0.6919106176888534,1
f172c33b146e90b95ee12499eb6632cb,0,0.6914373945684581,1
26c602fff4586cb473c2c37abe87caef,0,0.6906578256767798,1
b68a98377d20140feaa17eeb61687459,0,0.6905246463109371,1
da29b8a3970adddb9ed2dc8a492065af,0,0.690165472637184,1
f84e31805a5c477596610d415106bf2a,0,0.6892224891402688,1
8da4f8884cb807a1a95dce688436b0ba,0,0.6889381997114754,1
b1a6621008f2bb41784232794e2ef0a3,0,0.688539819572422,1
50cae0a9e42137667f8b7c8f6f17ca7d,0,0.6883961008620207,1
92dcd4992a1c796d78efe76628436880,0,0.6883857725018195,1
70aa9ef908248a2ec9e03b77ce1ff357,0,0.6881393257846851,1
6d983c87bdeb0ca15734c8bdaa79a2ea,0,0.6874297645141988,1
e9523749328fe82cd18a39f8611a69b9,0,0.6873447671119773,1
0994750c9c22a140010ed86aad2d044b,0,0.6871369833939661,1
8314fd3b9d65ff21314a9b6bf7d12750,0,0.6851814272351414,1
dd6e665621eca3de5e37b072f7d50f0c,0,0.684998683474509,1
7018a5e068b8fd0912fed2d02952df23,0,0.6846372006455245,1
7ee99f5c522d01621617d63bda047019,0,0.6839319573806811,1
65ee274b862c5c053367be8a70dbc029,0,0.6837833348345886,1
508f416faa150cd3249d045d81c93399,0,0.6837442489968624,1
02a6a137ef7fe2414c9e14fc4d060790,0,0.6825711992140999,1
83bf39384884016d6218c5cee2dca7e7,0,0.6824056687293543,1
1090fe4c57ea2a018b442a61d09b3e95,0,0.6818338193706263,1
a80153762f273240190493c26154bd87,0,0.6805374562505114,1
1ce879e096d3c38f230acdab7165332e,0,0.6800003765586898,1
e208e280c8d8debab258793b0ce264ba,0,0.6799951695195029,1
a8d344109edd5d56bed40ebbc3119129,0,0.6799033863176438,1
c169c9937db997a267f749cdd64c161f,0,0.6797088484366115,1
67b96b3e28695a4bd615b5e95367ec99,0,0.6795561430427456,1
50915df398391da01c01bd5cf272f61b,0,0.6794310897601346,1
120b30bc1bcce19c45e4fa7e7cc1d1e6,0,0.6786874458696021,1
d35add94591c282fe5555e6d24be10a1,0,0.678144427040545,1
2035b89e9bda1fc115c9c305613d00ab,0,0.6780158094073775,1
67e747b902c2d5c2e5a266b00d965145,0,0.6778031247716846,1
a5e903dd1104eac0c60b4ae4f61256be,0,0.6777278152129596,1
656459445247f7175a236960ee6e849d,0,0.6774704634807718,1
695cb366a3030919b19a244401a8f017,0,0.6772250045259541,1
3baae02c3b608a48d1dfbb678fe30d3a,0,0.6762835115913957,1
04fc637963fe982dd25ac58e4f4770c1,0,0.6760332538336196,1
34fbeb535f3ba8b34bb0f919b0ad36bb,0,0.6752971201340237,1
f3bed344a908c5423cc382d893b14e2e,0,0.6750380169961377,1
176a0069ac5306a9f9618601a15e4e7f,0,0.6744721271023368,1
f6efbf2bbe37844ff909ac229cca3cad,0,0.6742202369537361,1
df17d9d852513e77b5f2de9265511a07,0,0.6740210949310894,1
c9aa0996870732db5ac17997ef1a8330,0,0.673247766627919,1
e65e6159c5cfea9bd5aa393b49b02ee6,0,0.6730573077457802,1
d8512697dee9c887444a41d7a3125ff8,0,0.6729098495273361,1
6b7c6ef4d91a0cadb24d7f1df90158fe,0,0.6728346013576575,1
9c760a39c48113c1450dd5b65958d7fa,0,0.6725775419828259,1
bf6504419e536f7c4c2461ebb0689d48,0,0.6724347424383982,1
f41497372beabe3d20481a43672ef2d7,0,0.6723400492597331,1
232007f7d8c26eb8d7daaacb46501783,0,0.6723186119506053,1
086230886f279f9160a8d29bd66dd431,0,0.6718841709169144,1
79cd4aa52496125d2b3af331e6639a4e,0,0.6718429205301747,1
c08a1a1b4aae4ec2e11ac593bf7a65df,0,0.6717186938386421,1
1db716b277f04a5bbaafaaf1ae8a94c8,0,0.6715127109470506,1
1741b0bef7ccbc530ba7287000d5f49f,0,0.6712771725838058,1
b619178eb4f697c3283943612910230a,0,0.6711340384781488,1
372c5519d40e30b96734fec213649f25,0,0.6711161799196051,1
9efc7f2a9ac5c2cf72565008f1914206,0,0.6710982316655697,1
07abcea6f64399366559afee336a7fd2,0,0.67097110452337,1
00b1066a65657ee1759544f6b61a4e2c,0,0.6702076227933168,1
d10e1d04f94eea6c40bc55ad964930f2,0,0.6701723439039898,1
55fbb64f60861980e74c4f136f304297,1,0.6700194193187556,1
9361aa5e3772dd008881e7126471406d,0,0.6699413940203164,1
9730539e3049adc2d2169bff0f508469,0,0.6695465639152833,1
f1bee02ceae8a430506b798786f766b4,0,0.6693502548913582,1
e2439c7b04c3500e7a4aa7a208e78f70,1,0.6680460153581477,1
5a85f706b2059c3cd55287e105d8d5ea,0,0.6676672298866312,1
662d88cbd178177a50141111d3a6932c,0,0.6676069009588476,1
d1e6c8c7d7221901a3ba73196f98b9c5,0,0.6673990702336544,1
fdb213bb68db1651b4aec4b85a098b53,0,0.6672980694455158,1
77ef0862b89256611f051871937c749b,0,0.6672975752077033,1
4934acb6cb4376bcd391ce359a915564,0,0.6672334872344031,1
44f64d6e24ff2d6e4361f89295f5608d,0,0.6672210816148205,1
610521350bdfb53ebd2a58cbec232651,0,0.6670404560302757,1
479f918c055f351de04937dcabb3b308,0,0.6669479502460157,1
fe86d9409d83a3c561ce16e64d2d55e6,0,0.6668103431175664,1
24764284d4d67f146daa546143e1d0d9,0,0.6664668874382036,1
9475b70c3d9add279a65672fca348944,0,0.6663009434231064,1
9f5e91d56f3c3c192a0ee7fa88de7113,0,0.6662178408494488,1
da0e31c87bf4dabf44ea70f7a990f685,0,0.6652899763882069,1
80983160f5a84682b0f41774c5e58789,0,0.6643283805617465,1
e53c8c54148520d235362a261a88573b,0,0.6643172828854839,1
b6505459b444282c05faae099f7a8ccd,0,0.6643118160776846,1
2a0c45027573d5a539ccf698c30d1f2c,0,0.6642286360871241,1
0f6371fc9c2e78818a6e7aa33022a506,0,0.66420210562659,1
ee14b494d75d6bfdfb18c3456f37ee2f,0,0.663844272007884,1
12c4dee2137f46228b93caaeb9cb1ccc,0,0.6630618386649871,1
dba63d24ca222a17945a6aeb6e6c0ef1,0,0.6630083679547671,1
bd66fae87c09684e3e5ec411b4248e15,0,0.6629638521346446,1
a48b65231305e2ea83c75cb7af34d740,0,0.662796988766341,1
9af713649e755bdd42938b78b4b2d538,0,0.661860958810701,1
ecdbc4bf2201c807294c7d8c4b777032,0,0.6618009742991295,1
19cb65cc7310ae4eef4f15bb70539d01,0,0.6614310884448491,1
b976c741872bb53d918b8a4cd1b1a2d5,0,0.6609792036406529,1
c4fe9fc8b5e1b4f9992db983d0429854,0,0.660437899429822,1
886c8a8c924043f8fa45387ddd9a16f7,0,0.6602280917678505,1
3f654376253697ad9c4458b7705d8c6e,0,0.6600268189089675,1
db7ecd3849859458fdd70064fb9afa9a,0,0.659969435377598,1
511152350c802fe363fd2417b1a09357,0,0.659745201089219,1
26f97eaf9f9daed27155eb87109df5b9,0,0.6597287992176601,1
13613cae6e3bfea8327a916246c96cc9,0,0.6596984017101688,1
a8afda311e0d5647fea7d28535e1401a,0,0.6595006489534597,1
e6f18fab493c0bdc553eafd9b66cb5f2,0,0.6586831513296728,1
a6f97488cd4b3fafd5f15aaf7ca1a545,0,0.6585426391366563,1
8039b3eb4692041e3e7a17a18dffdf84,0,0.6585272510778485,1
6e3b6d57d3e6ad68922e283f89b22290,0,0.6580701112873604,1
4ffd7cf05f22d7a320750a2f9e73f665,0,0.6580515818269257,1
3ae522de6b23a3699ef105d4c4b3b82d,0,0.6579914883679522,1
3daecf8142fdd6c03cf4825284d1bb5f,0,0.6578090534105783,1
0bc9c245cd69735af23eefdd89d74e7e,0,0.6573824810040911,1
a3c22bbd3ae5d6200ac82078b67eec2a,0,0.6573181612059007,1
fd16ef833c280c8e679d5025535a32e7,0,0.6572384242372687,1
862bcdd9344546914b93a16397a78791,0,0.6571937881752283,1
58f4bc15aa0b7c2f0eaa33d62174423a,0,0.6565418449309217,1
da796f7f3330e18ea6f35c51701f4eff,0,0.656377383484744,1
6b40de8c55519568e385cdea8f3e1cd2,0,0.6563259489681351,1
eed4189bfc1ea0c708e927cf93d63bdf,0,0.6558182142870151,1
721cd98006f87bb6fb104f620fc0979c,0,0.655562815448405,1
d184118f81a1b34717a9c76e174071b1,0,0.6555142789391453,1
7a5c5a195bebd1246775a1f452c717aa,0,0.6554181911420832,1
15ccb6cfc415dd700bbacb94559a1643,0,0.6553798306581798,1
d3581765bcf955dcf282b1642c74157c,0,0.6551160012960149,1
85d5b68b9a95c88eec23d3a96287d9c8,0,0.6549984862109282,1
1122c447b237df5c7ac5287b74f1e2b4,0,0.6549272724619051,1
43499714c9c86fb38d6233faf23570f3,0,0.6548415545490688,1
2788ace2a5c91494e3a932ecc372da91,0,0.6547030222483009,1
8bc6490faac5eb5d8698443dad129f2f,0,0.6546683801726141,1
4f011f45db425dcd3be79d4c11e9ad05,0,0.6544514713986938,1
90e6d96b9838a8f9fdc7f89fb4325ad0,0,0.6542426952599045,1
e019a4aac43a090ae332d9459b272722,0,0.6541965997619065,1
45e8e93c55a17742e7a6a17e373e6130,0,0.6540921697403861,1
e0a435b6106cae0bc42a2cef0565b622,0,0.6537200562643457,1
4f4a4c713a7892d9db23f694fc647d13,0,0.6535752297885828,1
695dee4c200e4cabdfdb01287f5fd29d,0,0.6533271809930229,1
984503860d8d8dea530666eec07de95c,0,0.6532009163033626,1
1aa85e14d63e3f290326d01b5f1b106b,0,0.6530081012352311,1
a77a6f3d98d6936e8890b7bb2de84def,0,0.6526730828030526,1
ee5beb3f3fa2de43e24d813975d5541e,0,0.6525019240508925,1
7bf5c9596fc39d41078cb46a86b23831,0,0.6522340837096376,1
f6c74b255dacb02c244fe2947c6a3620,0,0.6517548688232447,1
46958f708ade6b6a88b2e5aca1e66de5,0,0.6516954917170422,1
79b490efb74e50979f8cf36425245859,0,0.6515325644176378,1
bcfc1d8cf64a476b003cee4599f9fd11,0,0.6514633923639358,1
ea5386878274082051c5746cbc6e3087,0,0.6513094138834847,1
f874c8b9f72ba7c01305313c3f8edd9c,0,0.6510838487014808,1
2755a0daa4c02d1b3093fe97a5ee414c,0,0.6508328977601576,1
db03954a9a1cc5e71f6e0f73e81a628c,0,0.6507924237315345,1
5c65a2076c901f375b01aad3a60c7447,0,0.6507042624267394,1
dad2b9734862207818c448f17ebe99ff,0,0.6506496453198326,1
3a73ce6fc3b392e1ca609b5548418c36,0,0.6504858477862387,1
c49c236a96f8e5b983ce6467af4317b9,0,0.6504234719181775,1
e225b3c270984a8097a136089a11aea9,0,0.6503798361844665,1
552f083731f3a6cd1febdef2f0e8e44a,0,0.6502976177246431,1
1d89dac71bba7665752a6e92475eacf7,0,0.650249847856932,1
a1fadc991b897076fcd8e5fc1cd4a6ac,0,0.6497601263485334,1
6bd028da9cd084e0f486788a386c61ba,0,0.6495216331977395,1
0e3f7075209c31fb44c257041cd4f1f9,0,0.6491679493908336,1
0891e5d4e534eb8585807582fc12cc3c,0,0.6490068156297463,1
650e648ffb89b703d9af4e10cd090dbd,0,0.6487199038296241,1
cc77e2bf7a54937f23c5534a4b4742d7,0,0.6485374248547037,1
01a22e2079ea71e17313b88e5811e54a,0,0.6481562683211131,1
532cf2c292f2ff4130af5fc27adc9493,0,0.6480125971284157,1
18e26df04ebaa21cebb08d780f0ea43a,0,0.6477470802220137,1
3578707d5fbfaaad05a3862a179bf76d,0,0.6476507743124948,1
cc6d8f60f3fbaee9cebe6a6120aba36d,0,0.6474679451107958,1
ea3f9ba2162d33a56fa8ff315f2c38ce,0,0.6471645521701982,1
e89bf89e2621b5aeb4c181e69a8c6952,0,0.6470086514008517,1
23590c2eb8f2bf0c195c08ceb5f00658,0,0.6468111988571466,1
6f90ec5150be36c4475835b5941ab56f,0,0.646709540776492,1
aad88ea0262f4c77db76d3870cf28a2e,0,0.6462973122847817,1
064085bbe84f744d125397333aab88cb,0,0.6462513756739154,1
77f990b8b2cae027e436e8b74a1e7d68,0,0.6461535610154584,1
be08ef2ebaeb41941a53aa75db874099,0,0.6460410741801391,1
1647c6dc2941bd075dc5dd3448807bed,0,0.6460401206299117,1
eb391f75103bf8fed50cf125051753e7,0,0.6458283753615066,1
99d1962d736052c7b8793ba94126c377,0,0.6458222347667428,1
bebcc6c45c54364adef4a5ea694228bf,0,0.6456460751285903,1
4badd97df3e4ad6d64508b5c25d4dca9,0,0.6454607556016406,1
4f88e6285f805c9a823ba23291a65ca3,0,0.6453503491415394,1
e073b00ffe19985162bf486f0dd9507a,0,0.6451602663592593,1
f5af12033765b06b3df8faf68cae86bf,0,0.6450620402552396,1
63df651d5e8adb6a0e4baeb66a0eea37,0,0.6447164013695043,1
83c6462cf9b51c26d6102ac0c48a1100,0,0.6443705195793319,1
41348c09a551501117e31f8a4149950c,0,0.6440214640605988,1
a485ec1e4c7e21e22184f44ebddd64a4,0,0.6439286097120869,1
45cea7f7dfd0a9a136105fa700191232,0,0.6439004657243315,1
39e95c067dad5be35439bf7cf4a89dce,0,0.6436146214523838,1
aa1dd497c3d73cfa581744a3c56e2049,0,0.643606683703472,1
4ca1119b9bdb444929ab6051f92ca4b4,0,0.6435604936272546,1
192480a06cf2860791cfbc767e1b718b,0,0.6431520739175469,1
1218ebc04f3fc7d16ee3ecc27d3f7656,0,0.64301296379177,1
7e050832e2248c400621f6b22315d4bb,0,0.6430104893517364,1
163b85375071c14d070fec2d38655417,0,0.6429108378484218,1
7024c601f72720711e9bfcfb37bc0c32,0,0.6428126704069298,1
ed891ac9ea39363e127dd2e4e3875416,0,0.6427728156546542,1
97b8ceed37878640ed723315f621694e,0,0.6425685112831744,1
a9f95ad21df4d6e1649b0592a23c6bd4,0,0.642293574973998,1
032c36a3e0e337f241a5910aa6ef3077,0,0.6421711899618259,1
ef5f99fa803762d909efc117e08c4a4e,0,0.6421591123107033,1
8166ab68030fd04c8dc0de68122091ac,0,0.6416995190024907,1
1f706bf3d8588cd35fb75513b2fcd780,0,0.6415727856345698,1
4f57fc9ae18c34832d4a65e18c415625,0,0.6413734086399385,1
1e2984ef05827ff6f8aa167b5c406868,0,0.6413386090983015,1
fe42d67ea974835ff8dfca57eb3a2a5e,0,0.6413377514922591,1
d270eb25f6d487d94778d358b01c651f,0,0.6409960803704382,1
023609b602b585ea3aaffff453cd0edf,0,0.640587311188573,1
60fe2517dd348a6a19af00cdec0d1efb,0,0.6404120802416587,1
a69d31a5f6011df99d415808d6d640b9,0,0.6392208693837259,1
f41aff28fb2e2bc57786226f35582408,0,0.6391918427982307,1
418ae70ffa5a03b8b053ee362b8e7014,0,0.6388742372884656,1
e17389eea4d3cbca4b20b0b6ee23734d,0,0.6384554541210634,1
c0b34be03e16c03ae344ada47dfd78a5,0,0.6382246450751212,1
da8198ea45b815ac5588df1dc7f66661,0,0.6381051813817036,1
ef017455ae2472c9e8779ddeb0df4d6a,0,0.638039040334043,1
17b02657b33d70c10696d941d13080ad,0,0.6378521173501834,1
d9e6c750121d4d84ba6f2cdc6cc80008,0,0.6375335300986449,1
39d28c99c5382bfc238c047203595443,0,0.6374733177323687,1
9d2b062dc07734a1d7053478a7e83280,0,0.6373856391690133,1
49c5ef1f262be01b80383cd169a74cc2,0,0.6372984379038349,1
cc26b180f3d459a146ec58f522a14d94,0,0.6372791934748493,1
2627b721fd62cdea6685bd8da7502ff0,0,0.6370986682419493,1
e35c63c8d0151482f0b9d4743c678aa9,0,0.6369866666109538,1
e358471bd050ef4e6fe1bd1196e16e4d,0,0.6365377103289396,1
2e8451f99c0515636908ff1f6ba45449,0,0.6364324271600026,1
9952c3ccc4352779b44e99bbc8e8af5f,0,0.6358180524399601,1
0d27736889ec9fe9aee055fd301ae784,0,0.6357925394765009,1
46b6d9653c0fb61306bad487957fe0b5,0,0.6356213629059606,1
63cbeb72263230e278b241225c20d36f,0,0.6351202297986382,1
08edcb06d9d590d95f221c03b6ae3832,0,0.6349726970550478,1
ba7674c3d15d5a0b9fa46c862925efd5,0,0.6348191531770908,1
f39b62573b5f639fa59972191980b9ec,0,0.6347611644733064,1
b65e1b1d5e469f9f39446671399ba1d7,0,0.6347502067030589,1
ddb2249e0316d365ceae561c0f011bce,0,0.6341168401855484,1
9910e92c18776a14048773cef6592b91,0,0.6338082945613518,1
9907b05bea16fa69340d1baee4a9fa13,0,0.6337169203728351,1
75a2adfe9f86d401f24b5fe2eb9a582c,0,0.6334806656786242,1
15e7db1a91796057bc202d9ac3495df0,0,0.6333992679266905,1
efb8ed6fa72c7c97805c9b6b9592d3b0,0,0.6332728833269267,1
ea4dce18a6994b1e69f0bc8093cfe869,0,0.6332048339571316,1
a38640e92b9b5084cad12f3f3b200a83,0,0.6327406720763387,1
879ee1f90476a2fad74aec4f9c9961b3,0,0.6325904269081881,1
ba57a73ff451ba7ac3a068c774818595,0,0.6321719491248595,1
6cbfcc29787035834a40a46f5898436a,0,0.6314693061057096,1
b40ad1394b91ed65166749e0defb0c71,0,0.6313239624748673,1
58e51c87c3ec742b03d5cee5e49dd664,0,0.6305287597159362,1
2cb966b13bda674a78859d834f319e3b,0,0.6301814872136566,1
4d2a058cead19bc1e7b3580be5893b2b,0,0.6300768526780187,1
3af5f7534be6d2d2d81562ee1dc98af2,0,0.6299292039972177,1
adb6aadaed41fbc09826834e0357ee22,0,0.6295574074296583,1
885bde6cd101f111ebd417241a95230a,0,0.6294114186105498,1
1d3e756d12649ccfe5a47a02628baec3,0,0.6293177782025657,1
2923157e1b4a0c4d19d69099d14a6bf3,0,0.629063945055712,1
934d7e7b5aec6b485caa9f0bb98ebd48,0,0.6290153942646767,1
7ebd452b586a9c80f3b3f02ad10b0fbb,0,0.6288108771929899,1
9f37b1215df84eae065524290b66cba6,0,0.6287873640109667,1
2534aafcae446257e91626269b9e185e,0,0.6287738449207065,1
1d7762ea2b16037b70804841d539021e,0,0.6285209124105866,1
f2f2b7736b9efe4f574aa8a0e4dd2f7e,0,0.6283942496583171,1
3797de5ad80619a55a3c0a8a034f5ae6,0,0.6282794448040322,1
d0de17c56ac20d05476bf53e07c466dc,0,0.6282682964313732,1
4329781165a441a91f38a4c583cf5131,0,0.6282449424578588,1
4dd8d206e8dd7c0683c08529df9b12a2,0,0.6281729885476162,1
0be7af6c16fbca7eff244788f89146a3,0,0.628152631922487,1
3b8cbc441bc04e834b9c94e28d59ee8d,0,0.6277116972678387,1
edf9dfae35a6aeed9098886e41fdd2a0,0,0.627502416331505,1
946716dcaf2e98bfc86bf248a90bb43b,0,0.6274111089131801,1
9d8130e675ce6c1f24cd519444f7642b,0,0.6271659106703287,1
c17eeb0c7f906a4384f5c08df6abe92a,0,0.6271187880971905,1
5f84bc5493b64eacb5885015400870dd,0,0.6270102732634294,1
8b267f9f3cbcd987f5e3022b3d4f1c26,0,0.6267441136051156,1
9d841a91b5b7d1451157dbc8cd94ae8e,0,0.6267273529812821,1
2e105d2fd20b0e0c85f4ccc9b0acdd94,0,0.6265666927816256,1
3aa71d539bb760f054b280604391602a,0,0.6261585457966231,1
733858a1e2e63a8b9e193428dc5aae57,0,0.6259656545004724,1
581ff652dc6e002c21a4dfe6a4eca91b,0,0.6259637876108404,1
928abb7e0e74f50a0b0136df20196cd1,0,0.6259052985443164,1
d7140656936a641754fbd42e1d4efbbf,0,0.6257448569155548,1
aa158429a498b4afb75488e56032f193,0,0.6257204943484856,1
78791713501b5a7de9d65ff42dcdb016,0,0.6256528800559922,1
aaebb8c7afcdabf86258d26301d4ee06,0,0.625639049129062,1
527c6fbbe85cdf78ff1645e0a71e266f,0,0.6253979898756779,1
2a3f4536e732a04cfad59b6e50c2e925,0,0.6253210466072936,1
891618c12f88105f45643bcefe8e917f,0,0.6251230549485793,1
28432af34e1b2a04d7f5318a3f64a71a,0,0.6250551294921202,1
24bc45b93041e78e892e0f0fd92104d4,0,0.6247256509864437,1
8555a17ba20435f173a230c3ced133fd,0,0.6246915528623742,1
aa24ca14216f7cf7d2b319932297a0e1,0,0.6245511406591371,1
c902f3ef39179b58e803da196af3467a,0,0.6244438853455467,1
d2a21549bd13dfc5f3a8ff1c01e0b0eb,0,0.6243346994334943,1
c8fc84ef3684a5754030bfdca0caf269,0,0.6243195135652647,1
9a60784678a900f0bf537e3b9bd9f736,0,0.6241928926886856,1
a3a988b211e387fba3be6fdd9b3b23be,0,0.6241602064476147,1
eb51871bb18a99294b2130d3976cc706,0,0.6240309734403063,1
1a73a85589f553d255cc0ad4545c588a,0,0.6240275424803322,1
2b0ec5be93d9a246a559208acfc25cdd,0,0.623989484124277,1
59de4e1345cf717bc1b05757f8ff2c6e,0,0.6230130349234716,1
58527ce16a6e4997c8ee4ee2b2b58fb1,0,0.6229666543750334,1
139e9b262197482cdb63564b4c8ef115,0,0.6227303256103113,1
81fcb1b3fcc6236b3ea0f8a4683cd1d1,0,0.6226898050417061,1
d58a6b58d3932e79b2638b2963198817,0,0.6226635290531428,1
87a7c3090f96d9da963125a0d7f8193a,0,0.6225897564458723,1
12b62a8d3c4911b9a80b935037842fc0,0,0.622582971342591,1
e1aee958411b38ccf9fe3b9334dfedb6,0,0.6225723891072634,1
6a5756679a2fc23ea8f3d34d255eaeb5,0,0.6225522590986037,1
9bf8115570e9625107dd9705f6941f3a,0,0.6224062778149525,1
4a22fa2d2effd55c66390f433ae3d510,0,0.6222074675582255,1
17c7da60a0690728119612a54035452d,0,0.622049490481891,1
b2dd2bc898158bf01f6561e9cc8a6b39,0,0.6217204429615557,1
715e295d8e0bf31c06df39a9b01c25e2,0,0.6215651227043635,1
fe613188d4d20ea3e3dc1290549c3ad1,0,0.6214835307042645,1
52fcc54bbe15052e49523e7716f04dc3,0,0.6214437528041344,1
5bad02ee81a2002eb3b5b84d32bfc15f,0,0.6212831042400561,1
07a839176fcbeff000727aa6db6753f9,0,0.6210994457676904,1
178393e51b3aa48645d806d72c5ef47a,0,0.6210954476115441,1
2c7a802e0d32ce5642dd15228e54a475,0,0.6210197980629204,1
02fdf47b3bd661072bb00a5aab1853dc,0,0.6208034462725535,1
f0f25e4076f56c818856f368f7928ae7,0,0.6207987239559495,1
63f03d1fe1363c8d910910529297a56b,0,0.6207142816785753,1
076b35e139e2e3de142e4d424d1cfb27,0,0.6203410891541078,1
3a4061148f13c4e70eb7f6047a8b01a2,0,0.6202364343973314,1
7c2461a0fb5ae045b31c2c32e4e102df,0,0.6201231226090173,1
0cd9db48a316e0dec783953edc621f44,0,0.6199996922634088,1
43c73f9043398f0dd2163fc5f825e61a,0,0.6198007723293655,1
1b86bd501d916b3c67a5dbfe7f49af47,0,0.6197336962437185,1
9abba9caa203cd4344b8c918d6ade26e,0,0.6193998439594336,1
86eeac369ea14ddf7a454a0ce003e5c6,0,0.6192776922001217,1
a3cc13aa0023dd6db1e83860494a1444,0,0.619265684581005,1
dea94e379cc27b09a8b66b007ec34fbf,0,0.6191736750363038,1
f2479bf60c965e93b1e4fbc7bb4fa0eb,0,0.6191004575518626,1
15bc17a24fe18da7be93a48546fcadab,0,0.6190804808838438,1
be5265d8f173d7f8538dfb483e97e50c,0,0.618823195981941,1
4a64e946d6867537f422531feec7d966,0,0.6188155502461619,1
233bced31686284a380870eb2761109f,0,0.6187609042651939,1
20420aca195b9dddfa51c5b1637d7a90,0,0.6186565353907999,1
a38b86dce31f7c014a0c958b548f6a64,0,0.6182986994436711,1
38f700a297fe5d479187e8df810e5f66,0,0.6182896378128511,1
e577a8f036a8df8c07c6444187f110dc,0,0.6182823200369008,1
2f2ab1b5055acca714e38c613a4f2763,0,0.6180405616797058,1
1477c54a1abe3610e3e9ab411801cecb,0,0.6180200420807845,1
01835b7ef446c78d0c37077894aa068d,0,0.6179379288180549,1
bf448042b40749d8b95fe00c08a9b5cb,0,0.6176879775928439,1
2d0aa39055b967248bf551e220b55f59,0,0.6175219607467101,1
2def482b659aae2e2620d4c3abc81bc3,0,0.6172858287609603,1
d3857f98166ef23ca95d44cbe9b1828c,0,0.6171659620517383,1
c37cc6c1a59d81460a3059744f7ada1c,1,0.6170547419645178,1
a638973b93de612bf38218b2e8636eb8,0,0.6167740485432849,1
929b8bad532f969fc414b7831ff3360d,0,0.6165220663228926,1
64f5a38418a5ccbcda243de650bb8346,0,0.6164589214814731,1
4795fb1b0d025528a80e2e9ed5b35a85,0,0.6162702229135569,1
7f61eced85edf4c04ed04e441ba02cae,0,0.6159095756946353,1
4c0bac678bfb8ff0becd5b393b45a884,0,0.615746426564484,1
0c5050e6fae6d2ff63600d19670a5627,0,0.6157430028331775,1
66996378f67378346454530b8affe13d,0,0.6156756745050335,1
9a8b7a30b4598a9714ba770d034a3d89,0,0.6156110461819445,1
98e724d438a472dd271a3d0e5df0ca4f,0,0.6156060304064449,1
d3dac8825eb9bff1e41c59552aadeeed,0,0.6152867953536935,1
17f90e61c7a2989f471041837a075e5c,0,0.615266369471816,1
89e570dfc41cf1131fa292bae78f727b,0,0.6149962863693688,1
13fe2bd5cd6f09642f395ae04faa6b66,0,0.6147684303620539,1
e0544bdce06fae70d2fb0ff8aeb9cfa5,0,0.6144751736963215,1
b17ed96ffdf66518b4cf65e328298e7b,0,0.6142918635544068,1
a0bebbf4bd719425ed6c754e487e3ce9,0,0.6142228401797944,1
90e28a883386c71de943515d91f72a39,0,0.614045075320308,1
d29019c6fe58343d55caeb6f76ae2278,0,0.6139209899690506,1
150a2fc71a1324ebdf6b8ba3b8a2f884,0,0.6136939850213686,1
aa819ffd42a7a52ddfaee53f024fafdd,0,0.613542909889912,1
3a14902fe49e78ba34c126ecda8593c5,0,0.6133962071051544,1
1c54b236f385dc54ef0214afa0d77ad7,0,0.6133926236149208,1
e502c11df3dde21bf56832b1f055934e,0,0.6132130092150089,1
70256a0c13a167523056315eb228e4b8,0,0.6131723247060173,1
44376d16576752e512a9426eff26c1ed,0,0.6131225712921442,1
aba50a72a3cf5de33e66ca1f9a2231d0,0,0.6130664986190082,1
1c31e9e0651dcb9bb941ff68c87365ee,0,0.6130337903105646,1
3a0baddeed2fe921706889c52ac676e8,0,0.6129802408466515,1
793c14202ef7966472e9246fd83b0ae8,0,0.6128663641901171,1
9c3a23565ded3e71fc8979579e8f091c,0,0.6128483109514395,1
94ab38525c16d9d5ce977b3fe3405ab8,0,0.6117876944124825,1
452f1884976969dbb2b14d0cdd99044c,0,0.6117744859479206,1
8660f98f7e1f51da6cf89794f066dffe,0,0.6117105169129947,1
e575520c007995cd9b25bc3bf4786df0,0,0.6113356653875369,1
fb2fc2958b9ffd551e323f51b9f10fd7,0,0.6111768577569454,1
8ac0c45f8e89a3d25738b3700ee9e132,0,0.6110970393559138,1
05040c74e2cd51e7d6fd425b5c94a37f,0,0.6109896797547929,1
46b6f86151641812862e77e5ba6a9501,0,0.6109104589220447,1
484ebf9e88a9ea286cba257eca428310,0,0.6108896937121047,1
e594376022f606d1006b1bf7c93cf258,0,0.6103542510860754,1
c983428690eb51af49b9481d2640f262,0,0.6097934338308978,1
72164f83f0db7697ee731b8132bccb16,0,0.6096754628672777,1
a6b40a99291a67fecea4485e66957acb,0,0.6096066166257537,1
1fa03c95aad1b3bcadf47ccfda4cf160,0,0.609571967976349,1
f982853f2882760f3a52e7bdfabb1080,1,0.6093682580026292,1
27517ed34c0406fe07b3a806e33cbc10,0,0.6093540278058007,1
f0ffd8c6cc5ee310933c1b109c3e69f2,0,0.6092407830391499,1
595097e7597ebef5491032c439b1d64e,0,0.609145564924102,1
231df0e1c76273482dae9ce4f88ca08b,0,0.6089880062414106,1
aeb672c5ac0e66719da29675a8c20dc9,0,0.6089461735904631,1
62d04de212af0333758cfb1a2d98dad0,0,0.6089139643219298,1
d4cfcbffecd24af269cf47885448de53,0,0.6087070281366586,1
42912d3b8d053263270299ad59af16af,0,0.6085537917842608,1
56e80e4b4a777631c5399e3fd0d6ee85,0,0.6082232984211804,1
917d32872d3c7bbe96ed074c67c30f28,0,0.6079037313912752,1
f6fabad7c6a8cd11bd0619634456e2c7,0,0.6077676108261643,1
7ffb203f52eca80e4b0c77a6b7cd38f3,0,0.6076494895295055,1
2ffb7a06b085e1816d81d1567c221127,0,0.6075113642410567,1
81a96b47f96e1cc76061352ad42b0fc4,0,0.6074840219425546,1
4b9729eb2124c528cdd6384a9e989d86,0,0.6073554904931554,1
d4b0546eafc45b6b4880a54583880931,0,0.6071295051546467,1
6830a0b9797ee90e858640d63df1f598,0,0.6070401992261102,1
96caa408e9ca13ba035233f9ad9fd15f,0,0.6064560932380263,1
846e4612bebdefeb3a65aa63fee59e3a,0,0.606381044772358,1
d3741290a08daa355b2f64eb833129d8,0,0.6062664373921105,1
3884effb73a5df3aa3d6c4b458e55dbd,0,0.6062568678094248,1
dbb8985cba830b580df7d14ef6a5d548,0,0.606187297164814,1
058aa00e0e9f4f0a2febfce3725d71c1,0,0.6061247062976467,1
2445ba0a1c56ba4a3d4e202dc471aacc,0,0.6060199077538219,1
f4071eb3da7aa67ff2edfc92b5107738,0,0.6059893697666099,1
4b8b7bf8d90bd492c7a61ec3ce264a0a,0,0.6057811630398755,1
b44c3e3d672e8d4fa98b45abb3c38d66,0,0.6056642388144287,1
b3dc8eaa25a1212037fae667340f20e5,0,0.6056185188008929,1
2ed58d0567a2839599b85957ee02bca9,0,0.6056181786211785,1
c2f7ac13c2e0937f956659002e5d5783,0,0.6054695590315847,1
c3acc90196232a67b4d46d5a481f256c,0,0.6054605556979517,1
22b05429f5f6165b033dd8ee7cee1150,0,0.6051922875434038,1
d06f106a141c540ca3b3cc0a3a8bba39,0,0.6051586197502213,1
7d61d43aab9091b002e8d1059c9b6140,0,0.6050378644597983,1
1b9270d67df932d478fb86dddde13d1b,0,0.6048788908933599,1
63ee13860202f30402703a30e9871633,0,0.6047885855752709,1
2c0f65d49baaf35f24f35cf1446a353a,0,0.6047751144107443,1
ff53fe20cbecc9fe366dbd7096f747ef,0,0.6047299738602334,1
a5ba329297100ea689fa263768b35b8b,0,0.6044894395330084,1
28a1eefd99d5c12b18c9e601df9e811f,0,0.6043927970451829,1
5b40b6d003822b8ff229a910784fe4e5,0,0.6040509731478408,1
c957b57bcaff0ed3a494d95c865de4a1,0,0.6040059224223836,1
030b3bb8818a752ca223944036bad5d7,0,0.6038867413423048,1
dd0c3f3af94f2d203f2ee8baed6eec66,0,0.6035713694309865,1
645d7e0681651d0dbd0d183afb5c68b4,0,0.6034542817953157,1
533a17479e9f1cbe8d564a3c7673ad32,0,0.6032247445304029,1
5fbf0be1301bc6bbd95ee93d947a51c6,0,0.6031615869687778,1
2947c03745112e23dced5a2ab3f8c568,0,0.6030141189770166,1
7e4ecd0fe41e1c98597eaedf447e2347,0,0.6027387968685867,1
810cf5b177844477a5df3a8e9d0c25a8,0,0.6027130223610533,1
f17b7c86a8eaa3ed4056e4dff553490a,0,0.6027082639495366,1
e61991d309c25313ecd4736baca5d0d0,0,0.6026101169005366,1
a757d6fab4dc255079371d4673dcfac7,0,0.6025939781301436,1
8d0e0879191d761df1fde63cd721065d,0,0.6025774292970029,1
6997203fd4a74d9a77873d482b8004b6,0,0.6025654518288637,1
4766b3e7d21432b89cf0bec7e206d013,0,0.6025416082995474,1
05669445931c028d97b7c0637b5a2359,0,0.6023824171082354,1
f2f850bf414ea87b12ddcd13a910bd68,0,0.6021856952667896,1
8070db3b8885dcc18e798b4ab9da2050,0,0.6021464195529593,1
25b26761ba75a1472ff2c36d3b17b5b8,0,0.6020646433540952,1
d88ab33b7eb886fea1b8ff195c9a9781,0,0.6016965508714907,1
da57d50d6b9efdd598b3a52ea8a7b850,0,0.601623269896416,1
97354adbd0f6a51d9c26ba45f72e5374,0,0.6014599570442577,1
f37bd405972a0229ec900f3743f5bca6,0,0.6011249763160893,1
82da75145ef6670c4f592dac3742fcc3,0,0.6009843948069641,1
fa87e5558d2010f19641ca49363d5a1a,0,0.6009069306252995,1
0847a0328c498e8a666a28bd6e328425,0,0.600773349152487,1
e7f05599a82aa0ff9745e92f4b9a9188,0,0.6006915389455764,1
279856ee4305e463a7969d1ad13f657c,0,0.6006294727965318,1
36960608076d6103c6f3a513b5123884,0,0.6006281574939115,1
32326030f94a88d5f606830e9f528349,0,0.6004721472311174,1
e4c86e662d2175b91ad7c9615024b408,0,0.6003257892881508,1
302f6c3eea8eb8ee3a365720c5593d3a,0,0.6002349512588582,1
9e4159995424971423b98c4a8bc11529,0,0.6001887142219656,1
e38899093626d900aedfa09795aba7a2,0,0.6001776870847328,1
23d79f5efab47bee80aee4e351829b74,0,0.6000882594939451,1
0145fc4d376df22449756022b9ccb472,0,0.5999707993031363,1
679ee605676aad8fb86e1a30c19a9486,0,0.5998617256658636,1
eb497e4dc1752362bc0d1fd1fa0f7a65,0,0.5996686493556964,1
67ef79c4785a569d7ab5511473b019ca,0,0.5996257706144249,1
a35068958ae8c346aaf117b763850f0f,0,0.5995839922430193,1
c50d86a5e5f72589a945939e5eb10e11,0,0.5995743660360622,1
efd341ec24b95f7c263d7b6ea93bedb3,0,0.5994514299110575,1
444afd392665f1cc1f3b65ec48063735,0,0.5992525217994001,1
7f1c95d3218de30f64810a9cee62b2a5,0,0.5992458222008255,1
a2e3c9003effbb796cfab5a0f9715493,0,0.5991957911717745,1
ffd6f65402f2bc47238ecd2bdc93e0d4,0,0.5991315256052323,1
903e244773d10d2ef9cba4a679253ae4,0,0.598936058180832,1
2146649db392a52cd27028baa62a3a63,0,0.5989291397030204,1
a4833859eea9655b25da7fdb1c55e946,0,0.5987284379458352,1
0880a12c3591cb1e3f6f23567adae7c1,0,0.5987198290406289,1
7f4adf7903f4d02c527585c4d0f65c2e,0,0.5986405268535806,1
68652e69a77dec3f573ef0135541f6b5,0,0.5985244971532228,1
b13d1106e939f7214d6dbe3dd5776eaa,0,0.5984808016680658,1
158172279ca3f33e15b8412116151ded,0,0.5983128911019943,1
55094b4209466f0537cc52a4e3481639,0,0.5978079192997983,1
ce43cf7952256dc47c836ce3e8117331,0,0.5978043698060777,1
2ac6f6d09c75bb721defa2eb7a4f52a1,0,0.5975275198467005,1
712c4abfd9b054e7872aad2021a4aee3,0,0.5973998436441789,1
341dbbe37f4618d70d8476916133e7a7,0,0.5972424379293321,1
ad9c8268256949e282ab1c6bfa68526b,0,0.5969730129486314,1
bef83ea220f4c7096b391b90323f44dc,0,0.596800565425508,1
83becb81c1eece4f3d1f7898a775509e,0,0.5966971048022465,1
b0fbe1e52a511625dd5b83cc1cf3bdbc,0,0.596651745597842,1
71dfee60073c9dbc0a3b7d56f5bfe891,0,0.5966055238627606,1
3ba7cb9b6427a76c5ba071721dc7d8f2,0,0.5964366936331433,1
2e11f26892b958dcfdeba34033228e43,0,0.59638419065788,1
3abf2523709d41f3b0138931a1b7c0cc,0,0.596382205120892,1
31dfbc935e91c88c9670960adc969234,0,0.5962916847935672,1
4b599442ff4a54a2bd46ec60a441afd5,0,0.5962679425415599,1
88681f489d04722ee4e7a638caefc10d,0,0.596210269273084,1
0e89380610546ea4278427f16f0412e3,0,0.5961374482000362,1
43a1e77261b73a1f6f821295cc66e26e,0,0.5961319068857478,1
6bf54a50e054936db2242d9ce4d51783,0,0.5961307246539584,1
1a71d9467086fb020a3699ab74ae24b1,0,0.5960821808663275,1
eb768d44c5a85708ec21f26bee1d50ac,0,0.5960279484054174,1
e1b31e3185fb77c15504d0645a7160d5,0,0.595981183666251,1
b986b28a12282612297a578e8d0536ef,0,0.5958471211902076,1
515dae4626f9c7b5e4c56ef3b4e868a2,0,0.5957870478533639,1
b2c805d1fa2476f094b4177744ac6491,0,0.595590697459673,1
296abfdab73db3e8b962ba5c4389475f,0,0.5955611753995298,1
fb6f67a96176030dbd8f1147afed40b4,0,0.5955588351596456,1
6af43ca3beaea9ef95963a93c3da398c,0,0.5955125036405342,1
4edee17e45aafdf0c87af0d5501ad974,0,0.59545380761285,1
69773615cfc64f54d36fbe95621b2590,0,0.5952746323725848,1
532155a7e1214ecd05d6c445e3354bc2,0,0.595214231870301,1
058199325498b546a39e5652a04dbbcc,0,0.5951030277228887,1
06a52782a04f0086d16b9c22d0e29438,0,0.595017211133682,1
bec53458d5c4015a972c2cebaab5586d,0,0.5950056223945754,1
ff60ab8b394052bf2dae9fc5dba4c70e,0,0.594903157791507,1
c1dc1162de49817a25314db3030276f5,0,0.5947771669804373,1
483921f4add6c14877a38acf62151e5d,0,0.594737861957336,1
ae8482b27b2119e2c3278f5ddf9c1024,0,0.5947142634772259,1
4effbb87c482bdb4d034743c63a96a34,0,0.59465960263228,1
0a510d783e7645bb4b031113c62e2064,0,0.5946573249632398,1
68baebb3102cf89a3f2979019e77fb54,0,0.5944801853223013,1
e619ed52c7b30be9d83d970795c630a0,0,0.5944659214462951,1
cc9e620e6696dce1f29a24c07a0ab5e3,0,0.5943439408879756,1
077294e9b1effc4dcb52e84ca5a713e1,0,0.5942739421689184,1
d535471db72095137da93810c98af688,0,0.5942737965477715,1
9b4df2b5ac16a3e91f6aaded89eaf356,0,0.5942719250241124,1
53b04b58196d2bbac540a4faa5038406,0,0.5941547469449122,1
440678e8d565a7d5ddf192711617cf50,0,0.5941518704220169,1
d331e78cfc0e5be8117840ab9e6fb91d,0,0.5940941182687409,1
d4279ee1fa2bf086de5b8de6c0ede158,0,0.5940137377080773,1
1d7c91324dd03110a1b945561683043e,0,0.5939196408433038,1
e5b6fb6c5e7e4adc25a5e400c0104508,0,0.5936812917769347,1
5a6cd8797286a15f0bf2fb97f024781c,0,0.5935769008504183,1
2adedf87bb253342f754153b4d145eca,0,0.5935386798067609,1
170f73c3d7e5b15778aa114625ef0e8e,0,0.5935017980998621,1
6e62ba22142e89bac4cbe4224bbb9401,0,0.5934327140860697,1
48ee1f8dede3cc1ace87b5e3aa3fd20d,0,0.593428801548568,1
37e8c278fd5ca5216496a51f5ffac7d7,0,0.5933210355299571,1
fc2b5f19f2fea59761bf4961bc83ada6,0,0.5932839792895375,1
87294fce1514370610fffed59eae5e97,0,0.5932529163262492,1
1db6862cce82fb8c96d4ce9e0fac97b3,0,0.5931657101982684,1
cbca214c0b5bd4514b510dd492a2e7d3,0,0.5931205183069624,1
7ff16ad2e795bbfc09bd07c19f45712a,0,0.5930369924694874,1
490abb6b5a1ea7d0bc6a062b89413ab6,0,0.5930024286622086,1
b18eec6c58aa40e32ca8dd522ec8ef3e,0,0.5929635109068658,1
5f095bae3dcbd3ca1a3467e92d926207,0,0.5929052927620027,1
a954d989f268b18a098b7bc8dda45605,0,0.592667865596245,1
9dbdb1a0d0f8d0826e4f68ace523b980,0,0.5926472253500206,1
2e8d63c85a0d45c8b37a87809609cdf1,0,0.5925816288777498,1
5ab9552cd6c3162201301a5bf90e5466,0,0.5924864089718602,1
e6222ff3bef8e991d25a3477d3f8162b,0,0.592469683275545,1
860e03dfcd52d97874c1748d8ab29b4d,0,0.5923887913851476,1
2e1f94c41e4eb045becefe63ea5e426e,0,0.592384381307306,1
eab4e55c2672ded9897bbcf39a7f162b,0,0.5922890182422731,1
3a57faa672c7755b29694a9feffcc5fa,0,0.5922185370117413,1
b0544deca1ad01a5e0f71db95378697f,0,0.5922076977217499,1
6a9df708d47e061c4c4c8d955a93cb81,0,0.5922060031000899,1
da5db265e788276b465d4c5cac2b0021,0,0.592189721729853,1
df486f450c1381f138211159ea8c650b,0,0.5921147521882325,1
b786491982d80aee4c220f5b9b9c768b,0,0.5920939254894,1
2d2dff303a27fadc670dd6434d524afa,0,0.5920657515924316,1
2b1198e69c118dfb09cf6ec52614b9ef,0,0.5919076490396217,1
45444a613794a79463b02b62ad6fdb44,0,0.5918953075696352,1
10b7ec8d59e18192862f78be58cd3458,0,0.5916741641532626,1
70346eba8d0d4fa1ea13ce9b066ad60e,0,0.5916545027898698,1
bf1fa3f5c3bb2ded620844743e4dd153,0,0.5916480609907295,1
4f928a6270233d6c7c4e73919fa12295,0,0.5916259286288589,1
9655b8c752db36de445c5896def6225c,0,0.5915711446862544,1
50ce48286901a5caa70471ce58cab6f5,0,0.5914818288751171,1
629fb99609e4613c746af4eaa455c91a,0,0.5913396189682133,1
5616f75d22507069b5383854a1d8c414,0,0.5912433925800449,1
913f8552bc5e548a50dcc9459ca8c709,0,0.59118080916617,1
6ff62b85b8dd35a3402d54618bdafec6,0,0.5910140761974743,1
8bd6718a652a1d6268f75df92b84e401,0,0.5910062077605409,1
9f5b78334246addf67c6b0545bc7dd2b,0,0.5909427793324036,1
a437e42f784a39406852ce706b09ffb2,0,0.5909393110771374,1
426fe5ac8fe33148bc4fe8a9b96fd0c6,0,0.5908770309437692,1
b4a54ad19149ba21e0ac72f81a84865d,0,0.5907634395147094,1
9b47daa25f7c605afe9f72de1da1c3fb,0,0.5907310451180604,1
4b1d6757fbad7cc721dc384757e2433a,0,0.5905799134219859,1
6b5dd2033f26d4c109f3ba9128b6f7c7,0,0.5905296056958509,1
45391b7227315d0e4a045f2074eb27c4,0,0.5905232982120561,1
65159bd53c56f51cb40445c65a59507b,0,0.5905031318074622,1
a9312d3f089577687589a60c7955baa5,0,0.5904441316895146,1
de8dd69c426a3d33c1f14c15ad8a2969,0,0.5904261296402585,1
d262a1a1abd12ead162803a7a3b00a2c,0,0.5904132592695017,1
f754725dc3ae7829e913f88cbf2177c8,0,0.5904004952700644,1
1979f6ce9ea4120e26ffec8b5d463a43,0,0.5903728116750208,1
5c81b3f2ec597733ddbbbf183d58c844,0,0.5903716794401387,1
50f9eb27174dda04db16bb6395012a04,0,0.5903588754942898,1
d3da27895f493c450604f7380547c7f4,0,0.5902497204661153,1
a601294fe5eeb1f05f93b1a11bdd01cd,0,0.5901743645147861,1
cad384bdef73691346b5e3ebfd1815bf,0,0.5901467171824203,1
1ad4dbc30056b9ffd37400b026e5bd5b,0,0.5901362230197303,1
6f37023eb079b6afd92cf27c6d1abc0d,0,0.5901125992646147,1
75c2ff86f31dd85d083d46c3d50b9934,0,0.5900327895603321,1
ddea5f5a11752a22ba17511ee2db2685,0,0.5899853519488109,1
caf239683606ccfa6c38c3b5280b25c8,0,0.5898779875585091,1
0a1ef8cfbe5dfd9f9346d3a69b0b6115,0,0.5897158806679088,1
c22e1148626ec92ec21016a22b325725,0,0.5894749313795236,1
0ca2dd6263ac4642f232281adbdb0a86,0,0.5893815810187893,1
5e5a11984e21d9a4d1d09efbfcdf6031,0,0.5893722570575177,1
09e2211ebded7c99b9b8b091ba29b069,0,0.5893578661259417,1
5c5a99e5ef172fbf5fc8a68e6bb2e0ab,0,0.589225981387396,1
117ef2545470f2d94a9caacbe2120347,0,0.58920868663636,1
913ddeee4c2d903a3525ada5e273861d,0,0.5891699696116951,1
75f164b168b06c08f3af629d37bbc647,0,0.5890864443943253,1
8aedf194847a3675929c24576ddc0c2c,0,0.5890854511227596,1
fc950f115f4c4b16240329dbb014d4f5,0,0.5890078863677051,1
4b5ca0a612c33fa2c9a38f92a3394729,0,0.5889023622365401,1
fd47af963b760f05fbc357474509905e,0,0.5888720934955551,1
5dfae2c8e479184adc19a12274a345ad,0,0.5884784198708527,1
affea8e2de038d2f1f4e8875a265c83d,0,0.5883622087295962,1
18492e62ff399a6263616b7b9181dd45,0,0.5883445325637278,1
706cdc310c7f626d1d2bc95c396202e5,0,0.5883338128016055,1
f34d0bbee4bd3a113e3ea6a290277270,0,0.5882883631685261,1
aa3d117e569361959283b1e267bb785d,0,0.5882792867846923,1
e257df1b80dca9f8a867b601ad79f859,0,0.5882738489704687,1
655f4a4ee67eb11e1c2015ce03235c91,0,0.5882541524314243,1
c65b063059376146a029cc02d2d4df6f,0,0.5882502620512758,1
428217fb568fc1287fe5dbf9bc49ff65,0,0.5881937304948226,1
59902a45d295c1ee302ef5ddf6acced6,0,0.5881770834907696,1
83935d750c83951d7d0211a3c60e78fd,0,0.5880658862336193,1
379b077e3aef2c67cbdf14468a14249a,0,0.5880508732911449,1
8f257a3fa12c0873312984301ef06d05,0,0.5880216823023283,1
46df035936a01945ecb6227ee2f55215,0,0.5878883111048185,1
455021c1d511b64eab0b98e017b258d0,0,0.5877924490558948,1
56dd71743d522ff3e993fd5ece9840f9,0,0.5876556187993469,1
9f3fb2840d6c4b6387da0f826ffbc4bd,0,0.5876335250971868,1
b133555b30eb52da3d5ae7caf81cd97a,0,0.5875668976890934,1
9533ce91d1190c076a4a1cf4ffd0f7fc,0,0.5875256561699764,1
9db736f5dfadeaaffc980162da2c3a3e,0,0.5875239525669387,1
37315219c68764dfe5e46f9074ddf8df,0,0.5875037689207716,1
9290c171fe190ddc1a986b4edc6d6704,0,0.5875011763305872,1
c8fc8a6ab4b01350b57cd5c99061a212,0,0.5874676177432684,1
b9873a15933c3393da2738f39e42430f,0,0.5874348202063749,1
c64bf855d021d4569bc35b44dc72545a,0,0.5873512832573611,1
ffa4816b72b79e712d015c0a3640716d,0,0.5872728124457162,1
944ffa79cd0634703c811391cecb666c,0,0.587193842416623,1
6e4779d59935139d8410a45bc141bf8f,0,0.5871912268753696,1
0cf46588cd3f5a23002166b5a1945820,0,0.5871215169877355,1
7aa19c73fd757e2a018d239546c93fcb,0,0.5871140068984572,1
dbfcc5deb3b691c5e01287d8a4b1efcb,0,0.5871095677152863,1
b0d7c2dbca7b1a828c1ac2cebbde4dd4,0,0.5870988014350235,1
b63a0410273c4fbd9c54a639ce8bfdf8,0,0.5870262199813384,1
4d5f2027ca837174818edf86ff3fad68,0,0.5870221969400712,1
de0cd4a836cfd7c507e551fdba5a0bc1,0,0.5869920955931516,1
dbb9ef7b555eeb86db710f8d86d4c6fc,0,0.5868503580534428,1
74484a93945a08b6209abcfc66e42522,0,0.5868402085919255,1
c74a108decbd9e8ac71abc55bb1a0064,0,0.5868044855030973,1
1ed1f7f1679bee0089061c9db1bd783a,0,0.5867929460870489,1
7b226620b3a1c846ac88e2268185806c,0,0.5867918898950085,1
72c0cafb09a8df96f0f84bb6eb7525c2,0,0.5867821539975238,1
29a43f0feba16aff6f0bc20b8cf80864,0,0.5867499668663521,1
bbc0beafd6788e60cfd0f7c07a35b411,0,0.5866698912386141,1
28e07ea72e001f7c0e41af944fb30d58,0,0.5866632422121627,1
ab652e677e82ebb2f1617988d70f9f6c,0,0.5865777001089522,1
41054d3e7201dd301c73f493decb6806,0,0.586572711712279,1
5f8f40b744cb58ed88bf5c24638fd1d9,0,0.5865310465433509,1
c1867eddd348156db74c8f64be7f860c,0,0.5864849622016838,1
2ad3e60daba1700dc116ea525e842f28,0,0.586453197203058,1
4bb97ff40d9e2fecefaa62fbce588e34,0,0.5864179020686527,1
aff705c3ace68add62b1d0233f4e31c7,0,0.5863953733927241,1
fdf983831b2751f645ed24f62f70be6a,0,0.5863421064590688,1
23ac9515b65c2d93841a55b35b0824e1,0,0.5862916876751221,1
2103246b11bc46ce35756f3a3f32290b,0,0.5862416788455428,1
21bd40b1164480a48e9292ad0b56a78a,0,0.5862057311983088,1
33731326daf5542c4488f6d211f35f21,0,0.5861482247030962,1
3bf46434b267aa36e9d145dc2f2d1b55,0,0.5861188525565262,1
3e626aa6cde6e16beb33797be002b72d,0,0.5861150037938326,1
6596f179362ae9b3c7ae83c0ab83ab2b,0,0.58610153662829,1
c493a6f252752d99465b8fe3271a3429,0,0.5860680284692703,1
517b7fc61e9aa8194ad8f298c015e97d,0,0.5860219182855962,1
459759c02362af7a218dd2fe035b3c07,0,0.5860013105165609,1
ffbcd1715dfbead64e1b896044d73c76,0,0.5859765782283273,1
ce839d1a6783990aa8101101d1dd90d1,0,0.5859149778223229,1
1b30331141de478842873a312150e343,0,0.5859053010753761,1
3d310b892437fdb1d91d71bc86fb8320,0,0.5859010508155766,1
27aede3a816dcbe05e0fc5bc5b72f311,0,0.585844717287913,1
c4c1e77ef5eef4f7c9e4e6ca06395f13,0,0.5858379575276945,1
0fee4adcd47e19eb91c84f2449500247,0,0.5858041508182317,1
9062e9197dad1706747a396813ae7f8f,0,0.5857555473332866,1
735b149aec91b1024480fdc9e2c7a5ac,0,0.5857430731548647,1
715fae12e7a1ae5260380dd42b8152d3,0,0.5856901111797588,1
e1f50c6c0a443c30340b982b8fbe1a14,0,0.5856868712921175,1
37c5cbc68741d25ca4684812ec24649f,0,0.5856530735268193,1
33459171d0db0ea607df389e4642a5f7,0,0.5856380642172111,1
95e854450814c0600dbd930cc927a83e,0,0.5855949805378787,1
2405f1b2ab4f5660d9338425029ddb50,0,0.5854726655324557,1
36b19851c88fe167d87f389f6570075b,0,0.5853828167383969,1
b088a73721fbc9b60ddbaf286688922a,0,0.5853808774113838,1
89d34d3c5326de22323882f2410afc75,0,0.5853132364971748,1
2666a61d9b5755651665549f80bb3450,0,0.5852799155970766,1
3cb0a02ec42f3c3850e396077ace0c8f,0,0.5852324785959414,1
a1c9d5f18c57605dfb3e72e34a835831,0,0.5851990324543214,1
a05cfcebcf75e206a15b3e63f7b08ab8,0,0.585173103465185,1
d599bc16f32f975f769c917453375bda,0,0.585163707204939,1
54e53d4b22f3a714fe75b265e172241d,0,0.5851443902577897,1
91a06d0c26977d0842461ffc50e45791,0,0.585131031179227,1
88047d4db0593446a2c4cb780d3378e6,0,0.5850107016724058,1
02a2144d4ae1760a74cedd6b5bfea147,0,0.5849747460542537,1
bc293abd15afb0b15c6376aa076a214c,0,0.5849404604227434,1
ffca00fb352b5e57db50865d65098b4a,0,0.5848489904049656,1
97fcc22215c1b14eed7117f8ce9370cf,0,0.5848403684527864,1
8000b5f860f492f48c234b7598558c06,0,0.5848307290580133,1
6c2f6983a60ac0dc8a9ee65579959538,0,0.5847757484347237,1
7888466065cae13f1dfeb73a53ec74b8,0,0.5847346099443778,1
deb591f2f26d21f900e7bc5b800c1ca4,0,0.5847337511990653,1
58fd28a41d59f318551460450b91fd21,0,0.5847337511990653,1
f3a6febe6e4236817f26caf440beea4e,0,0.5847337511990653,1
eeaca53b1ab504e440fd89d897f55925,0,0.5847044208162069,1
2ea9936466eeb455bd93ffd51727b3f0,0,0.5846317519243778,1
40ea0f23c5d1b5d63b04ec5d0f930250,0,0.5846222487090802,1
a2991a4030e8dc9a267aba213332390c,0,0.5845917954724188,1
5a6012519d0cf9a2103bd2170a81b833,0,0.5845731834146756,1
bf6455f88aec02d9164f9a705a82861f,0,0.5845577969557643,1
a56d3f964338db4a5d2c8a880a8f7506,0,0.584499185697449,1
b698379306c3fad0ab64d82a63a770a2,0,0.5844438796416227,1
586ef85316ace9dbfe74ba0a265c5b2f,0,0.5843814504579488,1
999e70667e671b236e60fcb92e56fcf6,0,0.584328196622278,1
3767974d3faa03919d2e129c3f651017,0,0.5843098179713928,1
8bf31cb37e165cfa7859792cd6390204,0,0.5843072704448796,1
daa7bbf7016cc30bf64f97d1db63e5e6,0,0.5842712130754814,1
5d0a095a112a73d4ef9bf7c72626b5c1,0,0.5842247405536294,1
6148c0fb32e5c7352da8656b9b34ec60,0,0.5842247405536294,1
7058c13a5a286283c1053c204c243199,0,0.5842247405536294,1
6f7a4b1f8ef9ff08285a31c0fe744aab,0,0.5842247405536294,1
14b1bf4e103a2a0111a80bed3a37a3e8,0,0.5840123064512074,1
98b730324bf083eb516dd566d0feb429,0,0.5839953350859002,1
b10dd1b8e976e8a8786eb7b7bfaa3aa4,0,0.5839776221536012,1
c35716befca4818c7b68a67eb22b6dee,0,0.5839071006933366,1
1c2578eda86b35629ea3f22dbe4201db,0,0.5838850264238368,1
5fd82666f1e64606820d24e3fbb5d160,0,0.5838370462590572,1
528f52f67842f571a75bbfad503fe198,0,0.5838125965693275,1
2e829d87a358435cdf49440581d7ca40,0,0.5837793644037059,1
8f0273ca8405a143a3b7feeea9be23b5,0,0.583769899453248,1
25d9090945321ff114040f2a6f5e9717,0,0.583755175195684,1
bd2914d2e0b52a1b1bce55b39c1b1edf,0,0.5837338145367104,1
37e60990b1cc7457fbd2595e85e76da0,0,0.5837155501709207,1
7c8cdb09963770391622f23f120085f7,0,0.5837155501709207,1
bae5c8e9b93a8500aaf38c74efccc6d5,0,0.5837155501709207,1
a36b01718f4558db0fb8ed5dde8607e0,0,0.5837155501709207,1
a604e2faf6a2dcb2eb6ca87f5600fbc4,0,0.5836226441380101,1
d70452c4fc22c5eff3b0780bbfe363ac,0,0.5836124212730507,1
0ce32026ed1061a1e4d9c30976481325,0,0.5835979635574744,1
f73dd6ac73ca2cb31fe29008fa559e92,0,0.5835705819124511,1
869be6f00b4c49e72f9a1e2033baa9f0,0,0.5834956286812747,1
33d548bd0d29692e9dc471cdf65c441d,0,0.5834596634440992,1
39ee4c5bd3f97c8e59b32017bb911c62,0,0.5834360674236768,1
3bb7b0684d45bcbaf75a8ec0f49b6223,0,0.5834286385885457,1
f2eed421426bd33e1bf909bd47c37cf8,0,0.5833896354061825,1
c2a25dbb23135bf0925bcab77f48aa91,0,0.5833605262461388,1
0b6e3384e92cddda4df1d6552b5d2366,0,0.5833158981630931,1
367dc7840ed6862228f91c263f8ce8e1,0,0.5832913182535283,1
d207167b0278a7b67f1dd13537969796,0,0.5832591965162611,1
e3d328a7aca90ac234635088875d1646,0,0.5832528388216918,1
e4923ae2c32e70e3c5a6e73a9fb872f2,0,0.5832509008976174,1
f7d2971aef1cc87ef80044da8869abfd,0,0.5832178830057919,1
d62b6d46d8004b523b80766eab486f46,0,0.5832061810746689,1
504df238632748f07ecb182598840290,0,0.5831722620048229,1
45ca2b8a047054e858fa92a2a09bdd59,0,0.5831068956340302,1
a8654e2af5da6bb72f52c22b164855e1,0,0.5831024864556182,1
123a97be731b565881c0ac11dd21287a,0,0.5830721642350843,1
248acdcc29adc0f9e144da53c94569f3,0,0.5830693277485479,1
b1a1199364a4a7fe27c4486ab63f550d,0,0.5830269110520332,1
9bc158770d28e135f48b0c3fb2c21d27,0,0.5828751422556092,1
52b1d60e8a4c2908751d80c5b2fc9070,0,0.5828574923724633,1
e30ed0a5c4ad5a533d44e16a00b83c9d,0,0.5828552348814636,1
9b1e00f78d979b12195643b6a5654e85,0,0.5828535882146726,1
1fec1fa184792edf944cf27e17c97b45,0,0.582835174420088,1
70fc429b7bf128070c74d50e27d0c6a2,0,0.5828345184211718,1
782dffac0f77aa5b5f950dffcf6e238a,0,0.5827674142110001,1
d5e474bbd54ff9219813f4e65858f099,0,0.5827257566559113,1
a5c325fd2fff2e6dd34c33d2baf49b9e,0,0.5827257566559113,1
c57b812554beb86fbe108c7889cbbde1,0,0.5827086446963984,1
4184295f1be152870c1b7bbf5f232d03,0,0.5826966342901078,1
527ce1ba77a9b3d5ca00579719efd7b8,0,0.5826332553702505,1
a036c542e541043fe795b76dd857c1ff,0,0.5825982706055421,1
8574eedf87be69a8f50ad3feb222599a,0,0.5825266323251769,1
a11a931496001b8371a8b6597ebf26f3,0,0.5823939824151755,1
5350c27ee3cd55143ce6fbcfecb3de98,0,0.582341363157929,1
3cc7b3b67ab1db1f14ff7eb7ad6f1ed1,0,0.5823292656411146,1
1d7237644b96fa58cea2cfcaf1e43da2,0,0.5823220550281764,1
882d0fd31adb8726ad70e59db5128f8b,0,0.5823220550281764,1
8e22f3dce83f57ae02fc53050460fa76,0,0.5822589238738933,1
485daa5f13cbbbfad2d4c0b1bff1e48c,0,0.5822017973502677,1
f05fa2c1130ab3c89ea4323d3bf98495,0,0.5821869108439671,1
5dc3d85ce50c06e5a1f6e0df57d610fe,0,0.5821869108439671,1
eaef61f8fbe8a1f9aaf75e0404ed8108,0,0.5821869108439671,1
e4165e1abf618171397a92ad26e37fe3,0,0.5821820160266532,1
40b3dc9f0e602da9908ee9feab8e1323,0,0.5821595848527835,1
32b1804eae0c9be2d3ae335fc78ea52d,0,0.5821472970417605,1
1fc2cb6ebb730024fe7c5ab3d246e5f9,0,0.5821048226540302,1
0ee2e2a6e5a1353835454ca2df8d1d54,0,0.5820180752275222,1
e9620047052f3edb9a429db5b04df663,0,0.5820009005429742,1
060f9ea0a180843fb91d4923b6d01bea,0,0.5819774583376119,1
347bd5ce8aaf6d3bdc622dd70b094faf,0,0.5819485310809215,1
93b99aaa322b6f275fad111304dd29af,0,0.5819173865777442,1
a6ee14e78faef91d8abda3bde561219f,0,0.5819059730832528,1
c9642c0c0ccea945d317f8894a2ca45d,0,0.5818625850091742,1
6de06281a46d0d459dbe284683e0134c,0,0.5818399347523002,1
27364ade3735aa4e6883d94ee1c48f44,0,0.5818122024086109,1
3e2ebb072268f02e950737b50723d19d,0,0.5817845873691021,1
dc1dfaa9ef5d24bea5b9103b13d253fc,0,0.5817758386382366,1
f30863f30bf4145a037d5248e24ddc9b,0,0.581747840491489,1
6567ecb9d5b5a37f19bbeb5fb1972fef,0,0.5817247120920602,1
236d1367974cf48908ba7eca2abd3196,0,0.5817221386298604,1
cab86c6b425483ccea6d6fa3f7d0d85b,0,0.5816770117644654,1
508a0ed9319d4924783cd9e4829fe655,0,0.5816770117644654,1
7b259f8f3478bbfd762784b4d1dabd1d,0,0.5815928890808454,1
3e5dd5efb71f831fffee3735c9e41e87,0,0.5815219889557304,1
489ff79f7fc2564021169d12099dd000,0,0.5815027329754732,1
6469d7bb574ff1585185da03896d7c39,0,0.5814496874274812,1
a966fbec25ff8c8540fa2e3c9076ac88,0,0.5814022462391917,1
4515150852347d1fc0deeb2d86c18500,0,0.5813759342646371,1
06b049bb5fd4f3d499decb9cdfff1b0e,0,0.581374151670871,1
e89cbac27107d19916fbcd7ce9c9ac25,0,0.5813715413102873,1
35d682be065079511a598dcd6d2c2604,0,0.5813573688870511,1
6ac52814155aa5b8da64bb30a14c6b3b,0,0.581350610278603,1
4716de56a2dabba6263f78bfb5f4e605,0,0.5813240423992325,1
9bde5e93c160f40d85e89f0279a23a29,0,0.5812706096823708,1
a32fd99e791dbe323486039bce9ac35e,1,0.5812703493196897,1
6df616876ef2151ab4a9d2e7f0632c1c,0,0.5812667172931739,1
3b030b93e05010026ff4449b9647415f,0,0.581249639887197,1
89e0dd98544c5ff21224086f5cd4f885,0,0.5812332304045842,1
09ffbf8f6561c852740ab6de31444337,0,0.581205711821328,1
bdc133ea4fc555dafc26af2b5d499d7b,0,0.5811823407970177,1
fb457a4b0139f480078e54089484b29d,0,0.581179680404064,1
806dc5677f50c4f394407b0f6d820d6b,0,0.5811669380813012,1
6bc183381b1f2a06874a43229952f95b,0,0.5811669380813012,1
2460df14a0e0aa8cadae9f5864abe9d5,0,0.5811473540354893,1
78dbc62a36ec8428593ba53640745afd,0,0.5811472666924716,1
bc6d9c62b6ba6353aacf5adc7969683a,0,0.58113556444115,1
bb4d84a2b45b22ed710ac8c0dec63d1a,0,0.581063146980469,1
56f98f3a059befb5c3c16a07975c8ba5,0,0.5810564056450146,1
ac34c6ac0b84f376ed037d65c5de029d,0,0.580933088955511,1
24ff41997b5dd6b39d3dd6a38de4f9ba,0,0.5809004883371636,1
66ed8fc8280da450ff40c37129f4139e,0,0.5808639747961346,1
d4e50256ef063395ef57726e6b289473,0,0.5808171732286311,1
752973ef5ea4849ddb6f8091746af022,0,0.5808003453546868,1
1fa1e08b53682b1c445619639d250601,0,0.5807709307480733,1
274ba0b2bd0c833acb3646ddb36b1a03,0,0.5807456433564526,1
6e25f8524edc13f1bab1a9265adde54a,0,0.5807403273693464,1
db3073c0e926f86ee0683c94d12f5ff6,0,0.5807076619921397,1
88279a2e6481f3d4ebcc364aae7986fc,0,0.5806984102082,1
9c5434b646107b8323610cf9baab9e3d,0,0.5806694374711929,1
c4a7383de0a165092b86ba87260441df,0,0.5806694374711929,1
2bcda84b506eca2d9699a5efddf3dab8,0,0.5806671404027127,1
13e863bd7e1af2d541b5839f8833deed,0,0.5806566908256456,1
996b6f9fe3bd438180bd37ff78758d29,0,0.5806566908256456,1
3a4440ee39220ea853142c7f29fc93a0,0,0.5806547084155422,1
7fd9ee86d702b868c1ef7d8500624117,0,0.5806317702305944,1
3c4eba0368451c55a079cb2d37ed829c,0,0.5806129065523497,1
11a6b6369051df6524fde059cc753acb,0,0.5805581924234131,1
ebda3e5a496b98c4592a5f42f3c252ae,0,0.5805431307403381,1
e81679fc53e010ab48660ef7720d0d1b,0,0.580539826136241,1
fe44554c4f01285a9320716b894ffec6,0,0.5805221233227638,1
3fb80e5a15ee99f980e70bdbc858dabd,0,0.5804850797435699,1
ad08105e1b3c4093a208de2edba4b964,0,0.5804516300489234,1
7772703bad03ee66a726b4cf35086bf4,0,0.5804298204414474,1
b496a7b69bb36b2db22e69121824b7d1,0,0.5802950024830171,1
5749db99c2cc3b61de99a7798e61c4e1,0,0.5802923930533025,1
084d29b95577d79bd5ce9019727daa66,0,0.5802624571605569,1
22fb407bc6b5b3a8a5cef3c164d46719,0,0.5802266595385599,1
b5a2d4299336218902de7b319dd6063f,0,0.5802007511718916,1
9b382a02f201c7be3c6840e95e1dff12,0,0.5801800596018705,1
179894ad51e5c809506d75aff5e3706a,0,0.5801387408382925,1
dc7853d6016d0ec0e68b25f1f7046599,0,0.5801179319808759,1
e36e2eb89ae69b399eab1c734c0f5444,0,0.5800997262725756,1
d5f10de578a314bd35362e14c61a7bc0,0,0.5800905819253681,1
a1a9bf49d51890f5f5db649034c7b59f,0,0.5799912681601306,1
9b2e5141359d852b0a69e5ab37c7d737,0,0.5799343185730845,1
8a5ebddd26a21185101e42434d23de7f,0,0.5799280661691583,1
95eb7cb17fa3fdc895e276342fc0cf24,0,0.57985609396561,1
9d49060286ba1c6b51b5a0dae9e73633,0,0.5798404901937566,1
bccf4ab3959cdc57e57b10e7cf35c5aa,0,0.5798342638225341,1
61874f8c7b44358a1ccea938e70ad6c6,0,0.5798342638225341,1
718686a343952955c7bdc345bd5d5c74,0,0.5798341117106763,1
ba8bced49158b78f0a5df3edab1d4668,0,0.5798176868570336,1
109b34b50e7af89735401382bfa2bf81,0,0.579790394436831,1
9bc0afc85b2f40c797f96f7911397708,0,0.579790394436831,1
1c1e2afbd2bdff900b9fdd410359ca83,0,0.5797841128708543,1
18f73545bae4bcd6c07bc9a2e02ad661,0,0.5797781794536939,1
6519d9323f3932474ed6eff6bd4b53c9,0,0.5797666790241072,1
71511cfecc25f72fa3b05fd5795a3cd2,0,0.5797590080217732,1
f86401d5c7601b37319ee72423d25e92,0,0.5797536196581625,1
a10e3364f0f9b110be0712605b25cc64,0,0.5797045945881849,1
33d6225e8b8048118b86ca866b44fbd8,0,0.5797006706311172,1
a53b3da0cf3e158e78cad26c27a06d19,0,0.5796604644354059,1
2fc2a16433d581ad0a17c69dc3e2af51,0,0.5796438142547151,1
34464c117f28718b22cf59ad47064d70,0,0.5795799719781494,1
54c4d82847d7703efd49194c7a307604,0,0.5795371151634726,1
8569ef2bb58d5824a7d60319888c6c18,0,0.5794889860346167,1
06096e1ee9d40ca8781b6c0587617ed7,0,0.5794848230935918,1
425634deb94b1080fc7d283f3a644941,0,0.5794843020661568,1
959f91ac4059b1cbc8831bd99a36035b,0,0.5794738856745546,1
c7c19110042036e6266adc998cbf1289,1,0.5794417752527762,1
f3ea9af565ef202ad15bcfde52697efc,0,0.5794385552215152,1
bcc0c7953de6300fd23a4715ad9867e1,0,0.5794198011355666,1
683857698d00e39079c75c877f743f20,0,0.5794174018824267,1
2c7dad312b70cbd6e8d62014afb91d40,0,0.5792843673942982,1
ddbdedb6b22d4e6743755970c5d221ba,0,0.5792317098436244,1
74084969d4b912b9bd10439ebb79ce6b,0,0.5792241125234722,1
8c23e3b44342b28b61d131be61a5e938,0,0.5792213002957511,1
48a7f33564edf88c8326c3ee34bf9c0c,0,0.5791701209520012,1
87acbabcf8015a0f3e78275477c3f601,0,0.5791515909411481,1
922e15ce9c01f0a09b6883fcbf89c17d,0,0.5791041333765784,1
10117b5de5f5a438af572fce7b0639c6,0,0.5791004105123173,1
6de77ffc3e5e321221ec0c1740a0503e,0,0.5790838599443728,1
12e7867bb47d014edf9f37ce4c609621,0,0.5790541985883828,1
b0608ebf65dbde33b45973a50e9f8965,0,0.5790150476490251,1
c1bf7314cf896b4f159f91dcba54ebd4,0,0.5788972380155115,1
fe4a8b4ea6b3cc43d2f5cbb406da6d73,0,0.5788451021904442,1
abb16b18174f3efaef2feb1adafa36e2,0,0.5788350868286948,1
70e66494ff99908946e7d2cef02e76da,0,0.5787693436236429,1
3ad42cb7c2500e5a5f55b8cb04fd1d02,0,0.5787178361040363,1
cba0e7026a54bbd075e87774326ce1b6,0,0.5786849623604312,1
af0e8073c41a35f102f00bc95792d93a,0,0.5786588433264072,1
5c6726c1c0872380f06d51d1bd090f32,0,0.5786537468556046,1
a85a25b2bd1193d70d8ff2b1562c8a72,0,0.5786455661203819,1
68f3c54955a8b5c03e373fd3186247ba,0,0.5786301803762556,1
0d9adda6fe5e289ab3e35e3a88281f76,0,0.5784513361294107,1
6267c1f580626ccc4471aac4582b44d6,0,0.5783829353798454,1
979c81db07ffda5f1bc76cbe35427d5c,0,0.5783746626579003,1
31b5a19a2922b68bb32ae40688a6a654,0,0.5783018031928042,1
f5c4966b33803ed39aaacd1358de8d60,0,0.5782491369026143,1
404f3056215c60c4cc05356eb63ae53a,0,0.578215866137915,1
a75210f03380874d8d55f800f27f6b34,0,0.5781736999595776,1
28fd4c221c220b0baa1e6861c09e6ca7,0,0.5781574396456997,1
e8ca08f200cf74746cd5e671efcb61f3,0,0.5781477584670237,1
07254adf22ae81855ca01d9a5cda3264,0,0.5781409969348411,1
f72e8cad5b4edaa5553fca06933851a8,0,0.578116150313309,1
ac7716a3100088932ba7e11bdc113783,0,0.5781028871530716,1
5f293f204d85d3b610add6e87bd2f6b6,0,0.5781028871530716,1
d53430ea948f66e239ef6cf057c2da1c,0,0.5779810075940185,1
f2c1ff02eecb88904411d49a74721fdf,0,0.5779699121175442,1
605fc181a1e500f9e516fb12b42de17f,0,0.5779157892195057,1
d6e43c8900ea8469161dad4ea34799ce,0,0.5778955021159149,1
f38f6a89176f071acf1bf04782625a25,0,0.5778818975541867,1
58388f6740ddf90996a40a8150c32b3e,0,0.5778675465514819,1
f316ea6851f67646c4d5a2b10f1fc6cb,0,0.5778171794445381,1
0a1285df9a05c8ef8de548b3e0b7725c,0,0.5778121298513389,1
05e89b2621d4014d7846b7d481dfafd3,0,0.5777794327155487,1
3a649b3c6b379a427fa6f4a5f646a43d,0,0.577771364570718,1
20001d07954025179c613496803181a6,0,0.5777680463677819,1
aef5b3dd086be507c3dd70e07aa6bb94,0,0.5777280102059539,1
03b990046f4ca81a57c049175ff50485,0,0.5777074100084192,1
e71a124dadcd2ee1047f04847fc58bda,0,0.5777050171841867,1
e2f069490a9858578ee0accb5331631b,0,0.5776423847952116,1
01c64acc2efd27442844ed61dd9981cc,0,0.5776297424212039,1
bf8ca00c5d6afc2c630663d2fb399552,0,0.5776078244299001,1
d83270ed090b33b1c04a74c698bc87ec,0,0.5775905856195208,1
dfc63b50f2cb56769026d8b63b279d86,0,0.5775723898452071,1
65eb842bca2b9de966e0666e0ae4963a,0,0.5775600532676963,1
121b5a0ae9d09a2ca5e8090fd2a00a58,0,0.5775592184723168,1
3d7dac08eb0ac2fc1690166cf0bcb79e,0,0.5775521038963003,1
f1bad2b1f1ed5e693182365e17e2ed17,0,0.5774950116483063,1
a8bfaddc94bd785d9bc7a1a2c56d3795,0,0.5774877742790226,1
2b9bd15bf8e54b231c518790c55e5f92,1,0.5774815147061024,1
a53e2dafed467a693ab5e75aaa38e6b3,0,0.5774735559102753,1
2ae0ce90d15cbcd1b12876f48d7144fd,0,0.5774664846454362,1
a4e9d1568df5584556b6a4d871095249,0,0.577364467799805,1
623674d39fd0350df92b1f91c469ba39,0,0.5772560107014372,1
05f0d6f8559539a556e2b72919ebd2bb,0,0.5772396275890569,1
2e8c309e3c6b45f7aa179c7db44a1986,0,0.5772031741055222,1
3f1a25a478961e0e1a1e777026236dc8,0,0.5771946711741532,1
640a5c31186495bfdaa029841f3362bb,0,0.5771731403922434,1
eca465839e7ead9865d6d9b5ef16d75a,0,0.5771458552825944,1
229a63d95e8de666db8d89e8a767ee66,0,0.5771310188022605,1
f331706b29fea47479b577b9c8d221bf,0,0.5771289376929032,1
547ef152d14479db29e8961775147a7d,0,0.5770848315955489,1
c0e7c66e7a42ec16b175f04db80e6eb1,0,0.5770801869302487,1
3b2ae38156cf022ebdaf8a4ead16d30a,0,0.577067896453365,1
c6a33c46fa9bb38f09cf2fe802486203,0,0.5770549023943564,1
04530097e2b38fa538dd38926cf34f77,0,0.57704967476368,1
c7d753ecd097740d03ff47cc9d593994,0,0.5770140049618482,1
4788d3f05e1f650dfa81369b91145f59,0,0.5769890843820586,1
5b55b379fb13d3bb7570b308b99f0255,0,0.5769849927522004,1
42179b7841b5d9d16061945876a789f8,0,0.5769769215376704,1
f340f12e4df603ee42fd34302579ded3,0,0.5769212923409436,1
bff24ae781eaeea64eedeb5e785380a0,0,0.5769024939501337,1
343fc5ba6c25583233f749bca311cca4,0,0.576843688350692,1
111c4c23485ccdc83aee34a4dd40c0fe,0,0.5768244254120284,1
a4a5ef8631e3c093be87b6aa158aab1e,0,0.5766828157287087,1
3a4b5e843a09cdf9127f43e157966016,0,0.5766658225820527,1
b1ad70441b90fcb12c95f62aabde33d8,0,0.5766406654895601,1
55507ccf4995e1ed3ef6e49ea7c27f8a,0,0.5766374564125465,1
829d6e7a43080e1e26d649f475b9288b,0,0.576578554038588,1
52b431a6818701cb82a3c1d048dd9ce7,0,0.576563470248607,1
803f2bbf81ce652d3a72f4daa873d9ca,0,0.5765577488773829,1
4b2ec5fe566123a68654db191821f9cc,0,0.5765392287763125,1
9278914e32bbb1e39240325974843b81,0,0.5765080582623278,1
134be76e0a726de8cd3fbf4ca184cc2f,0,0.5764549076741803,1
1463a7565f8996c9b3bac10c3c674a8c,0,0.5764411496705849,1
c68fc87e71247306abfec35ecd41ab78,0,0.5764300812533345,1
4cda12819dc2b2df02ab1cdc1a0aaf0d,0,0.5763348482197875,1
4e6287bf278552d6c71f5c881b7747f8,0,0.5763310011415679,1
d72f58287d664a4acc29ee4b03b22fc9,0,0.5763250121961199,1
78d3e9eb8049ab569d7b3265e0a7c50b,0,0.5762751215781754,1
55b13a50a9e1c88e3e94574ec2151e69,0,0.5762655021562029,1
a8b45a02d1e49cf020f9d420b788a3cd,0,0.5762481551831482,1
c5e6600df098003f3a7e1773cf843916,0,0.5762446044795602,1
ae899cddd0d9a9ae7f10099595241089,1,0.5762377537231679,1
0b9779fc6ad98cb8c70a27bbf997d8bc,0,0.5761959668458266,1
b6dc40aebb90a145cf9a416dc0bc98b6,0,0.5761773029533563,1
2e201bc75649e94412bc30a19f84132f,0,0.5761374752125047,1
5f3a1cc35c80ec1594c431b92ba2da32,0,0.5761258981492284,1
8124c99b077744692b2bcb309995a694,0,0.5761186340518941,1
e576829be95d0ddf213787a353f14bff,0,0.5761006791684021,1
b6f424d6007b27912d37816a7d74ffaf,0,0.5760717715029529,1
3b11da70f966a3931036178d226fd1af,0,0.5760654661363763,1
95fcf12c03df68bb5fe496b5a6421e9f,0,0.5760601435236394,1
587cc63b7ae3f8d06895ea937c54db43,0,0.5760360483717707,1
b409a7fa941977bda70756b382c937c8,0,0.5760292489412853,1
08f362d3fe638add11e6a95a6d7f315d,0,0.5760262938694793,1
239b6679461c5059b3eb13bd9d60df08,0,0.5759973271806733,1
02b2ee0aa7ac4b3db5463ec3863ff8f7,0,0.5759057156219961,1
52688afaba12df19fbdfeff22f6d2300,0,0.5758948916187723,1
701cc8b09ef60639fe6a1ae73521bdbd,0,0.5758813482976879,1
b75240cef5e5899733713fc4c9f4206c,0,0.5758782713102844,1
56d210b38fbc5d7ea0e3fb17ba93f1bc,0,0.5758649332824091,1
ecaa3fca1e9670eb55da53f7ee730de9,0,0.5758512809347462,1
70b038f999b07ddfd4e36081d4adee6d,0,0.5757701100973929,1
c6cc35f352f309959232a97ec4317572,0,0.5757435292586782,1
0f8758e5b1c6c6b2156a9dddce128558,0,0.5756785662469819,1
040a675b82518d9f4eb2f27f18c1802e,0,0.575575477057406,1
024676cef113f6c81db6c5b8d29e5ee9,0,0.5753917139193572,1
37a7034bb342bbbebdc03187fe8720ed,0,0.5753907048329455,1
de311696c3796c4c962f71d8991c1ecd,0,0.5753230184335651,1
cb56f3faa02f8578c80f7c8404341221,0,0.5752985374951421,1
4cd31b3036748096f530bd7559999565,0,0.5752910380965666,1
ebb8eccdc37e9f5778467582ad9a78c9,0,0.5752835437917727,1
e29ebd785adfdec69ef56e08c5599ff7,0,0.5752379386205235,1
0a522b4ae13c0e1957bf280aa6620ac3,0,0.5752244985128531,1
0eb34a6657a03ec649cfeb4559d0e22a,0,0.5751583053681313,1
60a1f47e0fe477c72db23f47b973fad0,0,0.5751438484424313,1
00ee11b831faa111cd62af2f4de8da96,0,0.5751403122839236,1
e1407f4d2fd92ed069307bb0b836615a,0,0.5751383764228112,1
6d83f30c80095bf7c08b1cf438f9fb74,0,0.5750874692788602,1
73daba56d88fe2ed55fd098a179646d0,0,0.575060687146307,1
0e1519a14cd69b1bdf6d48ada1c0ce9a,0,0.5750585699622682,1
0d0481ffb0bb25cfc9ba06c02bba0ecf,0,0.5750476197872192,1
9aa2ea826dc09dd76e04f020f22af5bd,0,0.5750283653816178,1
30aaec8cabe3ac4410e840a5eda6a822,0,0.5749896868836033,1
87cbc22f48d2542614a44cd025238a35,0,0.5749670321885398,1
56c964ce504f3dce08f3f1df858eccd6,0,0.5749543860647142,1
a340c6650b9822d952bc00f0e43754fe,0,0.5748938972440287,1
ba7ae7b528a2b8359ff63e3014da964c,0,0.5748909191310958,1
1017d22cbb7599ffa7831e6dbd53865d,0,0.5748158484265615,1
863a1f1d3e8cb3ba2c5235aff0b4f157,0,0.5747961289100484,1
8acb1258c5469e79f1fb80009d33d953,0,0.5747900016257034,1
cc7daf94e4e0212b7ce005091270dfe8,0,0.5747788700197962,1
e9ccec7b2b61a18e279f2b306e784ad8,0,0.5747690708242413,1
2cf95f282a68ddf2078850c0d1e2090c,0,0.5747267652143929,1
0710e0c85fe7cb494d624e0863782e46,0,0.5746822740058251,1
6eee2898ad3dbd63c5f512b4423e2fd7,0,0.5746570528700755,1
3a6cf3e8604476215f93fc0507517d50,0,0.5746391771546124,1
41937e546a6a1f046d5ac8ac4e5a97e2,0,0.5746301955486225,1
fb258014c67a0f16e4da53fa45e90db5,0,0.574596599321556,1
6ab1d0feda86c0d09edd5dce03db789a,0,0.5745868831277088,1
69f3f8609451435d81ab588153caeb55,0,0.5745752372508984,1
9297b7fbe8cbc35f1a5c10afc507d80d,0,0.5745750701340107,1
443228b6482c48a974f57cce036b5f58,0,0.5745522229979775,1
4c302f270df7e2504744b098d013b0e3,0,0.5745429412263823,1
581ba67988bbabef45ed536734b55f39,0,0.574542302786629,1
c7c90bdba8f5246769bef4e8347b1679,0,0.5745218954889402,1
372bf744ad9bc73879c7e0ff2ce8760a,0,0.5744826665943741,1
defd6cfc76f2350c3c0e76fb343e916e,0,0.5744390453042802,1
de2d91ca627f61447b0d3670c0019bba,0,0.574429799636833,1
fbab790836a80473425e37664c81d984,0,0.5743998025914375,1
a3ee4a5c85662b83be8c9f060d0e7c2a,0,0.5743929623174283,1
bd010f70857d171233c8a51ef0bfcac7,0,0.5743585607986449,1
09a4585e0aedc471417a89c6e4ec1a73,0,0.5742983856178197,1
21fcbc59c0a5880d585d2968eaebbafb,0,0.5742620980256182,1
f0dc35f1b6b60a5a4718b2420b92333d,0,0.5742529819349518,1
cf4922583bc9464b982a731f35d5ab0d,0,0.5742111727228574,1
c84c8ac4dcafc7aefe37b07a9343320b,0,0.5741792729607934,1
17571fb4fe3d7d07735434a2064c1312,0,0.5741790792530687,1
0ad611d05148a7466e6ea0f3c508660f,0,0.5741789221841089,1
e34dd9c9b33caa4095f78a2667b9094d,0,0.5741493586398073,1
50160b006ccda0a52d2cb6e170251a0b,0,0.5741192595101826,1
771b863c9d789aa3178dcb5e4531fe5d,0,0.5740912326552404,1
ec246a880c9715bb9715f0cfb614f99b,0,0.5740786311803602,1
ebc070e76fe969c12b42be78c85ce327,0,0.5740628450739522,1
f063eaa15d17c4e9322323850377ca21,0,0.5740398236514708,1
d522defe17a69684126a50885b063c22,0,0.5740133904000595,1
fd0f1a0d5fe3f37bb7ef4cbf354a8abc,0,0.5740080187449973,1
3ad017bd967bfe8771b0fbf45a8596c3,0,0.5740062002717683,1
e3a0d2acad7198e07d7d837acd7bd465,0,0.5739828206052495,1
017c4e59e1a95482f32f65e03a46af95,0,0.5739428677828714,1
81ede855f58f99b76014d66d161e7a23,0,0.5739407203062084,1
1606270b200b79a68015ee518faeec87,0,0.5738939608630533,1
456fc2dc1c1b0340d18ef3f2d14c8e25,0,0.5738311701998995,1
3b9a0d6e823e479d97f3642fcc157c3e,0,0.5738301227021898,1
3b2f42365608ca7459d33634286e9e03,0,0.5738229333182739,1
c1ccdcdeb2daa19091d2aefb8f1a2bd5,0,0.5737876480297203,1
ee6fd2a856a211c75cb7d55ccd5f4f75,0,0.5737335306459957,1
88133d61eda1c59a2db4266167f5747a,0,0.5737313775372942,1
993bb4991e021b41449966e0991ca2a0,0,0.5737307701873762,1
557cd07fbd892abdb1dc537a91ac9f00,0,0.5737217120391775,1
7f8727dbee61eb0badcc8b6010aa46bd,0,0.5737003628649034,1
09e1ddd9b6497a73ad5ec4c93038aa30,0,0.5736865171536442,1
fbc124426c03f4d4a5b051968f3050e9,0,0.5736699445449088,1
75f10d367d71792019a62ff732525d5c,0,0.5736687091957193,1
0551e29d87422d88feca4626c030ccef,0,0.5736355177636447,1
37ffa5420cf7284f58e1f77192d71259,0,0.5736314816265455,1
38cc05595095af995bdea5dd21cdac48,0,0.5736060408328191,1
d2b3a6f99b85f8c3ceb2179a1b0353d3,0,0.5735833370962798,1
2d62e67e4f6fb00ceb8114c26bf1dc5f,0,0.5735296016193924,1
ebf1da06f12c8ce6c97cbdb522307c40,0,0.5734912876898245,1
f465cc2efebd5bca70d5043f14a89837,0,0.5734776162778983,1
6357e6baf7d7f73d9e3f4c0339357af5,0,0.5734496793056211,1
928eb0d3ce74c360f3b3463079ce5648,0,0.5734372631779131,1
78c5ef12b24a8ab09f8b4c1e478d15b4,0,0.5734166317706855,1
2db405cc6d4123953d36594dbff12a73,0,0.5733924698572703,1
1cc24255ee6fb748bb8d8d83e0fc7569,0,0.573385799599969,1
aa8931c4af49a8270a4fd9e000b7bf01,0,0.5733855737575909,1
dbdfcd1e9de47452f3c9b0229bc0edc3,0,0.5733650048624617,1
75d11497b37f311823bffccdb5ade9a2,0,0.5733586533696289,1
9f1d7d420cad01c1cb55962ea7a6c512,0,0.5732915491755602,1
8c5eefe95d70cf1282f2e47f209d50fa,0,0.5732498805747908,1
7f6fc5ee700cebedcb210670280ea0b8,0,0.5732406690656824,1
aa5824451a9437648ed4dcdac530566d,0,0.5732369604947906,1
457c16a2301237e613a1299777585d80,0,0.5732342129899202,1
8897ea56bce6fe37a39cb2ec40898102,1,0.5732157020891422,1
abd5ce2f30bb2d62bd4693a55185bd8b,0,0.573210092925265,1
8c07686ca172213c54d3b88631e1fb5e,0,0.5732033706717071,1
569ad7e947dcbded8831b60cea12f948,0,0.5731810888484906,1
0585e62fb157dcf017fb8be5d6569d51,0,0.5731712062900834,1
5c0a319a946951234070ce4e9ffe8716,0,0.5731639254823154,1
362928c8cd61df2e6951751dffb4be85,0,0.5731608682077806,1
ef568a5c148eac9a8e7f9eb7329f29d5,0,0.5731564690305786,1
1efdc68247b459662a939467eda85740,0,0.5731454587767233,1
290bb79ba830530012effde6c9b2e05a,0,0.5731078048028525,1
efae50d74a4494f96d7d7fbc11ba2eb5,0,0.5731051255251175,1
979cb782c09baec1c783c4ce0e36b859,0,0.5730481207419256,1
8011b44f42e4dc6fbeec46b365a6f8b2,0,0.5730394132765059,1
23aab251f04be8cb59d256aee561e11c,0,0.5730375844776476,1
587be5fcece22a7d73da8d30594cecc9,0,0.5729982924817668,1
0d316f0f0b685b8c16f12cb3a30e4c0d,0,0.5729804393344137,1
8b51f29aa215ec74a25baf5bd24ed90c,1,0.5729503434859614,1
7b0c9bfcddf1a89dec6c95a5c0c4219b,0,0.5728637660988307,1
74cc05ee67b445dccb11257db3ab0b45,0,0.5728596134516636,1
de768f47bbb7d6ece9033525d78d3861,0,0.5728290772656729,1
1ad84d1ab5998f0c9c3564cec9a4c2d5,0,0.5728177652627773,1
3ff01695f6fb04a15736096f673156dd,0,0.5727783936698586,1
b88274bc5ea463278efaa456c2b8ee73,0,0.572774492480321,1
50b8f1b2deb925b4dcf09ac30eb85db7,0,0.5727385728071495,1
764915981e367ff9f9c438bf3f11b539,0,0.5727369344106288,1
0c1a20644f0dc126c3eaff8dbc1bd12c,0,0.5727241550993885,1
b907a2c276396f7809f7f2e9db4cbe59,0,0.5727022223249731,1
4871682afc3f9da583f0131dfddc60ed,0,0.5726883343495723,1
bfbe8f24c4c4aeff8f364035f8772b55,0,0.572676433302133,1
b88d7e07a1508ee88d1ca350f201a2a1,0,0.5726672780705236,1
1d26be1534ef28629b5f5ab89b6f1b58,0,0.5726438726054965,1
706188dba9f27542681f219a0ed57d25,0,0.572607215371969,1
91b1854660f83e945e54cee3603e8cb4,0,0.5726001150817549,1
d5ccb9146be20771162df61d83ee6a31,0,0.5725703031887345,1
8f8ca19d3132dd627c49b5d065d6297b,0,0.5725509540260275,1
e60138d5bf4134789ad68297d9a31cf9,0,0.5725094993185238,1
b3d742d345f6bee2afa252e0adec8a20,0,0.5724913911253144,1
5d7ae972e6a1605c0fe60f974d52f75a,0,0.5724833169921062,1
7cd0ec44d3c020fa2f62379fd2b9e1ee,0,0.5724827881714228,1
1e3ceb01f922568816be428509a9052f,0,0.5724776208774511,1
6ef8c06e2d3781d146627296130f7cbd,0,0.5724428877014762,1
e863397ca773c34a6c8d75017b5557ec,0,0.5724421970649285,1
bbbce504c9e9c899d0384f88cd06edda,0,0.5724402108783929,1
2342beae4c76e93bb5114ad99b863f23,0,0.5724347003634489,1
457b1706d1ae54956aa3f8357ae96fe4,0,0.5724304877673266,1
363c8ecca5b19e58d8cc3fa055d76e08,0,0.5724116183656588,1
34570e2bf8f90266547424791cbe480f,0,0.5724081475454005,1
10802ca4d040d1050857e990f25f32c9,0,0.57239274875331,1
4bb176788486ddcb78b776113c086b36,0,0.5723786161429635,1
e1bb95946c7b570431786e853bec2f15,0,0.5723786161429635,1
4e1ac19f79e722a08c3d9bf398cd6d62,0,0.5723605338990404,1
d2710bc86049a51ae14e82d4d339c8d4,0,0.5723446739085463,1
fc93dee290f23c8b5ab5c2923c66b8cf,0,0.5723399302130353,1
36131d4506c2e4393ce19a946cd68239,0,0.5723329605095511,1
c32695a26bbb6100f0f43bdf83f313a7,0,0.5722891679221224,1
984a6fcd52c0f2ead062016550a21ca1,0,0.5722699874434874,1
db32340102466e6cac3436dfd4bf1cbc,0,0.5722680109837852,1
d1a587b1fa5850e073ffeac2d2d38ebb,0,0.572258476005163,1
7ecd01eed6b251a4127cc195598eb415,0,0.5722403211081457,1
22a6f6d345f9a7109dbdf467eb805a03,0,0.5722186333766489,1
12f4375ef1a68ae1544e779b1db0efa1,0,0.5721314563080141,1
c6c805ba1449708b259b6da9375318ec,0,0.5721304500057465,1
ab32e0b6af7f87620ec34c0416c1f8e4,0,0.5721195490908515,1
f6ea7240f206ea4ab5e322764c7d5241,0,0.572111033919703,1
50273615e6d7fe833a95fe9dc5014f6b,0,0.5720960836461564,1
021d9099364431e24195152225c8c535,0,0.5720913676726589,1
e8c8fdd0601ead00adacc7679fea8125,0,0.5720819445447297,1
5e732fcaff5c30c596874db41704415c,0,0.5720504858470018,1
05804477d11e865ace16b31e4257c46a,0,0.5720382104809196,1
c919c9da94052182e80322ba85e65656,0,0.5719867555481072,1
191bbd423a239c5ecddeac814fff2496,0,0.571979350249425,1
c5a013d287b0cb15bd4e3d8ce02a676c,0,0.5719645843613207,1
de038e601db2bbdb12a1ab691a58f7e2,0,0.5719528925678073,1
1cefd0f4bd73d31db705295737c02e2f,0,0.571933177189413,1
85536ae0d8a4ad5d72a1a08a08ed3029,0,0.5718755089781183,1
fa3f78a51617b896baf4cd5d51a432fd,0,0.5718571187272481,1
4bf9358b618236ea203ef23a0ea9a791,0,0.5718291411120427,1
de9ab7d2ae5374d1d19d9746ec64d2c5,0,0.5718118020348784,1
ff3abd34295624eff3905f1a69e6b858,0,0.5718087951650103,1
f6337ff8052f9103de1a04029cb51b0a,0,0.5717361622864786,1
b72d46677b35c6028f2a57600be03b8b,0,0.5717135040968863,1
db51bbaef0cbd71bb1f27f5378eeb775,0,0.5717005065821842,1
e614a678f8791c835f1beac3f62c80f7,0,0.5716676682186572,1
a7c98f33d93a8e87b22acefa7a6a55b6,0,0.5716485741779854,1
dc059162c1eedaae9baea039e5fee892,0,0.5716331881643334,1
85dcd445d914b557020d4a16c40d7a5a,0,0.5716064044271308,1
ae78ade889beda3d322c106406f1a2e2,0,0.5715562231499979,1
c4912bc35e8078d9238b56975dfdf104,0,0.5715552941017422,1
aebd3b22b156e507f0c7ecfcbb567a3d,0,0.5714783226082977,1
5304d1c841be2e01b6918a0eaf0c6b01,0,0.5713875151809907,1
9abcde7f53b638ba7990754105e300a0,0,0.5713864560870241,1
2e0b805455260cd1f7de32b1b5235337,0,0.5713596746606799,1
d18801986f1018abdb3cba0470a6b9a6,0,0.5713325377034121,1
6c2a27c6a9e47ecc62abe7181a923c77,0,0.5712611194455166,1
84af029e54a6f659f7ace6f7cf0daa68,0,0.5712392584281045,1
76de6c90299164750e98433eae294dea,0,0.5711473171000889,1
e78d694c81a08d549fe8f3b399b29129,0,0.5711373085089666,1
2daa09f922fad73e8c273da266ab8366,0,0.5710917512439235,1
38e7b109c2da2ea35603cf9da25dee7b,0,0.571080595977937,1
27fa49a039b1620b957d7a16ed397558,0,0.5710803562103259,1
27956b37edf38600f8631c7679daf9c2,0,0.5710573172568703,1
577786ab410d98d13e0a00878cd9e8fa,0,0.5710114102876679,1
1d142b038c3043e0f65cdeca3f0fe729,0,0.5709868584865899,1
4f87fa22c6bdf7f8ed5392f7a0758612,0,0.5709742962975528,1
d8f3326df1b30f406145a07111230e8e,0,0.5709602325067161,1
4c7ddb7b5d196b2967554adca4964542,0,0.5709380480330787,1
ca505f00e361296c5d92e01d245671e6,0,0.5709361145110929,1
bf0754bdfa216fb85c2c68b121356b29,0,0.5709254436098435,1
139c8431d9866b2cd81853037348b255,0,0.570919477679597,1
1ac5dab85412d6d1e4a731ee0a19fdc2,0,0.570878720828661,1
1d76262324fb722af0b9f273278139a8,0,0.5708759008856327,1
a286008b18cc3a9834fb353915dd059c,0,0.5708706500465313,1
f30ba18c5ecb2b814dcbf77fedcbe195,0,0.5708706500465313,1
f4568e5ac5153d6dd69d4d9c287e6ad5,0,0.5708440945283179,1
0206671ca1e6cea41033a21774bef222,0,0.5708204445682841,1
3b39580e4261e7ccca810008474922ae,0,0.5707469475408111,1
19636fe862eba7bafb95eaaae991d99c,0,0.5707366959853459,1
9e2d25fe7a8c1c0eed7ab084b92958c0,0,0.5707202708199083,1
75040767e7960d1480e126a186faa0f1,0,0.5707072252413579,1
e14635781fd0b5746a1c1a4385053378,0,0.5706550606466532,1
94b27f5cb0276a9d149375e24de840d2,0,0.5706194680460723,1
c5960acf4cd32acb2f891cee6e7cae1a,0,0.5705503819156045,1
bb06afd8cd88cb11a3d6a6b0ca550597,0,0.5705294428347907,1
820f66302bde691f6c4bd7c90700e925,0,0.570502184826071,1
7417ed92555044e46810c1e1de43aa80,0,0.5704963003027304,1
7842fedad651fb80cd89f428e34e83e9,0,0.5704803907276527,1
ed7bbb7378dfc803f3718216bbc38b52,0,0.570480385533673,1
98f8611de8d2946b6992c022899bcbbe,0,0.5704564670010625,1
413217b7e5821c7a83eb60dc03a09045,0,0.570412484629017,1
70b478486cffaf48f2231b04c1d923a3,0,0.570391509853504,1
93cb3aae2eaef422b323eb6b412ad733,0,0.5703664276630346,1
433e177c54376b623d0c9608b2d2d395,0,0.5703219058882317,1
6ff8e4c8ccde5e092ccd5a41dbf28156,0,0.5702912321979783,1
35bef65734e1356b940cf914f9c73837,0,0.5702889858883545,1
f5d910eb3b94c769729bc4312e30ee6a,0,0.5702797167350141,1
cf0c6d663a4054bbe5ef8c6658779cb1,0,0.5702527069506392,1
7af788c4ab609ae19f2eba2ef1ccfcd8,0,0.5702355783136146,1
ac7825d0351ddc79e8500519c868e8de,0,0.5702151633668437,1
79157a3043d723e20154c7fd55b7d0fb,0,0.5702144231756197,1
be1d30e4bf79928d1f7e62529c2e855a,0,0.5701898640037367,1
a834774364a7b64fd8f763bb952d55d5,0,0.5701502159150423,1
9a493882353a73e4233a5ceb807361dc,0,0.570130887981876,1
9b02db6dcad15dad9ecf70c0f0ba0373,0,0.570130887981876,1
a1d53377ab83871b0ad483b03ac69d6c,0,0.5701297334658139,1
a5aba56840224d31f54661155229b79e,0,0.5701284738302337,1
370921d96b165f27cf3d3d72b8628ada,0,0.5700686597487271,1
33b48f616834fae4b1a5340eb7649e29,0,0.5699782243361594,1
d516e92250c1166f2171d730966a9caa,0,0.5699425121455494,1
a0d59ddeee1bda4328abd1fe8a1fc5bd,0,0.569902878067844,1
514136fcdd922227bba403b1c2e99598,0,0.5698830470639682,1
7ff834d56bbd7badbcb19e133cf92c49,0,0.5698582470756227,1
dc000425f80e1ac26c5ff1b2f2e277c8,0,0.5698404544152224,1
bc6d25a0927e2c7f13676b644af4ca64,0,0.5698302014481159,1
e019a3baaadcd531fe0d32e1bdb63902,0,0.5697763727417118,1
6e1ad40c11dd6aa516c24963c470d9a6,0,0.5697413490187669,1
9763e1090fec82fe2b72418c22164020,0,0.5696841644092844,1
5980fdd520297d363b32aa47c0232c5b,0,0.5696715717899503,1
73728081e6219eb2e8cb34c85ed90c41,0,0.5696710294023798,1
41ed027589909aec702878ba6fc0ec8e,0,0.5696458521432037,1
6a991210c0515ba129062bf598c7dbab,0,0.5696126154909418,1
eeea4713a0f6afd86c3dc091ada56fef,0,0.5695982559770134,1
54653f06e7ac2838ec6762132575c281,0,0.5695962691292427,1
fd935de8f1961bebc9eac13a7e111682,0,0.5695737917943037,1
7c89d1d1dbf51d6087cb650515834764,0,0.5695711548939767,1
ca7afd2f31de9bb06bc2ff8c8f338c7f,0,0.5694987986329334,1
2e61eefc516ee26837d29fd3d76530fa,0,0.5694862577662761,1
ad353b4fb0e294adc4eda48af73e68a6,0,0.5694814134818154,1
78782ff62e46d81f3b4838ad35183937,0,0.5694504697818538,1
f5371e9d33bfdc892422c1bf10fcab06,0,0.5694449872472567,1
3deff983c698d1984b4f4849912c70e3,0,0.5694092012094832,1
1d0973cf1666489c4d41a9b1b578bf80,0,0.569347126475509,1
a664ec600630ffc8df7fc7f4ab05f506,0,0.5693239115644465,1
c76762dfb642ac154475239639f7f8f4,0,0.5693142199978378,1
9af948a77504ea80a0a3762bc51d806a,0,0.5693076793254709,1
df51e988b63ae327661ba775e3bbaffa,0,0.5692754439566172,1
e3bbc1eca94ef40c7bd7e22d2c2500ea,0,0.5692579216497294,1
cdaf6aa44576c0c56f62d86116a94d21,0,0.5692215865296949,1
3f2d7b08a695103e3929c7d99b9416c4,0,0.5692191831815862,1
12f390e6b055cc6bc0ead9cc118641d9,0,0.5691858723222223,1
ad822187b84ea51e722e7ad72e1e8faf,0,0.5691600957598724,1
6a10b7f6208fd4c895ab217865113634,0,0.5691568668359523,1
ee2b199b53d7ee5eacf96be19bbccc91,0,0.5691530243862961,1
93f105f20edb24e18548b88b8accdca3,0,0.5691520678683504,1
125740359669fa63858476105a5d523d,0,0.569127034195613,1
f4d09775207d6e7911b36c1b43d1686f,0,0.5690956213486441,1
c3a9f9f16cdd36937a0b858eb02933df,0,0.5690354594187738,1
912c1327b5d6bdb9ec0276784a9fd3b8,0,0.5690177280891591,1
f6889049a2801e21211b556690f81590,0,0.5690040267563218,1
7387cda312de9273ab3abdb5d5693709,0,0.5689852804644064,1
b19155eedaeab7c1961734b960c4b194,0,0.5689558187020342,1
9a6129b2100b5decb9993d054261bc6c,0,0.5689149578111583,1
d63781770530155244a211f6ad07bd34,0,0.5689139297241891,1
534cfcc8e181ff8150226c5e70a78284,0,0.5689129837180621,1
73a49bb375de8d5c0f577fb24eea81fc,0,0.5689115815470546,1
cd53d3004964c6407bec011dc0299ed1,0,0.5688966852261602,1
06f59c70f97379ce2f67075dd6ae26df,0,0.56889010630189,1
f5cfaa005ccaf9be67c00b7e559ea47b,0,0.5688274130689779,1
6d55b4560e6c8ec28f8ba8099b442400,0,0.5688110755989811,1
b759758aaabd73a68af56b03927618e5,0,0.5687415164480502,1
e80dc5c7184a59055306700732ace96b,0,0.5687308458778617,1
902b01ca99398187801c193d7393f55b,0,0.5687306385722172,1
8c045269039491798a2285c1adcbe026,0,0.5686651196093254,1
8d8a2e4656a4c446f26f1bcc7e5e4a64,0,0.5686619171768701,1
7c38902b2f892b5622d49e56c960587f,0,0.5686312277882625,1
4c116f8ddec984371284ab7bc860001a,0,0.5685832548836964,1
fc48def6616d272114ea092bc8932c1e,0,0.5685820159033736,1
034b5f07d410865ee3194366ddd5261c,0,0.5685714034543634,1
1bc9b2dad6aefbfbc011508e34c8adfc,0,0.5685555853234739,1
5b5a47e4719b0384e4c3c1a0d3773226,0,0.5685511695476878,1
7637374897b2019eafd2a3cd5a0c5581,0,0.5685379433705091,1
eede3c924dcfa1c4340e70b50010be26,0,0.5685273439136387,1
1af490ec91fd6b72639388c4208129dc,0,0.5685119766303947,1
1703e19896eccd492b31cd1d49e3b855,0,0.5685095469413257,1
8cd56cf80cb6222244a73524e941472e,0,0.5685076779464153,1
ea3bca4bf5563b576e7ad9766b153ecc,0,0.568470335482913,1
b5f2c57c4c6ffd6a717b31b970e7fb07,0,0.5684676398258288,1
1086f69979cdfc95d0f48720b6448a54,0,0.5684672441193842,1
1bd10a644c0d5c8ab09b87fc0e558038,0,0.5684526067986586,1
7480359f2bfb287f5723a3025890d06a,0,0.5684065249274769,1
b47ab9a33340be8e600a66b36022eb36,0,0.5683617714074523,1
71a80518a42749afd7b9d072618cc604,0,0.5683527860314239,1
2d4dbc1758226792276e8e09d2e39402,0,0.568326348606955,1
eac7cc6c7552b09e087c4290bb7ae884,0,0.5682846823700356,1
df27c250c1f69adb0cf75d0342814ca1,0,0.5682846823700356,1
4d3c28b4e8d4204cb6e718d8de255712,0,0.5682846823700356,1
012a218df8995d3ec3bb221828360c86,1,0.5682822028236697,1
82b6a2e2d907efea9282dc7aeff94c79,0,0.5682750979770761,1
438550f7e363d2b192e324b2d43661ae,0,0.5682690570392086,1
a4ee8b6fb45852f415f8291847dc5002,0,0.5681984058271299,1
384ffc528dd30fd49eff3dda9f00ce86,0,0.5681638183149782,1
00ff5e862f825ac56e5fdfaa6b69dc51,0,0.5681460534938605,1
7d555efc335e63f35a6ade84172d52fd,0,0.5681170843002892,1
768f83403defcfa9c9fcc04416396ce1,0,0.5681080733776461,1
130fdbc4a030daee63266df50cff43c8,0,0.5680995334710058,1
d2104649c1108e427b4f604e5887f3ea,0,0.5680800067263052,1
ac546f61bb0d49eb5b0d8e61f10baccb,0,0.5680625348989604,1
4d7e5b2aa896e8fe0b2a85070b6558cb,0,0.568061137344476,1
7e12fb462ec307ed68ef9808b7188d14,0,0.5680602333624332,1
96d97637a814355ed5e0913942533b21,0,0.5680038914644412,1
a5584cfbabd9bd2d0ffba5ac6ebc28fc,0,0.5679847473090087,1
7f5ca6db206dc7ac57bc1407b077a55b,0,0.567976119756716,1
1293c51162aeb8fcc29d498ea820f6b5,0,0.5679579603613929,1
7f7b286e0cb02af212521ae33d112ac8,0,0.5679462109894502,1
7b0b8f2a84b900dc9a538b9c29d4705f,0,0.567825375811645,1
b2464b9c06200e751c5336e896487609,0,0.5678197582358,1
23302f675d6d188a3f0042938e2069e2,0,0.567813963830609,1
778f3fa51d8cfe7ff150432ebdf9bb72,0,0.5678090939346606,1
a32672001b5c2b94b493012b506a3e73,0,0.5678005987537814,1
35a63c8e6fe045b526252475c1b0d128,0,0.5677869579233267,1
aa89c9ffe0bd4f4795c3ea49b59b7be0,0,0.5677525627831836,1
40af6992b2de59d61acf4767fdfd6cc4,0,0.5677324346521158,1
49652cb36742a56161a17aa6e9fb1f22,0,0.567723534299087,1
ea3e10d9f7f1c2ee3b6040cb06ed4bf9,0,0.5677131782666358,1
4e91b84bd3941d31daa28a76c53e9f0c,0,0.5677120413397169,1
37dfc03a111d12adb03a699829213af4,0,0.5676833702454395,1
0a457028c201f7c7fc0236b4eb1bc128,0,0.5676770841446726,1
c2f5323dc4aea780c9b4a1ac677cfcf9,0,0.5675977445397482,1
9be572f2f67ecbfc9d09bb7059c7aa47,0,0.5675600595815089,1
b6c093368f7ec73197e04de2efa14a75,0,0.567530200809259,1
6f1828ec7878d4ecbaead282957d6c67,0,0.5675299911033759,1
0898c2299401ffc450e9947c93f1aa53,0,0.5675242169892096,1
03a4abdc6deb7b5b3c18b4cde6d63761,0,0.5675029681564293,1
b38211bd797f4fdd81a98b9d1754b606,0,0.5674970356137393,1
9cb439ed21b6862692797fe661d520d2,0,0.5674956979592647,1
793172fb8ba5e002827f47f80302fc42,0,0.567460329870476,1
e9695c601dc6d29ddffd2dd3ca54720c,0,0.5674549398294687,1
e18dcd21a72a635a01841e021b7a0b08,0,0.5674484241550685,1
b40eaa6c5e2307107ad59716f0baddde,0,0.567431845515005,1
6ff6f2913b97c58e8c0a4c96d8de6158,0,0.5674042013746897,1
9b8b567d6e80540821763777a7ae1ded,0,0.5674009133089779,1
ecb43665c8c390857cabf385d918da87,0,0.5673831699978324,1
ae3b3b982c1ec166edf6883547f6567a,0,0.5673555622062237,1
bd8dd7b3bbeb226801d4d90ec30225f5,0,0.5673304995347126,1
e7ab0030c1319de2bb06c023737f34bb,0,0.5672936192309739,1
a6bf63037fb9e3064d1f8fa4224df32d,0,0.5672890965807816,1
0be374e8b20536fd83fa3da81c358d08,0,0.5672542262366629,1
8f6e909d54c48380666fa71e01a13d3f,0,0.5672410401988884,1
0f8de7289b569f01612d09f35bc8692b,0,0.5672276448298861,1
5dbba6c01268a8ad43f79157bf4454a0,0,0.5672253756343844,1
8c7ca3712456a7e4e4265ad003d1c994,0,0.5671771677782526,1
87c6a32c322fa3e1bd1f1a0e47b4f201,0,0.5671496538284936,1
805e7e0474f218a91b0a26c4eb1f9447,0,0.567085206777386,1
02379766f7d489377d4a0b5e5a7bd40c,0,0.5670594459400052,1
fb927b0b2ddb2d2bffb5076119a8bc13,0,0.5670462471351749,1
e9104e145527a9759f3374bb2d3ed452,0,0.5670323365407526,1
f6a553ec911200eec3d9121d0a64bd00,0,0.5670259961695797,1
ced0da108c30beadd4b01f58b4ed3075,0,0.5670189385601097,1
4ff03022ad97615c6387aa546a541eb4,0,0.5669878375349846,1
89f09964a22650a135e5e445055ed513,0,0.5669847883219444,1
1f573df1f9235d6adb61335046c51f0f,0,0.5669766876908078,1
9d967bd9d9c0e86d41b4342e1aea122b,0,0.5669483779902234,1
3ef7989405f00bb74c7d463b0357abfd,0,0.5669140652935728,1
7602a5a3d9acc46b565e9c6551c8f494,0,0.5669016350691846,1
327a48c6f5aa9ae7cec1faa4576bad5d,0,0.5668913572224359,1
28647a2ca2b90d600993cd4156d602ef,0,0.5668865586113628,1
6894b2a8a74e1c7fb9452d0cb861e634,0,0.5668826214917849,1
6b75a4b9cff608edeaaafc57e14f7b78,0,0.5668641793457232,1
0ae994d8f10440e53ca00da6ed0080f5,0,0.5668540015929496,1
b06968521aa836f6abe18102493466cf,0,0.566804431124635,1
5966cd8836e4b8d04f4f943ad861f90d,0,0.5667732168805593,1
00720f160ff500d3605a1bf403eb62d9,0,0.5667602640343478,1
d9daca2cb55639456d4aae61b298bb91,0,0.5667414375477497,1
c7a074db92951000fa0fe4685bedb333,0,0.5667198733273356,1
ad3e4daca8169bc9e980a84a593194d8,0,0.5667171688305687,1
7e711d8ccbe8b92b86a74369a167cc82,0,0.5667151514573772,1
4fbe2ed685647df2a1516f2eb501d3cb,0,0.5667035550490845,1
e127a73103c31626f186f2fdbc3dfd20,0,0.5666982889427469,1
7383100944836e80d49e3926ccf3b2c3,0,0.5666855265662787,1
8af0205005b85f10c4d7b9d988601a16,0,0.5666759073740769,1
e74d36de193ffaccf5e7ae850ced0ab5,0,0.5666735815714015,1
45927267a952c1861367cd861ac321f9,0,0.5666025113903805,1
9ff0bccccc58e1dc0c24b3b4600afadc,0,0.56658740474672,1
e062b5c3eb843317064aa00207241d86,0,0.5665511633456519,1
367f4686d7112d69feed92b02a1775ed,0,0.5665472576636219,1
05b799873380ba4d0e38536e05777d55,0,0.5664905406452594,1
2c683405d8605cba6348bbca4d22bf6e,0,0.5664858718930622,1
0831677c0910d6a1effef95c5836b5c5,0,0.5664822491799437,1
27590055315aaea37e0e9060699efcc4,0,0.5664617043765814,1
3f9bf0cdc9acdfc5d60a8cdbee567cc2,0,0.566454991047473,1
047da58c84a4e46b1e22557054715b6c,0,0.5664462657057079,1
d7e7cc24f659b8c0cae4431d42036e47,0,0.5664434615881551,1
c5fe197416b0e71cd546b7fccb249160,0,0.566356778204345,1
9b72a613e97d3ae0a93eb1af7d57b4f1,0,0.5663564364059792,1
52d2eea3eef67fd5a005dabddd6b62b0,0,0.5663508379655752,1
0a576c743e8ed96b08d3de75b4d80849,0,0.5663241107387798,1
90f5dfa97563fd5d63ca27372dec3b21,0,0.5663208815354943,1
686533816e3f79af8b839a257b29d863,0,0.5663068652673128,1
bdaae7d0dda6bb655f833ebdceaf178e,0,0.5663022665428029,1
b70c0a77f8b1f15ea1ba0ad002181ee6,0,0.5662839275996073,1
0fa1bfd1b1968bde55b4a82dfa5e600c,0,0.5662654465929676,1
3b8fa5764ce2909afcc708128463da8f,0,0.5662267332313952,1
602675670725d3260f73308d77b66ed0,0,0.5662223199458114,1
f54cea27c80dc09bfe07b1cf1e01b845,0,0.5661987565948247,1
e58c94927554fffe94e83fc803e7e68e,0,0.5661756587647586,1
dfaedec84cf126e85337adcc7eb36b36,0,0.5661571975438393,1
73554a324f228b8dcce5a677f300f7a0,0,0.5661247119074114,1
58a2828254cedfd7067b8961a8e980ca,0,0.5661171513026138,1
b0ca6979912c2d94b6370deb35f0a49d,0,0.5660989481843988,1
1abfa8521f9082c8472f8e180de00276,0,0.566097635137754,1
37492fc2ec2d7a29798a4a3e8531d8cd,0,0.5660924399091803,1
63aaa0042a4983e7cf9ca741b0ad1849,0,0.5660194931435266,1
9868122edd5d8fdfcdde577da085edf2,0,0.566013076737911,1
2592d8288b059b0c2aa01cc56901f625,0,0.5660091181360286,1
e5defab6ae60b311ca597ce8f5a66cf9,0,0.5660040061167221,1
86710b067f7595e24739ef87af6eaa41,0,0.5659979311376235,1
1ccfba98073a3f785a7dc51a4464bdd0,0,0.5659710964815342,1
e909a34511c81a374a61b0f06a8bcded,0,0.5659649600650362,1
7de1d5c4d664f876b5ab55de437c3dd9,0,0.565954845802226,1
ff44fb015977d6c3401404fd5c8f46ce,0,0.5659546848135439,1
6bcd85a35af3d6d244b6494062b825c7,0,0.5659517869281813,1
a4ed966db569e1aff3dfc1f84d60b1da,0,0.5659513050249496,1
dd90d63977d1bffbbca03180dd7ad966,0,0.5659456261673061,1
a9e0e08c05dc05fdb69b1ac2b18bfd82,0,0.5659446972376894,1
193d38bc62a6c4e9fc3596337593c2fe,0,0.5659354735041293,1
ed70284f4fa4d46d53d9f93ad9dc0dc0,0,0.5659292367286182,1
7e9a6d294183b65ac05b4846154d3eee,0,0.5659253920904688,1
e6fe68d7c7867dac3659cb4a8e06880c,0,0.565847753275425,1
a10a90c25ba2a29dd2da3d792d5dcac9,0,0.5658443087757313,1
df5cdc06dbe8e5dd15ba1ef1bf304032,0,0.5658436514963049,1
dca8f21f230b3ac4dbc17da24556db3e,0,0.5658013172282089,1
9e015efc544eff0109aea1077d8609fe,0,0.56574368299658,1
91b00d0fcab369c185e18897222a22bb,0,0.5657340470135996,1
5c56b4bfc4414bc588ceba152732ddec,0,0.5657089290389006,1
a1b05c826252ff73fbcc6b5ceeed99af,0,0.565673982479117,1
3219cc23b3383c61bec7205aa614e778,0,0.5656554454136412,1
445fdd632f829d22f016ce03190731d1,0,0.565628223846056,1
ec798bcabbcd5ec2b0f5ceff3d224987,0,0.5656229746826341,1
0a41c6ca0bbc84aff2106bca15f5c94e,0,0.5655878060710746,1
6056d31a9cf9cf98ea9de7ef86cf4f5d,0,0.5655722003250161,1
d31790258fc53dda5866ca2e755b06a0,0,0.5655615362104358,1
d720fcbdfcb44f7c6d48cab1e8d4ad31,0,0.5655608625713664,1
c036799f1b7d9832bfa372f83278182a,0,0.5655491404451449,1
5d7ebc17bf6d80838b3b42da27e0a5f7,0,0.5655401243828483,1
f567a12b251dc3a5eadcd126e00d4f4d,0,0.5655326699018626,1
6c9f7c866152e97d56871ea0b4feb616,0,0.5655210110598649,1
fb92843a696f8a7d35210c04785c2e33,0,0.5655005667530654,1
03fa49df615c32f37b7cb036bd89d217,0,0.5654958198487078,1
5c5f8f357189e6a106da7aa882815a5a,0,0.5654629430040217,1
9f32601f9c0fb44b538a35c7aeef7cc8,0,0.5654426502215479,1
52152ab824fe738e8230950c5edbafdb,0,0.565421761009706,1
f55068b90747579e30d2e055155cb93a,0,0.5654143074160762,1
f55d1eb478472b60765e2a1e9eb785e7,0,0.5653879501317697,1
98c90b1b8917a7195ac0461dd4c8b26f,0,0.5653506302004334,1
38c82315266557c3d9c4312643d1717c,0,0.5653091936605965,1
445303938ffc592a9c9db7dacb942a25,0,0.5652628494365747,1
67c9267ec35d851aa2f6581a4c2a3091,0,0.5652282391695904,1
587d22544f4d6f17b39a30723a53a305,0,0.5652230306927818,1
268accaf403bb7935520aeed499f49de,0,0.5651804574400292,1
6d70cca58dfa696bb2221b603684510d,0,0.5651083864784071,1
ae3b3ea754f62eaa12630c4e6f69750f,0,0.5651054995897499,1
cb5c2926577bca24141260d0fd814ad1,0,0.5650750568124799,1
58a7135fcd46147533c2f50747435ec2,0,0.5650421857814545,1
be24d47bbbee78bab370ac2f13d6f136,0,0.5650224190601201,1
d10687a929e58de647bfda07ce41713e,0,0.5650121511089645,1
e5b74085b722886353e1bd8aa56f33c0,0,0.5649862234600133,1
deb5db1c13c1339a7b52c302c411059e,0,0.564933847352624,1
8abb6a57d164644cfad7ac6133723daf,0,0.5649267751613418,1
a67a9b9782f80f708535927a808797c2,0,0.564926307437532,1
2e032d5109c25b1969dc3252a563745b,0,0.5649152496853064,1
119606479bd91b852d2237c3505e647f,0,0.5649107752563546,1
85c2b6464d4a95df398dad40a18213c5,0,0.5649092918460195,1
90d266e45f1d74ab0426131747703455,0,0.5649071880442816,1
fea0e442a0561eccf352e19e3e0a093e,0,0.5648225348591143,1
3600f403d28c45545ab3cc9aee5e45fa,0,0.5648175623754536,1
559a8ee3945ef2efb08cf74e36c8b747,0,0.5648119193066203,1
02c7417e43d1ae9ae603e20eac1542cf,0,0.564780461966063,1
b993f51fb87b954413e897e55d6985a7,0,0.564775611922204,1
9754a2ef8d618a48c12820d51021cbb0,0,0.5647711946167341,1
ac77fe24cafe8920acab81d84b676fe9,0,0.5647343115853494,1
835e52c41ec944a943c6c35275acdd6f,0,0.5646817671425562,1
c1f1840f3fa14ca2f059a4af7cb111fd,0,0.5646389073011324,1
94329da6c63490ec0c528d424a874930,0,0.5646389073011324,1
426a331f0b556105818440e3a1daac73,0,0.5646257562632031,1
c8a34de808d9360584d35871fc1b2d93,0,0.5646180233318084,1
e139cc1019486af87f64fda5176e4bf0,0,0.5646161407157132,1
b0ab6a589a96c680cefc4a0d41c3d3dc,0,0.5646137935374534,1
4250e66a408a79f23ac24172a28e60da,0,0.564596031522316,1
4d62a023211df06c5649d5bb1bf699e0,0,0.5645605574430868,1
b88c1a1d40b9b90a8d15f2d3c7e28099,0,0.5645563737428008,1
f35d1e92ac21650ca4c034199c8306f7,0,0.56449425716083,1
b873a7fc87857fa0306e2293b37798f2,0,0.5644773633926484,1
f2d9bff8a9f76f6d2e8b7bc3a6736c5c,0,0.5644682546005092,1
e6201b5a6b3a2e42a4d3c295e7cb1d5b,0,0.5644500516386968,1
8ca53e042ce7311d511423468440dec0,0,0.5644271279211641,1
dff8e4f3400c163f161ee627293cc3bf,0,0.5644211089302241,1
47d5100fb5a4bd584778b81d489863e1,0,0.5644186460694995,1
59bdd2e2ec6a898fc5dd212ae3808f9d,0,0.5643716154710692,1
f57578ff4259d84404a29b3f597c2e96,0,0.5643620341610261,1
7bb54095e365610247ab1a7bed99c762,0,0.564350997208731,1
221696ee722ee6cd47e40b8d306ad889,0,0.5642817950858985,1
be32ec8fc5ae1bf8c7ac26eb65c7c37c,0,0.5642769332244116,1
e0cb4325937c0c62650b445eccdf5912,0,0.564261252213649,1
6fa85503209ad6e21d15c6b81a6eb304,0,0.5642418188986293,1
de9c94f7fb02c0c870c111eb0839a0a1,0,0.5642101326973018,1
a0f0afc7a4efcbaf3013321cf39269e9,0,0.5642098324503858,1
bd8dffda3ac0e0ac840c79e09386c085,0,0.5641818816223095,1
01dbf5ec2334d02e47a8167d3c2e0837,0,0.5640802634463897,1
d4810b4aac3f3fb339b0857b88021f12,0,0.5639803340906465,1
174fcc4051bac2ad2dc603347e5d2e7e,0,0.5639338989713375,1
90cff256277583b951f72c0d7fd4ade2,0,0.5639296634356268,1
4cc442b5cc7d361e4da6bf55b07fe23f,0,0.563926686459877,1
e550a3e35434ae49ef5fc19b03038f39,0,0.5639140190348848,1
af469468a8adc82fcdb022c251fdb79d,0,0.5638685044104343,1
8b785457f8ad52f2448fbb4933797d2c,0,0.563851062063157,1
e526cc0d06f2d58a41626d21f0ada4e4,0,0.5638470804878593,1
1a6cc7b7b8dde0f4abeb04b2d31dccc6,0,0.5636498963842209,1
9350b6236d8648f6eef79b0bb562b5f7,0,0.5636416057058014,1
b37db3b96f17cd36003277012ce2f850,0,0.5636329718659908,1
efb01e4e4d1bf62e979e9f2aed8ce7b7,0,0.5635919649705116,1
14054237c41b123b682dbcff19e9ca6b,0,0.5635773220398406,1
9649b34e903522d0a278a76b851f0550,0,0.5635596181429947,1
2e7a4f041b8e0880988ef4bd95cbc183,0,0.5635188734091585,1
a0c02e30e19b2d276b746bfbfd36cd1e,0,0.56344647546735,1
1a955f142ccbf9a7993aa01392e5f1ce,0,0.5634385132443578,1
358a2da45489b6ab0f76b49379f8da3d,0,0.5634312352766803,1
6b3fb51dde6540257d99d154d4b38538,0,0.5634219763668706,1
5517d61ee1936e47fb4f9de281d370e8,0,0.5633742452225433,1
aa8035cc0224c19096934a1e3c30dc00,0,0.5633630588046089,1
b10cdda7855556f7ca3e9a9540e45edb,0,0.5633531887777647,1
0df4d9dae561fb18d0f2f18ba7223d95,0,0.5633428796529572,1
e9fb042476cdddcf08d9537a73107f17,0,0.5632818837724746,1
4a847ab1808172e47040fbf675256c01,0,0.5632656725040341,1
e69799b53c017c8f8d753ab9ae4a10a5,0,0.5632509904248664,1
663d07f21363a4afd7732461494323c8,0,0.5632483753458589,1
5ab35d6d6aba7f349340cf14561c8958,0,0.5632172756463608,1
a87a7a6289ca2ec1cd1511050dbc41ae,0,0.5632121280445517,1
09ad2dcc4485b1831a516f9f3430ddc5,0,0.5631638094991286,1
80e0af1a121418750b00e2fec496ea15,0,0.5631501002669574,1
338d485b5ab168d22ec22a8efd086044,0,0.5631391558119576,1
9a30b2294f18ddcee9918dd3f3554407,1,0.5631258273036126,1
2943cb28b4bbc9bf82c5cb361e563653,0,0.5631166499577593,1
ee8a82aa67708572e19a41f800984ecc,0,0.5631044190122301,1
651daf3d1293d602b7f5c36d4bcad15c,0,0.5630900998472042,1
344dcfca74b8df7ab46e9f1846570515,0,0.563069843652325,1
1227cd5cd8b7a58543eea1a001dbfca7,0,0.5630336909959053,1
59bb7f7d12d8ff37f1f8e6909d1b03dc,0,0.5630062358206885,1
de9f9e430c01b1b6c5e67eef2e980dff,0,0.562955956511523,1
296808b56f85ae255d58f4b2d0d1649c,0,0.5628973670917901,1
7cd61d55fc651e01590f0bf07ec044b6,0,0.5628972798722158,1
40b595c47c70efd125384067ae43c8e8,0,0.5628556236790421,1
aab8da7cf44935b6239eafd8750d6ec4,0,0.5628473655109771,1
814731ee4842ca7c10b5cb589ebd24fa,0,0.5628212043794099,1
569704dc2f444ef2e2d808edd32b52ea,0,0.5628204175959935,1
af4f15677a2a1aab5051df0ac0464a40,0,0.5627596075181449,1
ae5df8e33ea496f14db277c8b8e77281,0,0.56274504013744,1
f26ee4cddd4ad02b262b34ee93b1c639,0,0.5627395657854491,1
fc5509d80fd73570b10a7592c0f2636f,0,0.5627343256011744,1
36eef06c29ffa3d3b6a1182d0b9ecce6,0,0.5626696023176341,1
ad909018528c8a8c686020221e8e818d,0,0.5626649335391104,1
4e6d3611cced02bd8c573c69596e1361,0,0.5626626205117945,1
bfdc5f3e29b7de8e04428d6369193802,0,0.5626591812199512,1
d7d36c2e53f76e4199f1b250e70c3da4,0,0.562658729015859,1
1e3d6c8deb72b64fda4659553471bc6c,0,0.5626381300802488,1
3ea4185126195c34ed9949d8e406d570,1,0.5626365745096931,1
947144920f2e452e9ba866bbf6d1cbd2,0,0.5626266268982121,1
3f5f986b9a3efc32fc26cdbc9df34fc9,0,0.5626031763991541,1
bba178b90158836aebeddde814e9b84f,0,0.5625989586346272,1
e9a340c07aefc78ddfb8fdc578b42fc3,0,0.5625951418046434,1
e806356d145a51bbdd0c57fb91a0d163,0,0.5625842815580908,1
819c6555091e32518b25fc90fee43660,0,0.562562123022324,1
3d1a4de14cf22cdd33d99140e82f1587,0,0.5625497865108502,1
ef39b38c38d61372681d547ae537876e,0,0.562529389161292,1
bc40a240a191386933abeb4d7bb0ae36,0,0.562520046556694,1
baedb36c4e25be4388cbe63b4c09b601,0,0.5625073882734444,1
1946044620cb72ca4f9c439a67bd92f2,0,0.562467044919293,1
d76b4e4b519bf38c5b062a295edc946b,0,0.5624410985757212,1
204e4eb7fab7250655e67b221ded1fbc,0,0.5624095973758353,1
708fbbcaa13e92334eede11fa5af2fe8,0,0.5624095973758353,1
6ed6bb491ea47ae1a0b331414148c5e2,0,0.5623892865000678,1
7c2dea308eff601163f797fa8ae8b6b0,0,0.5623584112133233,1
cdf383f13f96c61bd90f57506714664e,0,0.5623472997086014,1
7215868b5e3128b8dbb155421c0555b7,0,0.5623222637136488,1
b36881f09d97d35e85aa4e0240cf55f2,0,0.5622575057457841,1
916b9317cbc6201643d98318bc65cf16,0,0.5622440149778696,1
b7513835424c762e8b97207891c0f897,0,0.5622399339028133,1
b38f8934d83e5a2dc7973fce94405009,0,0.5621960683855872,1
1bdf16e1d5c18ddfc1796ea2a2e47dda,0,0.5621886933629788,1
ff74295e5fe614853795922d79327659,0,0.5621839950838606,1
b6658698e26b7eb7721441be5834e782,0,0.5621797404209067,1
289410555e77b17958f6c008359eb524,0,0.5621724180398697,1
33039d655ea25889c62ec979d89c1d60,0,0.5621452509663544,1
e3b3a4ba653452aae6636ea6ca0d078b,0,0.562135900993389,1
ba05c99cbfde258253cda5241f21136d,0,0.5621305024792922,1
3d3fd715e63656617f8e3156658efed3,0,0.5621040443100774,1
ee774f5397fd82941c746ec88ad6c0f0,0,0.5621015566190339,1
98ad94d03d6f208e424207d61e3b4540,0,0.562099404438452,1
b11cef9adeed59d419ef90f5e539c11a,0,0.5620941347738936,1
72558f8353b34b1e070f6806b62fad28,0,0.5620154496651492,1
d434f0501c5bfbf21a5542885936f711,0,0.5620121022135026,1
9613205127b4837f2210caee34d05e41,0,0.5619843786717243,1
ae0fa4150b81d44201545e47d2aa9ccf,0,0.5619622128584735,1
cc4de5621b97ddb39a4f31d43115630e,0,0.5619614932327174,1
d862d7974ad395a79599a22e7964f38a,0,0.5619576838690862,1
b8d3127e97ea45f499182f9df1e0a3f8,0,0.5619455777273404,1
69d29acc67a7de18c62499625132ca09,0,0.5619450247981569,1
186e4b97d2704e8b76235b8d7c5d38ab,0,0.5619362743909001,1
a6da6871d76fe028e8fd6ce306b7b5fd,0,0.5619329966605665,1
986853e98cb74a8941e541d9921b79c8,0,0.5619201059460469,1
d6baed9a4ec609428eb198876e4ce9e3,0,0.5619026777801331,1
e82911463de17b3158590329c159da51,0,0.5618840893875924,1
d048bd66855d824542fd4700b1f414ce,0,0.5618820930988984,1
7abad1d4c0e8640412e8d2073741aa50,0,0.5618771287646939,1
76ad7c10771b3a1abcf4065b6a805b53,0,0.5618756178533079,1
794ac89cdb794c36edb155a891a60ea2,0,0.5618676797795149,1
acdcb3116121bde837f4edd1bf7f027e,0,0.5618598250664538,1
fd5f2bfd35045e5bba6f176937fd245f,0,0.5618264435824734,1
fc7ea5e792d5863d957ba2aa3661920f,0,0.5618223330531286,1
dcb28d3940f1c2405051064702f09419,0,0.5618146645894323,1
5bf7e4023dc44c2d8a70a12a2f3e0f1d,0,0.561805908470086,1
6ba26b2510af11f4a83281318b9cdff1,0,0.5617615871460592,1
b1ce842fabed036086b9206999528051,0,0.5617307418084984,1
288e46708730f4af31b2d37e265fbbc9,0,0.561726324328942,1
6517b093d7cc46b866f3252665aeb390,0,0.5617238627744815,1
1d3a3f0352fe11266c93850f0c22b894,0,0.5616989292517247,1
4615825a69abba2fd1e57b84581856a3,0,0.5616901245653518,1
3becb9d85aee7d6b9935c033fec4fb42,0,0.5616820865585921,1
85740013af25892ebf157244609328cf,0,0.5616810426435462,1
2648d5dabcdc495ecc24da5bf00bb9a7,0,0.5616695130093076,1
1bfef32d5ff092c2184529e89f3774e7,0,0.5616638082839903,1
41b655853debeb4ffdaa237325f1fe8e,0,0.5616636268957461,1
a1341a488875fa4db05a8fcc0e3c8ec2,0,0.5616253595959129,1
c9fa2b5fb5a674e4b3f47db77d0e21cc,0,0.5616245311167246,1
9a89f6c48822efee307aab691b039fa8,0,0.5616063703424826,1
893fa3290bd7ac6e51d37553aad4dc68,0,0.561595072908986,1
d63557b4214eeb1483d965ed43860fe4,0,0.5615830411206703,1
b54b13cce83ca86d625ecbc262855775,0,0.5615807219391676,1
20c7303802e9ebbd023b23be8db5128c,0,0.5615629219815685,1
2c3482e59acb259bfb4ddb3cde0be8f6,0,0.5615539676951748,1
cc2b8de8ff39938b645761199254a999,0,0.5615523416485074,1
ced43e4c9c807745b25ad6c5d519859e,0,0.5615514128698333,1
ea0f7914fa71e65985a65eed5fc2f115,0,0.5615471842406744,1
5ec2088063a452edc9e72375fccec9f8,0,0.5615016054742208,1
5d226b7ca82d3cf4b720e43fa79a0cea,0,0.5614778745015826,1
b0fcd51ba7c5a5640b29bb17a5bc023c,0,0.5614685905430093,1
59b565d3b00cd765305cfa0b574ce74f,0,0.5614561823945324,1
39b34a4c39d8914f6a4e949170c9b1de,0,0.5614519971230063,1
e20250548f286289e38b1fb5e04a859f,0,0.5614365619031098,1
9bbd7d121367692e89c179517fba2351,0,0.5614024562227423,1
199e0c07498edac57c28ac45e7cff3ef,0,0.5614016838521508,1
d21a5e86eb6ff84f226ee572687e25b3,0,0.5613888778657857,1
786ccad63616e631472911d4762363f5,0,0.5613769033692474,1
f894f5fb7fd28fb5ccacd748bab03613,0,0.5613660838802284,1
4283755f6ed2bdd84fbd22c283ecd29c,0,0.5613341985433742,1
be418b61d87418d47815dd65038a334e,0,0.5613308747647016,1
4cec463e3833669772b6d2efeb2aa058,0,0.5613051365789088,1
de87cb2cab6084a1a92f540114bd14ed,0,0.5612959505834616,1
20c5f0c916e526ab907960d50d33ae50,0,0.5612777363207201,1
dba4ad448aa28c20665f6e71ec2a54e0,0,0.5612256939489877,1
a69fb8952c9ab4e75513cd11b30168a1,0,0.561212205805026,1
ab4bce9595da4adaeb3a4e541900f4a2,0,0.5611925894131651,1
722b1837fb9030936fd0529864ce186d,0,0.5611761744494796,1
5d39994fb5aa9331b16a3396e370b135,0,0.5611642234202012,1
48d4bf53229ec530405b4e461ae6adb0,0,0.5611495065289404,1
90aca9bc627fecf7f80ad801a9008640,0,0.5611273528035929,1
d67596165b2e8072effe692612389c91,0,0.5611251057268233,1
20c8be7c9fd913723c00e8672b4b71f3,0,0.5611234954713865,1
f37adfbe44f777acfc64472664dfcbc7,0,0.5610994281369173,1
6da05480662a8ffeab46215c39789fa9,0,0.5610843480135537,1
a85bae6cc86c3f49c610c406fb6eb0fe,0,0.5610720075435914,1
991063f2ad2a1070dfd3d4ff9d2dee6a,0,0.5610653338711039,1
f72c6460deee2a05cde9d4475a3d973e,0,0.5610626506060779,1
1ebd0576563f72dc090bbfb7c4068f45,0,0.5610585303570823,1
7ab43177f9c8132155a5199825505fe9,0,0.5610236473605698,1
d31e7ac7a697833df547fe5130595da7,0,0.5609945428559237,1
79aa2d7a9ab1078226dfc62d530a8f33,0,0.5609899082344333,1
fe525423d5c723c09a410ef415a06b5e,0,0.5609742279841453,1
7879163802fe5a4119e7d22e51ff1264,0,0.5609695074651064,1
cbcf31e66982129a94cf225659deddfd,0,0.5609669868658663,1
b1b93863f915666b37dc18a81921f281,0,0.5609166806336445,1
2025ee43c12273db94b2b8b8577ee6e1,0,0.5609129060110793,1
3a2d236fc85fdf338f179ca0cd725433,0,0.5608804986098594,1
16cfeea551909cfb6cfbafad8ad059ec,0,0.5608801603007177,1
5b37e9e7558c9848cdaa8d7e74f579c6,0,0.5608784530643209,1
dcf833e7191facff0d340d753bcb4a59,0,0.5608730047326544,1
a4aade0ce7988cd421340d39d0fba92d,0,0.5608430053042258,1
06374ae87d5b7dd95b9528c9c6eda663,0,0.5608412636094774,1
be9f69243b876464c5ce479be020eede,0,0.5607573413732386,1
c62b669d3b0dcf143f9b4eddcac046fc,0,0.5607417197002793,1
1ab4052fd2e14cca9c4c7b136510f569,0,0.5607403414929586,1
48d6dca7397a3995908aabf1eea373e5,0,0.560726537559835,1
053abb2829821b2fafd26639ba5a5b2c,0,0.5607102449470346,1
e836a4279bd9127752d8949d46f7a5a5,1,0.5606924598856957,1
a77f74ce9d935c30a4328d684c5d738b,0,0.5606533770251453,1
998c18da5d2a1ff2058f160453bb41e3,0,0.5606168967104389,1
a9ef550a2e94766b3491bffc789ad91c,0,0.5606062905235527,1
a5c62e7e896b7e6ed95d39714f51304a,0,0.5605854019815619,1
b6d2145b6b5de5dcc494c151af5fdce9,0,0.5605843651759722,1
b13d01daf5d18fc3bf8864da8c0f0a0c,0,0.5605461671265214,1
10520c7284568bbf47901ffe4fac680e,0,0.5605331681074766,1
235e55a898e37bf6757bb2c4252043bf,0,0.5605200212284115,1
96a04b750becee1bc31899835b1084a6,0,0.5605043148074894,1
877bce7587591150bb7d2a6dc99d8d9e,0,0.5604799415687363,1
7329425efe29caeb8c292b725579bd50,0,0.5604370251124304,1
d9adfd53b604fe6d47c35637951a7242,0,0.560408930668269,1
a6480b6281bba982eabc794c0e8a1b7f,0,0.5604010556275905,1
50ea5031a877b26ac8fd34105cde2ee9,0,0.5603646766752937,1
23c130edd9a7adeb635bb365f7478154,0,0.5603577696607073,1
40a0dbd020711f857b4231af1a289fd2,0,0.5603111947135663,1
63b650958afb649122d56931c5034be0,0,0.5602931887150027,1
a36f26e7a79e1b01432f1fa26fce9f02,0,0.5602931887150027,1
57177dc06adf1de662462de7819c09bc,0,0.5602312223365576,1
266533c4a6d91469a97234c540a99fbb,0,0.5602285228757876,1
35b66eaf3b8651c0e1e254583563ce5b,0,0.5602254856626431,1
60d5b1e843f802c530933a8edded92ac,0,0.5602094920131268,1
038ae1bbbd40a6649eed856e585467ea,0,0.5602037174658246,1
89ffce908a81bf2c434f75a6606ac38e,0,0.5601902332731605,1
067b6ceac6257706e337a8eca7565630,0,0.5601364210721366,1
1256f2a59e454d626c7a6c0f2fb5956f,0,0.5601131811263073,1
5fe52c2b0468fc25bba30f41035c4540,0,0.5601101781696185,1
edf14c33015a95dffc0028214554cc41,0,0.5600806197567865,1
61a340a033636c3880ff2214acec60a5,0,0.5600712508553864,1
fbacf55907cfeeab0f1cb05ac31c429e,0,0.5600696148378594,1
f2ca3b4e030373f8dba54a6903022c65,0,0.560036582356123,1
02f9e064c4cd00599af7e26d15350de7,0,0.5599963007438337,1
f327bc8aeab6d061c4c573c7e7de7d17,0,0.5599944573683459,1
4c1baee2c59853aa0a74790b8cbbeef5,0,0.5599696854995247,1
03ef5112b45dc8833a3bb89eb748461c,0,0.5599627364274725,1
8668c6d7ea638f51b1c3742aa5bd97d4,0,0.5599489287499636,1
b3f2ccc18187c0063bc13613a231367e,0,0.5598876710283051,1
e3047dd1cd3abb647dfc50267a9bf42c,0,0.5598722025900721,1
ecbacfe40e728dc55351151cb2b7e5c8,0,0.5597644186819525,1
64812f554a1e0ae09babcc0ee08715a0,0,0.5597527555389638,1
1ecd5e139fbbcd7a6b6eb3e30ed8cc6c,0,0.5597469236794954,1
69e88e85fe0c8174250a124b7a562481,0,0.5597345563985422,1
95c0772e8709029440f23baecd889e87,0,0.5596800172959447,1
307dd3ab0ad7900a7c239e9ea2acc7a3,0,0.5596766243241692,1
d54a4b272cabe50f0b721eb2f31211ec,0,0.5596555257521404,1
a6dc55aec1ee0b61d3f917e8c2f6989f,0,0.5596381801153704,1
bf24ba47912fc9dd6741e750e9b4e4e2,0,0.5596049413614924,1
f92a5e3bea1b09920ae90abc3f8a4cd0,0,0.5595871797023036,1
77c5e30d4c68a00750922e0819de990e,0,0.5595501003307164,1
3f51fe7189074be3c8355f1ac51679c7,0,0.5595314465974728,1
2724b465df81779da92138686ca70818,0,0.5595256993421712,1
f5b42759a5a1bcc93051a11279d6c90c,0,0.559515168968181,1
17fda1ef72d812ff002ff37324a0000b,0,0.5595122750370982,1
b3c7cf0678ea702d383052eefe05de04,0,0.5594872628948658,1
c17a9eb6a00b4d02003ff9fd6bebdff4,0,0.5594715090955946,1
0fb2563c2fb037dd6b28632cf7b10a42,0,0.5594684242308826,1
ad37ff09f7266e754a55d616c5613634,0,0.5594286038347661,1
f78bc67b7fa9441a8e9ba8b7bf89edae,0,0.5594013207792173,1
fd37ac80bc8103365858fc039a64a534,0,0.559384496299762,1
e976516ba68e51587f151e2c76498606,0,0.5593719377025539,1
5a65b9d8413c282c9fc12da40c432762,0,0.5593640745898564,1
3110339155d740dc64b31e1666952100,0,0.5593622361689496,1
1e97c482b4c9ec386bf5ea4584289a70,0,0.559338272344517,1
51082a58e90e77fcfd77b7673d6b0f06,0,0.5592627801658194,1
16c6775682b3b9c0bb2a6e6a4731ec1f,0,0.5592396381536627,1
579bed8121f490a9c8068ba6071edb3b,0,0.5592396381536627,1
e390906da0d183069dbbf154e78a74bf,0,0.5591434369683299,1
b7a6ddf792226a6c85e569e54fdf3092,0,0.5590514892986124,1
db6b3f4f20aae0237638a3e6a59f4d06,0,0.5590452130099449,1
666359a64a620c8ca12391c0d5cca2ab,0,0.5590193115873113,1
37a72688e390d6518a34aba45b02e5b5,0,0.5590012307703474,1
699003f10173022740145aa4aaeaccd5,0,0.5589971244758252,1
eedd4dacd7eb88c68a6793ff828f86dc,0,0.5589914185924125,1
20260cdac770469abf18ff0812a011ef,0,0.558989737294795,1
eff4bfe61fd7528ff872ea9e2f430b94,0,0.5589896657699944,1
71f02084baee16c46bd9e08824b785b9,0,0.5589761606531034,1
f50d4480cd39525dfd5dd0def0535a8e,0,0.5589157513763252,1
551707eb3a424c50d32faad35f2b8937,0,0.5589063119152164,1
e8be86c43c8119627d09c5b3eab39275,0,0.5588947400329315,1
4458faa1e4fbc76c9042d5ded0b53244,0,0.5588875025464518,1
be74f6ac514261775c3c6dd51b0a1e1a,0,0.5588241772904198,1
821ccfc135816e8d0f92f5585737a0dc,0,0.5587786060204474,1
1399cfeada4921c5dac7f53d6de3592f,0,0.5587736908915996,1
76b029c87118a29f2e3de420f5ec2fa2,0,0.5587355972758373,1
b3bbe51a0caf36d05239cdb5124a2421,0,0.5587205584101528,1
5c88de047e539f2ed9a643b3c7522f14,0,0.5586875537645182,1
1a281fe9f53ee457dacd2c9e8ccf861f,1,0.558669922611363,1
560f0209de88107bec357f67dade4362,0,0.5586671223216932,1
a30af9d68fbfcafb8451854c528587f5,1,0.5586649337866841,1
55aadf940fd59c1aadd1e79b3ead742b,0,0.5586584189625395,1
4046cc9e4828038b58ee191e1f713466,1,0.5586506389704515,1
d3632bb649f0608a8450a1d0afab0936,0,0.5586494968310302,1
21674cb37277d64e40a9575017e569d9,0,0.5586421607319058,1
160469fb680166043e1b6cf7191f304b,0,0.5586047461818856,1
017c477c81dd0f10726f7828f0475c0e,0,0.5585872189895681,1
1219d654c245523b2dd7c59dd89ba28c,0,0.5585788161197266,1
494cc27e7471c75cbceacfcd6739696d,0,0.5585663824369219,1
106d23b2827e8be3f52d99b11db0863c,0,0.5585621824404442,1
c51a1f42780144ae12d0e529abc3f83f,0,0.5585587901441239,1
a8e7566fea3cb3abb866aed741f453c6,0,0.5585464018680789,1
5c27983bc11adec1ea63921693b257bd,0,0.55853508375227,1
ebc35277b4c5294e7f08d23e27e98bdf,0,0.5585291474820326,1
ef58367f6474f46b8188c8635a31d18a,0,0.5585160869463192,1
55d5321a2f84f80d13308d258582eb2e,0,0.5585013341954733,1
0294bdc2d323f7399d6c38690095e94b,0,0.5584661890575262,1
890e2f88a5e6531a5c98b52abd1f9a16,0,0.5584286852147579,1
1085f6b722fc9b27136d022ba46e1d72,0,0.5584245716556241,1
84016b8a95d082712479b5009f0a6bd0,0,0.5584232345352572,1
b9389715e7ac8bf1950d755028d37ed3,0,0.5584120605223846,1
0fba92a4fd7e281bcd5c8d5f0cdb5f91,0,0.5584011074238776,1
ba3c3a8e29bdbed8b4b823d297ad1fdd,0,0.5583617151933876,1
b93460c02625610d2ea42a4e16be1f23,0,0.5583257443473991,1
d76f611a0ec454ca3aa57bc668217cf0,0,0.5583193889133423,1
da4ff019ca33b0c91844d880b6614c4f,0,0.5582447828304578,1
b8bf45dcf4388f8c09ddaf7d66762752,0,0.5582112763497963,1
b2a35fdfe13998540dc5fdda95e35ceb,0,0.5582071467873683,1
8d66f98c026e3d77ea0c70f5a2c8e98e,0,0.5582064807526604,1
6e7932d65c10afc9c622770cdf6e9d1c,0,0.558195480725434,1
dc2060f2771ddbcf103a8267d198a88a,0,0.5581450084987023,1
de72a0d8f772ae29cb7331b8e4d99efe,0,0.5581439993325782,1
2cb52bbf1547836a703f6c6152a1a072,0,0.5581183100155853,1
51006dd5d7be37e9f51110da07c3e7bc,0,0.5581142307595538,1
f8f4221e2e685b9792b23bcba4fb6af0,0,0.5580936081699628,1
f6d3570a6defa3ebd67df54f01a9b176,0,0.5580900762926646,1
82bb03fe517ba388c128ea1ddd264d25,0,0.5580840890171096,1
0d0f2dae01313b5269b8bec1fcdee393,0,0.5580835364094575,1
b77cf2b3614c1b5543a02453b8e82515,0,0.5580830544993579,1
9db51925992833f0528f9dd55a77f204,0,0.5580777274362652,1
f77eaf027f512701ec1020d4f68ffad2,0,0.5580474086897804,1
3d01523c62122408343bc08a31ddb1b4,0,0.5580420781899784,1
17ba63d7ab0aa24a40802ec2bbd6ab06,0,0.5580353415760467,1
74ff394db4e98c42e572c43e516b6552,0,0.5580342110667161,1
816a66a9b2cfd1eafde48a88b48e8dae,0,0.5580165300994913,1
a738c21ad87105ec4bcf95afff07f224,0,0.5580125397574061,1
cc44d1f72587f44e3af25f68f1db8cd2,1,0.5579982923822678,1
887698bc22a8aad2016a5134f3d10368,0,0.5579973471036138,1
9a0d65f3956268dcd4f73f23dac97f8b,0,0.5579964262150129,1
4e47cf274a97fd7db20e9a5d7e218343,0,0.5579925034278662,1
f63106fc5825de2332f32eea40edfd19,0,0.5579695455402743,1
8d384018dcb7cb4d9d4e1b48607ffc4d,0,0.557965038028379,1
6093a4a63c11ffdaf3b90d38a82eb36c,0,0.557898743877785,1
4a5bb40239d7975cd43ede3d2c9b12e8,0,0.5578932874642163,1
5cc34337f24fd6e17593326dd7ed5d53,0,0.5578785698832587,1
27ef96372042804a66039f87fcb7aa92,0,0.5578726665541786,1
481ca89097584ac46ced01f2ab16b0ef,0,0.5578703139590294,1
d7aca1930d27fc501f870a9f0fb0d2da,0,0.5578695408069702,1
709186ca4808194e038524f227148830,0,0.5577860253072132,1
64ecd6ed6e3f52a5d7499a0ce66b15f1,0,0.5577609920538085,1
a72188d3e6c8beb5170ed9019f37ecc3,0,0.5577566153100726,1
a26e79860743c5a17e57fcbe42d9629d,0,0.5577421080847534,1
8a83acf0dd42f798fb6f421ee13e11b4,0,0.557723742955321,1
23febc782c96a86789d1019d7035afb6,0,0.5576966694285166,1
719d6809c98139e57fbd97b39a14d2fe,0,0.5576742680716473,1
8507ef9879147bc27bc0f165730070d6,0,0.5576583753776614,1
b59c95165f6a62fbd502da7d5909a45c,0,0.5576580607341463,1
4095106fa4df8e377a44cd7dc86593a5,0,0.5576369009554797,1
d43fa47b338e3c085591bfcc81bebbfe,0,0.557632697561769,1
d4397835ae287e492b186d497099439a,0,0.5576240622095916,1
1f9424e244a3f342657f259ffaf6dd12,0,0.5576077645906696,1
39890dfceb33c313beef3df057896c1c,0,0.5575850726328903,1
c95d9db3e2db765d46893f9294e1b8c1,0,0.5575815919285935,1
27b29aaa8917271b8828dcf0dce5567b,0,0.5575703888205081,1
150e3c0ea68f0d5600f95f718dfd16af,0,0.5575213668221402,1
dc41826f5e1dd902ea5f257e6ed07b95,0,0.5575141501699664,1
244eabdaf95cf933c65e27d9f101ed44,0,0.5575102053859663,1
faf3da01768e284a7fdfc00a2428d9bb,0,0.5575056687133805,1
1dc7440f23e4c725d3795cdaff6fb994,0,0.5574740879431902,1
dfc218e598a5a22cb02a24e5aca66f9e,0,0.5574685590821064,1
84410ad07e78177b871bb6eab223499d,0,0.5574102336634269,1
58fd87b6b794fd7c2f3369068a0a3f5f,0,0.557408648076896,1
25e0e9c50bbbb702165055bb4bb2f2f7,0,0.5573893536248571,1
ee115a2e51b2e54f19b37174f9a5946f,0,0.5573553597731995,1
dcc9b2cb5be5a006e1857145b72cfaf4,0,0.5573517390005067,1
b1b56f74e53ff5151ef2d1b4a31996f1,0,0.5572846288486945,1
ce1d70c7d3d3fe7fd419add17e70ddae,0,0.5572744387138536,1
c659555d236402154ee432b609c2017d,0,0.5572034754864936,1
9de7f50b02466f13000469a350111a53,0,0.5571647584016554,1
62c485cfd5b04c8030d66cc70649d574,0,0.5571480988959991,1
d51e4b1432fda3f8c60d9f12cd8e1f3f,0,0.5571307248287587,1
f57b7aa3a97c996df00eae480ab7beac,0,0.557089675247572,1
35414f00d539b093f6427832e51d7cea,0,0.5570889911281851,1
e954aa03317a6b8596c483044de0b168,0,0.5570682163889921,1
e10bfd6b9b21521ec97f6cb2dc737eef,0,0.5570532579273089,1
556a795f0c4fc9414ad99778902016ea,0,0.5570494910340947,1
5648f8f7714f3075cc26b46aaf6ba839,0,0.5570142515109009,1
a35e2e4f869e41ba54b21735c159ef49,0,0.5570125979921686,1
fa5f55038a6e62fbc84a8cfebc64f813,0,0.5569705173995826,1
433ae7dec17c52db00fcbbddb205df78,0,0.5569532623590528,1
51ee0156ab8a559f992eb7308f0063e7,0,0.5569370587952225,1
fa8761b2e898f2f2bf15c6e4b2ab1f5e,0,0.5569208537468661,1
2b6aa183c14ace1bbfb595f840bc6c75,0,0.5569202355343504,1
234622c5e62e91a42a8ed2868e12e84b,0,0.556908436162505,1
2385022f396a4576e03f4029beef4004,0,0.5569047866345512,1
b8265c1c085ef9be6f78ddb11c6dca00,0,0.5569002675041924,1
95780c1d1d4de2a7bfcea046a7841cba,0,0.5568593036768839,1
b0244718d4393188d94d5dce8224f2ff,0,0.5568499205466327,1
a083c28c3702c3fec9bad7af2cd0c38e,0,0.5567690014268744,1
77418cb266aa9c801ef4d1cd776aaf3b,0,0.5567498681360221,1
dfd8a29cc303236ba280dda15e9077f9,0,0.5567355253173459,1
a68e536cd9504cc2f3beec3ed7242457,0,0.556726791414504,1
22a10db985bf635ffcb7eb3af7d33913,0,0.5566595802179393,1
b3862c77ce520400d5c3c70461022ca0,0,0.5566576623017949,1
481e99bab6ea4d189d6d463e8468d3f6,0,0.5566229722609332,1
06d80c56f0963ba775b0fd784bd01026,0,0.5566207364252624,1
12ae9d27e5e84221c11f93fd2d2656bb,0,0.5566071723738385,1
bbadc1cb33cdfff8e617a37e7574ff92,0,0.5565969457660156,1
63c6001690c00154c0caad2704e321e9,0,0.5565927629665677,1
c0237d2d96bbcd13d2352c520b9bff0d,0,0.5565769669370786,1
02f2e78d709aac71f0b74f2b2bf30984,0,0.55652603176358,1
acf37de0229d203f096e89332b8cfd31,0,0.5565119241741547,1
999ad03a184223a54a2610f8ac482149,0,0.5565097266450171,1
eaf894ef068f49c62fc6fa7d625fd767,0,0.5564933875540977,1
cb7d6970d2b2cc89fdeed002017079f4,0,0.556490983434097,1
c72bfb680bdbeb137f098ac6ad5338b8,0,0.5564436941743726,1
59ad44260fe22a49e0403dbb90cdf05d,0,0.5564047869525928,1
ced7a17f7446b6db1b44aa12b971fe48,0,0.5564017577533944,1
c08ea6258b493d6e3d11bcdb6bd2c4c3,0,0.556392087448234,1
fd70d1f2f07e5d95f522ebb31441264f,0,0.5563911938851188,1
ba611c64ba9683bffedbe55cf96504f3,0,0.5563856735686334,1
c1c8e96cdddf350b61600f9a1717a87e,0,0.5563653760684062,1
c7bae64c6670682dc01fe9295ce22563,0,0.5563591943418167,1
27635f54dce959dee4ab3a0f52608e68,0,0.5563517041390318,1
9a0dff840bad52a6bbc28367a21449e5,0,0.5562982440780713,1
647603966855f7046a23e805ef8f1e4e,0,0.5562559669368339,1
05888a33939ad06881d380349c0d0b1c,0,0.5561389465693923,1
c1151a3dc74d70468aad2e6ac8b324f4,0,0.5561325756751961,1
6aca95f477ff64c0bec9c5af2f0bd750,0,0.5561241630722138,1
c9ce356481a1a5121b8a88305c166732,0,0.5561039503158555,1
296be46a88516e5172a2ecf3bd374933,0,0.5561035892865004,1
1b32a6f793e30aefc6ecff6a8ebe1030,0,0.5560977034269373,1
77e9827ff47472170586ac915d81ad7e,0,0.5560936205178304,1
c572b2161ac1c7f6ba689522531d8e30,0,0.5560919782552337,1
9b51730fa415922803b46fe82216e75d,0,0.5560724150039679,1
75f15790b1852b42b1dbf645d98ffa1c,0,0.5560679430978062,1
2a6ef69674d6f28002c72b8d123b3a27,0,0.5559963672374428,1
d1ea8ba02023ddf35bae874631403403,0,0.5559653451253836,1
43ddb13f8a1b4d4d9ab3bb41ae2532fe,0,0.5559552964488003,1
f5aee11abd63a5e3796823f53a802a42,0,0.555945520627203,1
8910756e56fefa701ff0efde3e4f6b4b,0,0.5559201491167896,1
e375b4cb54d6a51cdbab74f3bf07ef77,0,0.5559159028810036,1
daeb283b71a3cc8f49c2c878bb86e15f,0,0.555910681652226,1
815cb77092f2f3194f6f40f9f05e1aa1,0,0.5558756663505761,1
8b26c030d47c1306bdc45b3500eaead7,0,0.5558629838599645,1
c0c1297e485ae1ada2be4d451d8d42f6,0,0.5558593300194921,1
760459e49a4d8703427171c6dbd70c83,0,0.5558559116046082,1
c29b50b505bafb39d2227a97a8ab6f48,0,0.5558319453909524,1
d60f14ed63f435f63b85628a7d41c1bc,0,0.5558038796986939,1
afcaa603b2034ed8d7c3bd09586ff15a,0,0.5557664487393906,1
2d92793a569a55d6337b7b61d3d45e04,0,0.5557065506114375,1
2147a5dfb665b52abe1fd1a0fa5326cf,0,0.5556972983172395,1
41242ec0f3a3e4e4af970d5564955620,0,0.5556940560609972,1
e2f8834d5843f8e622e4bff2a9498168,0,0.5556674517087987,1
07c8fde388fee352835f27b3ef13ff12,0,0.5556591044332267,1
7ac3e91ede8dfce385f63bb7f6967383,0,0.5556544269054586,1
24b4663e9ed08d1cf20ab7767b3250a3,0,0.5556346235726514,1
35dd6fdbd3caca7333ef2c6675547bd1,0,0.5556270245352996,1
e6cfb18e210213b9b75898f35b2703e6,0,0.5556231720390891,1
4e3971c7d20e9267d9374a097c6f49c1,0,0.5555660358616819,1
f5a0022a16475713f93c7013446a725e,0,0.5555561313787046,1
c1183213b0dfa29fcb1efdb4a0088297,0,0.555548975850966,1
ff2a2d82e7be6e15ca8e373db5c3e1a1,0,0.5554982582180575,1
e32390e93a2de2e3ec100ac40f5ec20e,0,0.5554786086511556,1
16436f5d6e237ac39cee3c60992abae8,0,0.555471511391274,1
f3b5ac9b310856ab36153e657e08a495,0,0.555466703855072,1
927a61d1dc36be0dd568b7a9b884ca8e,0,0.5554478807381321,1
f997a9a613238f71bd6e26eedf7bcd1b,0,0.5554157223659311,1
0796b07ffb9ac4ed589bda594ef0af75,0,0.5554117109131397,1
127f0ff2f4e52925f03388b3937c09b6,0,0.5554088684855994,1
3c03928d7b8fb32a745f6a8151497808,0,0.5553973374649493,1
0245c32b7a8e243d2574af599a186108,0,0.5553728267506579,1
246faaaf9feb10e6a0e6242901d5c6b9,0,0.5553602592651732,1
f73da9edd8e9ba848d3b95d6a659c5b2,0,0.5553508206841771,1
17dc8ed4c411c8f498d9f01ea62c188f,0,0.5553197001155483,1
a3954c8ef988789d32a6e7f3c4812492,0,0.5553183566422994,1
9f4c68ce46a6cb44330dcf4ba7d7d9b7,0,0.5553058625325845,1
6ae6951437293db40e0e4abd81a8430f,0,0.5552840222716696,1
6d4cbfa39985224e48a1bce59f5582e8,0,0.5552741239336909,1
2cf33ba9f0ea64bcfef5eddd02b2c984,0,0.5552224379214893,1
c6f717963e0abc6cd39c118721b6d575,0,0.5552224379214893,1
2dc40a711263d0661f2e1e4fe8983091,0,0.5552198536704681,1
0ccfd1c3caa127d3dc2567ec5fc1072f,0,0.5552054258173418,1
e8a450b1f0ac1a53c7a7871f4a54b7e4,0,0.5551945322798224,1
533418adfbbf110a4c2f1f5ca561d084,0,0.5551755982702692,1
58ce9a8de9253db797fd876efba39366,0,0.5551699516016895,1
d22dee9a69c987f183961d4daee38328,0,0.5551576781695509,1
1019a3cbbe007947ff736c7f257644e1,0,0.5551540772576232,1
d9876db394b3f1f5f599ba5adf911157,0,0.5551231933918424,1
ef5947984bf1aad3ed84c0ad7da9f059,0,0.5550930849425351,1
7bc209195f4356a7a1bea27a2a80265e,0,0.5550859407890751,1
d37787c843194ae27d979d085958224e,0,0.5550638544364145,1
659f52d8ed60a74eb8de94686fd54568,0,0.555058883510616,1
5a1ee658924a3bf143ec23e666469efb,0,0.5550314793332584,1
e34cb3307f44e210007b2d61573abe4e,0,0.5550008367004216,1
51d11e5abc725531b3a2fd56456885fa,0,0.5549813235651563,1
bd48312ef3ab7e4e832808c1ca9ad9d3,0,0.5549633724226669,1
68331f01178d0f907586051db642b677,0,0.5549584197569786,1
39c7d04d7aafef5be4c534747e64fdd2,0,0.5549145290642109,1
23ea311a83e45e4506515837f99a854e,0,0.5548941178753615,1
f053e082c3563fa331d4cd0c5d8ec177,0,0.5548571970695901,1
471c60b2055e13359c7e4f1e180dad7f,0,0.5548513779352122,1
17029a65a832ac0a58da6ef9df2fa900,0,0.5548340841435139,1
00a39521eb40f7012db50455bf083460,1,0.5548236705087837,1
0117fb2675e2936a2e96dee22e8c992b,0,0.554809550860493,1
6513e63443ad3306789b25a8d0c864ce,0,0.55477390246983,1
9a51a02b8d385a60eabd5606eea6ea66,0,0.5547567594450611,1
0d928c9cc70678c298748afa20bd706a,0,0.5547319244217864,1
788dec250d1d6b67eeb6e09a0fc69389,0,0.5547165395900853,1
b843a6968c2c71e37a5782e3db985ca7,0,0.5547082862835789,1
b1b38c2b3702ff6c420b6077b7a860ce,0,0.5547071451692465,1
272fe23cbba5cc6c8fd54636eb56937f,0,0.5546998523435291,1
614087a028729b268d449d542c9154fa,0,0.5546835202896155,1
5d2569fff2c0033a697c95802dc70e11,0,0.5546627023248007,1
023196e0c7c9f50e21677e45cc6d539a,0,0.554662619886497,1
da8a310d79c854cff220dc0852d50230,0,0.5546414473805811,1
d1c1745d918b9661759fce57da31a2d4,0,0.5546361838792384,1
1fd6d165ffdb52c44756353c668e4a5b,0,0.5545995193638479,1
0c755a283d5e37c2f0509c7964c4278d,0,0.5545778455657652,1
fb68daff9a009ca8d050e427e84c231e,0,0.5545532217785768,1
907dab97b590255644b9314ad0e0538b,0,0.554541142488779,1
299ac083d1d815e83d8e73e15c50ba7f,0,0.5545259898237219,1
67376b5d0924ea581b587d0ef8032fd3,0,0.5545255106989055,1
9e506ab643a922808385ce4b235621f2,0,0.5545209456895471,1
b1cae7084960bab5c863422a645dce72,0,0.5544781527827846,1
5dc6a8992710c97d198e7534150c23c0,0,0.5544609209548681,1
b4f0496d99ddbb5eba2926d66a9752d2,0,0.5544485629839798,1
4868eb71f4e43f6c8450433ccaad7379,0,0.5544445953352136,1
937ccb37e4aff745a55e6ab4d55f1034,0,0.554420705811756,1
49d78969133ceb9c2af7fef74bcfabce,0,0.5544185280360965,1
7d225cf67a1c7263e1a2365fbea44e13,0,0.5543986068131787,1
2ec42f8d47796dd5c20d9e35a56397d2,0,0.5543846297941888,1
1854122b40297788a444f49ca7735eae,0,0.5543829449344755,1
e3614559b07b9c565bd2ccc736af472e,0,0.5543764439296642,1
4d285c90d3a4161d1bba6feed1072244,0,0.5543686235562559,1
0788a5e2db8d16e610407f3ee826b813,0,0.5543580656742557,1
d368f7a4811451ab379d8f037c111949,0,0.5543562774251987,1
9eb79c299d98b2ec04e2734edac73666,0,0.5543311912320348,1
42e3510968b9442349d383ea0c98ccac,0,0.5542992696943757,1
049f091afb6a6679245c4668db080336,0,0.554295021516928,1
7439cb7bc20ee3afa8076d6a590bbf67,0,0.5542818198485995,1
fdda73c2b30179b8301c5657edf6f4c0,0,0.5542737924456262,1
189083a27b0603ef266e08de7abaf159,0,0.5542427185889569,1
8ef22961d84439c4f1f9f3d656c5c3d9,0,0.5542291319482078,1
2674aeba762a1b689410d5a4e705e323,0,0.5542277312096714,1
61115c53ac35584b96e5cb7bb91ced78,0,0.5542124756978682,1
f77d579f53190c292f9f54a4cebcc352,0,0.5541844603224592,1
403b48e743f8d0c417dae2af624c25ba,0,0.5541816534226056,1
7e52adb10e44edc97057a63fcb29947e,0,0.5541598841687821,1
61ae3fcc0e225678d2a55686b426d333,0,0.5541514295546477,1
965ee81499bb090eed9fc893366d415c,0,0.5541448683156078,1
740b9a28b39035534bf3425b19016263,0,0.554144209939576,1
672d9b35adf346fe59f7aa2e8264a2e0,0,0.5541284318347095,1
addadfb4ad503430478d937b6e59fa06,0,0.5541216912798873,1
1016fdb943a9d972e1feb76f053b3535,0,0.5541005336444371,1
932c791305bfbb60f2ca6f11202fb48d,0,0.5540857522746746,1
7ba7e144c6b6132beb8826e32bfb8565,0,0.5540540028872573,1
7ecddf4581070eeef4dbc6b5f4e95beb,0,0.5540362739772079,1
f6d52d9ca42e414cac6f5f44341e5fde,0,0.5540327062770634,1
203b60d303ab4fe2454b85b192d2181a,0,0.5540173299190886,1
e2025751a68d76ed85d7f8aa53738f46,0,0.554002224138791,1
565427a96f0865bacef2a6b400197b46,0,0.553974198333861,1
83b4a40f95e870ed87dab271eaa053c2,0,0.55395305634526,1
0488328f0b499963e32a37fa42a20ca0,0,0.5539414625035831,1
de230e43036dc218cf74e02e68ccb63e,0,0.5539288121793782,1
b1f5410ab04c6a521b56abf3fb5cb6d5,0,0.5539153045572521,1
a3fa9f85ff02862dd94e82ace1f4f245,0,0.5539028856989263,1
30f1bbd2465704e83a1214019b02e39d,0,0.5538555030198969,1
550a1a0e8ad53e4147e6c761b5699c2b,0,0.5538486822102161,1
b1b97a3a6f1c11d0c0a76d0e5faf546d,0,0.5537995155846954,1
13aba123512eef450a11646c572fccca,0,0.5537814220393765,1
ddb5e3c719efd85171d4768a3ea12475,0,0.5537599901249113,1
749996cec950efb90d14df23bfb9cf27,0,0.5537565124353042,1
e82e0c6518b86c147b2931634cdf5920,0,0.5537536587654228,1
f9359c7143a37e96f6b506d3aee0d271,0,0.5537525991444057,1
d7fb410ce33db84828fa62bca8bfc654,0,0.5537252230079484,1
0645f0f91d9e070c647b6781330c258e,0,0.5537162386854836,1
3967fabdddaea808d8496eb6aedc55f3,0,0.5537068015941875,1
3e7bb77746c1489704b3e041860dfb6d,1,0.5536963082589074,1
c0c896babc30896cdc6ec710445cb91a,0,0.5536682293339048,1
3485cd46fbf0423dd04f61dd9d0e5d7e,0,0.5536100214505716,1
748cfd1a1ed22cdaf4076d9e3748340f,0,0.5535716519606263,1
604e28ba05c324dc2b348647f0d51f93,0,0.553559595018579,1
590851c835b7400dc1344706de93967c,0,0.5535542257268141,1
f15ca5718e9ab2658fa228096f5e2161,0,0.5535292446668717,1
8fef6b37a86902967a81899f2276535b,0,0.5535260615933643,1
c101fca8eea6495be36af2e16610037a,0,0.5535044626111737,1
1655079c875d935798b3556eee5e4c30,0,0.5534926418155053,1
e6acf8d170b8a04c3243057e4afbf3ad,0,0.5534862550727341,1
689e1fbcab5bde81b581d99462c55405,0,0.5534342101951493,1
73d73973b6c1bdaaa8d87a67a348d81f,0,0.5534314833420717,1
33487182924ebe6674a18046b8d94c4b,0,0.5534098425837574,1
764236c71e547f516d88f0c6fb3930ff,0,0.5534003211834154,1
525dc103430f167f9b4dcb300393b1b8,0,0.5533828861921362,1
97b40f69d75ec6abb2d3406014bb397c,0,0.5533809366891627,1
66655cc85ad2fc7afa12e09ac2154a29,0,0.5533443277413049,1
0c7d953d5914fa058bfe90cee4762645,0,0.5533285116947678,1
4bd7bb66afb7dd4a9e3a0579ae6d894b,0,0.553296590817279,1
67b70801e21ff8c93e7ad2e6a063b9a0,0,0.5532954451238721,1
ea9657105a8bd47c0a60e1f2a8f2842d,0,0.5532858839167167,1
e389b132520298881698d4fb0315b511,0,0.5532815552344476,1
d7863a2b6a0ef60e48cdee8437c4c197,0,0.5532544054345189,1
86455ab5db9281db55b12e1fa4fe7942,0,0.5532425817611064,1
ed030fc84640e4a307bb9ed86b8cf542,0,0.5532272052546356,1
548d76f0cb7f2f381a7ca342b792e7a7,0,0.5532235222691823,1
b1ed4409bd541d71f2895307dc4d8898,0,0.553209698248021,1
aaaf358226ca4a9f20077806de76473f,0,0.5531478457012727,1
15f1e463f772f0f6739d6e1a869e7725,0,0.5531095657615397,1
0934b6c9d2d476125d5cc345c168e156,0,0.5531081754515,1
60a1e88691ef46c62b52fb2b994d7675,0,0.5530997264429673,1
1006daf2f4f3b40848bdb64d356b4b39,0,0.5530927009802572,1
077542ca1f8cb2df9a6e98c978034144,0,0.553051447272695,1
31a0924f318661d053477b0e7870298c,0,0.5530508668606949,1
f6668ad7a21a02660cd75f1ea3653487,0,0.5530452721589397,1
b0bc7735ebffb3e29e10de1ea339af6c,0,0.5530439042174213,1
afcc0fd3c5d0c948d5b1da2f6d966f78,0,0.5530416631466306,1
e32adc31eb7d235070c49ce1f8a946db,0,0.5530322281750484,1
66efda21323af0cafdc4490864d3ad68,0,0.5530084584286034,1
e7ee519ccf757ed03c39349a328b80e5,0,0.5529983513347926,1
7ac97af02f1b3af23fdca333aeda4122,0,0.5529770659009714,1
33c7cd0d69e316481d63567e3881736d,0,0.5529423962015833,1
eafdb06906a4d6764948319c9e722e26,0,0.5529264878818292,1
0b75fe22987994d5b014a60398b75215,0,0.5528619346277793,1
4ca4645eb9a7ffd4698e3d8a22de1af7,0,0.5528490067391356,1
9c17da3c39b62e86f3438aee6a348a91,0,0.552832054194792,1
861823ec53b4999b3a3cd107d97c611e,0,0.5528265815682891,1
c78db4a3f138ebc9ce5772aa324ef95b,0,0.5528107686981708,1
afe0c9c7e95054f1610d1d0595c411b5,0,0.5527944295865044,1
d0f35a2cb9d0fff870811961232a5904,0,0.5527866565406201,1
300077767cbc925601b3e23098cfc69a,0,0.5527806546230384,1
6d23785421f606783246d36b167f3f50,0,0.5527730083163618,1
0dbc1e8f767b693febf756c2b9f3a41a,0,0.552728710611197,1
e675b8023b34348c55ec1ad0c6db84d8,0,0.5526819745134054,1
4cf7d1ae3b7009c036b9ba011c2035c0,0,0.5526756547975865,1
c739eaf462d7fb1662025afdd34a9839,0,0.5526600769194435,1
195cabf057d893ad407d1e5c97d25928,0,0.5526289153841144,1
79148ee10dbe803940a71bea3d486b5f,0,0.5526281248380916,1
86c72eb52ca52af7d7836b923e83f2af,0,0.552617869614773,1
f86851cdb3c27df6fc66813c2c0ea347,0,0.5525783881797379,1
2da33a7265352cc9e0e4474752a0dfc0,0,0.5525710450537828,1
ef561658ff44ece7300119b56879c6ae,0,0.5525508694713406,1
ac96441d03840bb761ebe4116fb9f975,0,0.5525050849256888,1
e7d41c19da317af0612170197303d5a9,0,0.5525014887610558,1
7bfdf071ffca321ff04fa51ed5a8a5c8,0,0.5524857552177216,1
5d7873ae8c095b4aa1ad87e53a8c28ad,0,0.5524017272521465,1
d41f4041f913e486c11bf5050a9cf92f,0,0.5523533248999244,1
2c87693b95677a97ac5a6e396e717b69,0,0.5523475998656163,1
2b5c1e2edfc8f0000ba5eb5b26544045,0,0.5523292437438148,1
bcfd81cb457562d8a60fbe841caa86cb,0,0.5523276068619677,1
9c56b82b66494955fa8c756baeeba6d0,0,0.5523272041659211,1
4e11a713ef5224c1b4e2409ed9a05e15,0,0.5522995778490102,1
ac3a0453af13a228847a528c05071820,0,0.5522809200904165,1
168ad562bb545e78897ba109581ce790,0,0.552275478982592,1
693c7d670fcf4c4955c0545cf740458a,0,0.5522695739281627,1
67283a7be640fb3ce5d7df48a2dc074b,0,0.5522595287273612,1
6b7e0bd2f677974576b696c798a82141,0,0.5522491382235515,1
89ce5eebcf7aca54e51284c59724a1e2,0,0.5522489347926417,1
204ae867ff4e32138e6ad032ef1cf41e,0,0.5522407075897969,1
d8d94c812be68b5db02c9b4bf03fd1d4,0,0.5522378763618013,1
1ec6d0e485a58f8333544aed2356b852,0,0.5521689150253921,1
72258a7fb6515ed042d277dfe4c2cb12,0,0.5521650071066854,1
23aa908cf09e5a2f1c68dfd16af043ea,0,0.5521425466738904,1
774ffe5036cc11a7ee608762fd9da793,0,0.5520502553289939,1
0ac9a326ee1852bc190ceda58036f8cb,0,0.5520437377901617,1
9d84f7829432501761b1b1d43356bb7a,0,0.5519978832629662,1
d00a016616637f1fcf31fd087d393e8a,0,0.5519325210627598,1
6e94cdf4b593972f9d558b3d0c036851,0,0.5518952076301,1
ec7d3be1bcd3244d568032ca3d64c7fd,0,0.5518795183478246,1
a9734540d7dfa7d83f564ec7fcfac288,0,0.5518713463491989,1
69499c6c06650faebdc40c6c52baf5d9,0,0.5518703418549148,1
c540aa5574eeb88d5f8a75d3bf3440d9,0,0.5518618667098112,1
923bbadc05e0de833a6ea5e3d546c4d0,0,0.5518469076476196,1
26d4a4340a49c67056eda4b53ef6192b,0,0.5518450899823899,1
cb6eb4e06104e8902288c07ff4224c28,0,0.5518416740945115,1
c0379eaf8fea020ec57ef4e788f7284e,0,0.5518366990537883,1
5b5ce79e2d8f0ab28fbcaa8046087b48,0,0.5518366990537883,1
76aa828a180266cdd5d1b32bddae4047,0,0.5518239649412873,1
2b35abc51384da53b4828abdfaa56812,0,0.551782823455318,1
e3bcf6b3f8328a6af0df5955e93b8cf3,0,0.5517761515243588,1
9a6f808e3b85babc574ea2f425415936,0,0.5517626237208886,1
02c0e149593ec363ed327a4651128d49,0,0.5517605489194604,1
478ad0e58a5fbf512d7655c62a78dde3,0,0.5517593921203195,1
57d8d4a30e598b194b48768f00868768,0,0.5517477903350856,1
19c9e834b637b0d3dc1a262d3533be39,0,0.5517441673691609,1
6c734067f6c8d999e1a32f368fd70f13,0,0.5517103384924088,1
616c91c7231d7a3c9d47537dfe05f644,0,0.5517074172629577,1
68caa6484f6f485da6d53dacc2b4e102,0,0.5516788251153257,1
e037cf974fe8687f83c1704c8877fcad,0,0.5516556978653266,1
a8be8b2b5242afa034aea9f1ce38e15b,0,0.5516436602140609,1
0688d8f6bc2083855f1ed88c8ef79bb6,0,0.5516322648989785,1
817a088c8362cb5814377a31882ec667,0,0.5516207353921994,1
9c6b95edad9422ead215f7340e051d8c,0,0.5515923617289211,1
e3753196e6a35f591e5bc087ec011abc,0,0.5515828624750511,1
e80951dabdba370df78996bfea330daa,0,0.5515733772799969,1
b878e86e18f53b618d7335d950d268d6,0,0.5515122029175801,1
cb17ed1f2992268d2f0bbfaf47de2eff,0,0.5515080042240049,1
6fc16c6126369a7de8daa47dcff721ba,0,0.5514941458895221,1
6f984cb70006e5af276f7765f3eb3992,0,0.5514826504939303,1
fb729c7c87e874dfba7d6f75d40026f5,0,0.5514722001080127,1
dbe1f72423b35ecd39ebd4170bed945c,0,0.5514579230124564,1
0cf1a42d3cb695e862d8d1ceafe5f73b,0,0.5514474409821954,1
0eb05ce2891aa808fa85c4f574e08c96,0,0.551431580585264,1
eb57648eae0a9d1ef1d52a6945cbe966,0,0.5514295998749258,1
ba88ce96016cd6a8c2a257df2af74b5b,0,0.5514286936232714,1
3248207143e87d2b53175fddb54eb2c4,0,0.5513370060477703,1
ed0aed881a7d2b46bf72c6ae4a0da02b,0,0.5513249830495193,1
78d728237c4821f25508b773d2dc1dfb,0,0.551272803893749,1
f8aa18c5e24bb1ec0304f4abc83a60dc,0,0.5512457313392586,1
148861c366c5a8c1c60cdc7690aa7ff7,0,0.5511866813250416,1
ac379c94b05d8ffda419d5b40af262fb,0,0.5511851012082497,1
7ee13600d2ecddb57d72a4d092189215,0,0.5511789026173256,1
c9d1abc0b230150138b5716c0f5720db,0,0.5511641189782529,1
2da9cbc3b0cd4e56feb09c26771960c8,0,0.5511508791895682,1
c68a95b096e94c5c6e1f47c06d847171,0,0.5511354102040033,1
2b82b0425a030d4dfbb222cbdf5ea631,0,0.5511054635923308,1
42761fdcb4644b1324b1337e1c44d6be,0,0.5510854443944774,1
188d67366ef38cb34c89cf94347a8574,0,0.5510754928045729,1
f8b9ec13eba4f1bcc265416da29f0ba5,0,0.5510626651876529,1
261d11f936ebdeae709e01a0ee364cfd,0,0.551055236757707,1
31b8cc3d3bcb9724b307d78a3f455af5,0,0.5510550024559503,1
089d956fa7f8bc8b1d996030baed0fd7,0,0.5510483270670126,1
bf10b540b885142f2229b261513c0ae6,0,0.5510355811710532,1
7cbf82d4150c259186de684823165950,0,0.5509895405448769,1
e1d218506e671478f9bec837c1543988,0,0.5509623507047381,1
d4fcfd610357d92c0137c5488038e6de,0,0.550913100499143,1
09893d0d5863460e0c8f6c369313452d,0,0.5509030760336159,1
cd612700be57e08ca76adc1e3e69e525,0,0.5508324008383014,1
9261045ee2bc2f2f061583a615d528ed,0,0.5508148242779043,1
d1e79d32e78e440cfbc0f742835d7603,0,0.550796817103866,1
fcab07ead0f666753cacef7321c9c739,0,0.5507885810021257,1
33a3ca7b54324e31305439ac480085eb,0,0.5507787657132344,1
197d36917f19f351c78c5e83bdec07e8,0,0.5507612964824841,1
3a2521ce6d2dddd8318742808daf2a51,0,0.5507542897989817,1
d923748bfefb0c190718f7e94c228e64,0,0.5507385742962627,1
1195c0fbd43b8e02385c5653b91d0d5c,0,0.5507188619834624,1
a484864db179649bc723f218e041b6b9,0,0.5506824871202569,1
9d1b694515bfb34f66faa8ac2152917a,0,0.5506697966971118,1
d99a94ef74620b95c29ca49d7c778bf4,0,0.5506676679974657,1
5e8b7a60ee5a2e6e4a7ba9428826e058,0,0.550657320660478,1
c99c4af82fbaef90728d0cd6488ef32e,0,0.550649533464234,1
ef703a9d0ca43405418d06ccd6f5c0e6,0,0.5506376718695438,1
609b49af42511dbb7d8c3e8e37932c07,0,0.5506240590105165,1
40cb3346ecab62241f99b0201ac2141f,0,0.5506227944034011,1
105e25b71da608ff7ce69c4a3ae328ad,0,0.5506152206153604,1
675232220913c97dfa9efffee77d5986,0,0.5506046500156287,1
0e0a8fbaf8c04aa2acb0c6f4c3d92db3,0,0.5505957519540066,1
34f92366f52d2b66d66c5766e15c4e3d,0,0.5505754014452199,1
423ddcb7c0603e732d87bcc5c87eab9c,0,0.5505365868358814,1
85a9596c8a64fd51d1d644b8e2607de6,0,0.5505070813669849,1
66cd50e1daacbac871334fa71f3c6a67,0,0.5504981333196391,1
0ab255ef07d64b069eaba43466eb889e,0,0.55049541824338,1
30a276fc3eacdbb80f28e6164005db8f,0,0.5504909158000171,1
d5987794c00a42cb575f6479508295c0,0,0.5504571017810019,1
dda557b888ac6ac4a02a457e8ba36b46,0,0.5504437209677817,1
bfe5c33fdd17de983aebbfc4a87950a4,0,0.5504141368607351,1
268c76cfd8c07d089e62433b6a9e60a3,0,0.5504115570901226,1
e45db642e7d86b11ad9991a32a961032,0,0.5503815564994108,1
3cca08caf45fdccb36e77a3832d96ebb,0,0.5503464116760148,1
a02520120cbe8000d14e4cbc35f703f4,0,0.5503372745458582,1
9ff3ae8f4903e1f8c744a718f45ec759,0,0.5503286507086353,1
3dbf5550a66b1e9172706dfa48e2b2ef,0,0.5503261174742191,1
ee85f92931be433f1dd09fe6ff2951db,0,0.5503242065689534,1
184a10e1b37c850d78c7c5539cecb036,0,0.5503153764948976,1
f7399a537f78aeee7479ff71ed97d0bf,0,0.5503137435319173,1
a960ac1ec9a5f42103d26ba41537826a,0,0.5502892110429637,1
55584b2bdf6ec728549eced086ec8694,0,0.5502830045311305,1
21c471e47c2bcaaa328a8b6b5f2faabd,0,0.5502788798164531,1
3a3c4efd9d7b18393b6d774b9fc5a0da,0,0.5502590289762569,1
64897b2917925a7254a49c92950aaf22,0,0.5501928775306124,1
1fdb1b2757402b1c8c077a9e197b5d63,0,0.5501851951032127,1
fb090fc69428689b866e289eb638ef3c,0,0.5501695271017553,1
4438b887145e0848e91f390ad9bc299d,0,0.5501688367553355,1
e3276a09829510513e2f055f953b2aed,0,0.5501688367553355,1
dadd086a97139ac80c52955f11c6bd80,0,0.5501658550771881,1
44c321f7e47e5e46dd08da79f48c511b,0,0.5501625782957046,1
dfcf48a95422aaa787e7a3200b38c8fd,0,0.55015242439224,1
d2a5c80fee19389e058d5808f560700a,0,0.5501012828068627,1
283df413f80a8d4b7bded119188745d1,0,0.5500167157649317,1
080a538ba865739bd97c3ffd9e71bcf0,0,0.5500095866110049,1
6802a5080e6f6ade0f077d30a4be19e6,0,0.5499793377787068,1
79ed6509631208c7ee25695012c91581,0,0.5499634149903357,1
eac7f2e81399b4c58eebde09fc2d33f5,0,0.5499562357208005,1
02eedc8f54686a4ce9df86a5a4b6e30e,0,0.549913797645039,1
f1da617b625121656cab1df3a1413bb4,0,0.5499101635950535,1
7b466ff1322d3d697cb6112c35f1141e,0,0.5498720866782996,1
7d7a4aef2ec03f6373d8937d92334d6d,0,0.5498424974320981,1
12a1f3d9e37e23f67cef3a828a0ba029,0,0.5498283873966957,1
024ab3d97dd522b7f5173b905628f9fd,0,0.5498117282329988,1
ecf9d859507d68b1a2c7464fb76bcc01,0,0.5497771235368142,1
ca9e7d4458a2418dcd9b7f4c642d1e01,0,0.5497717631825245,1
f5be3392f629303bc8c7112f65132efb,0,0.5497675683737376,1
f14a9e9c027a984f48e590121700885d,0,0.5497436353757102,1
2489ae1dafdedf8c05b3279146dab4a0,0,0.5497158386985854,1
dd029a83ea06acacf1e617fa1a702de5,0,0.549699883277247,1
c767dbe6f331a287a229243814f19e0a,0,0.5496866363786386,1
60fce6e412dd4ec2bf0316d90b5de8de,0,0.5496666960934572,1
f2474ef11461417fe38bd0ff2bef76c9,0,0.5496563159031456,1
be9598af30d41b2cf3cf9a24733bbc21,0,0.5496525418172545,1
175b8225bdd99e95a64e07a6c06e8746,0,0.5496313139098834,1
3e7093ecfc2d4fda791cc93d9e18c3ad,0,0.5496208585453574,1
a36eced8c1d3ccd1ae371f1439ec5d5d,0,0.549618187443448,1
0ee19d798610829e56024c0523a3d33e,0,0.5495941211421687,1
e9b18b79800dbe00f5e5fc39563515ba,0,0.5495692830541706,1
134966dc47d2dd9329d09a427c5c6b21,0,0.5495631783991292,1
9d76b296f0e28b469bdbf08b32aaed94,0,0.5495194955645154,1
5b5edbfc98d0041a10a3a291b80c1786,0,0.5494775167177881,1
97ac5fe4d72f6aaca9ec00719a576068,0,0.549458269115273,1
bbbea7f167264b7236e4459dcb0a8838,0,0.5494532913562675,1
79c91e24f6c0e6a23e00792c4b815055,0,0.5494378879883057,1
a53b862d2544c07c776f7f6f6be167a4,0,0.5494253184469234,1
0b1c86a79abe371c3e6304dcf78cc448,0,0.5494173354183605,1
dad2be617be0339cc70b68a2c2cfb9a0,0,0.5493699072317342,1
2133e2f9f9e2ae1ee9cc46628e457671,0,0.5493501892944742,1
0ee2d68d876ee7e1d67e971e05d43238,0,0.54929044763136,1
211538efe67010fd37b75d08ebf360a8,0,0.5492836735129166,1
f579b2bac53a5823acb9475c2973b7aa,0,0.5492439285925531,1
3547764c8f332a1d998b0e328210d722,0,0.5492181682514511,1
de17a025422b77b1cc080dedb8c4426e,0,0.5491960477816622,1
2271b98c96ef2dbe4241cbbde7c8c12b,0,0.549188088605583,1
15ebccd5a7e89574bdf3c0cc0503f060,0,0.5491736493273116,1
0f13e3bb90bbd8912d57145479ce4839,0,0.5491527853704371,1
5c939cd71ab7195b5f661728772069d2,0,0.549145051303092,1
7f5a31a99fb68d672f872556ac80981e,0,0.5491387117403546,1
49fca40646e3b5b1153bed3d348908d3,0,0.5491334022316143,1
089a09e5471e89c7348d717ddb61e025,0,0.5491271729824666,1
26d792e30d0852d88ff4b5cdccadaf5d,0,0.5491041096529955,1
130ca124fab49932a251e96671ace3ce,0,0.5490992869446859,1
d783a133728a005bdae67ba84bb52f29,0,0.5490757097475549,1
06e4cab6db0ca51dd80a1c47aeda614b,0,0.5490407381977089,1
36dc72c0cc9af49108a408d7275631b6,0,0.5490357046412213,1
1874b3a24de500ecfe45ad1ebcaea3a0,0,0.5490343664875488,1
74b42aa1f07581bd26c7df07c36d4cee,0,0.5489714118767813,1
e02725ca044d62c140117886045b6183,0,0.5489669259306335,1
81c3d02a8bdd43a185097b22a3f8cd41,0,0.5489635806148878,1
26000736bcaafc7b80f7e4f1f907567c,0,0.5489377355147056,1
3019ee74ba656d872ff6dda2de845cd7,0,0.5488611305076199,1
251fcf428c0afa7383a65eba13d7eba5,0,0.548860684613911,1
a679b405524af5adf6fca7ab98607edd,0,0.548853179940446,1
e6d9a19e22fd2cc2ca5dab4dff73eb03,0,0.5488144241108004,1
8db4c0ab135f94883792c18d2a7a1b89,0,0.5488081913003129,1
8b8cb3fc3f7ae14192f65dff259381ee,0,0.5487882346504206,1
afa48434d8fe6dac9ae68c1f24947371,0,0.54878243458207,1
253dc61c707fc9f83ac95ecc62a26bf2,0,0.5487541863589388,1
f665885a918a283d25910db7e8cf94e3,0,0.5487340109009468,1
267be302d24a41f6bef3178c38dcc513,0,0.5487336067715556,1
90445636126e4dbeacad6c7ec24e4c16,0,0.5486876002141587,1
60a4bc62e8551d4e1b9322b9fae45bab,0,0.5486764955347786,1
66ecca30d4b62732f06d4ebeb747b5dd,0,0.548632138413742,1
82f4c5b067567555f5786a751bfe81ab,0,0.5486081020875678,1
d56c514f0a5c73224b61b2f731141d35,0,0.5485990713885218,1
e890062c8472a5d59e3126065e8478d1,0,0.5485892668283429,1
90733cb485a6e26204cf267efde660cd,0,0.5485892489169929,1
dd99507a03028827d70c9d6e835a7693,0,0.5485814480971032,1
2d51fb14470de565e7930d56becb3f45,0,0.5485768806266255,1
83ad84ada96d58cded17e914b6ebf2fb,0,0.5485755085175182,1
0c3d4091777941c3c51a4408a3ec0037,0,0.5485717424073419,1
5413ac632f2eb867ef5b32c1fbf8c6e5,0,0.5485270389094503,1
ad93fad8236116a49b08059fb2bd8145,0,0.5484816237555991,1
1fa44cbd73858648c8e08aa34698e181,0,0.5484816237555991,1
2a1498fc7c4e907d9881648ce5464141,0,0.5484710237704212,1
75fe3566fc68605bd961efb66c628efb,0,0.5484568510875124,1
94cffd1e5129cf8537e1d034e553c259,0,0.54845055753949,1
5a2b3faae93a912962d9518dde99f35d,0,0.5484363847430781,1
f54dd65fcb08733a27eb06c09bae39c2,0,0.5484206969677011,1
7fbf3cb3a9820378008658cc9426b716,0,0.5484163520776514,1
09d4fed6320030973607491be508c075,0,0.5484150661923427,1
1525c29997724d87a8cd9a7654738f26,0,0.5483837719021646,1
a9180fef5856f2ea4dc394f4470ec591,0,0.5483743622022627,1
97139a8bb175ff61d8c46574fd7a23da,0,0.548371848826698,1
a3b1322cfab2587b70bf2f12eb8c05e5,0,0.5483201988284768,1
55886b0da0e1a4c9e753f3250419c0fa,0,0.548298968874629,1
22b59a78fa7b501bdd7e72a076ec03c0,0,0.5482654438523505,1
40f8c65b3ef65fefe1ab5ea61b6e0ab0,0,0.5482465793057909,1
88416d14ecec06185dcb5a24a1258c14,0,0.5482373814797691,1
9e878efb47ff116d7b89b5ee1fd23e11,0,0.5482363287030773,1
b9e338b2a1eb99375b994db858fdd143,0,0.5482263508879708,1
bf72abdfce444f60be4ba6b963479c6f,0,0.5482169654541355,1
33843e4688de258574676a6ca92060fb,0,0.5482124317320926,1
0f165a728ed0815c4b3c9edf6e542c3e,0,0.5482088122623119,1
ae67fbd5679dd903cfff0d9e0f8198c4,0,0.5481997843850008,1
89062d67f169609518e256850f416bd0,0,0.5481282075411742,1
13d8632e676f8b29c747ef4aad2063db,0,0.5481248386843188,1
0f6ce0865448282132608fd50531ca7d,0,0.548121649897396,1
f6bde9beb01b518b1ff84d053fb5f0dd,0,0.5480788946830019,1
72d1adc072dddac82d57953a3930108a,0,0.5480664333434075,1
6f28965cb68a5b0a11b0a11ddb0db5da,0,0.5480620920571836,1
43aaa510c68e6d1f0355352c99c06e1b,0,0.5480330394016081,1
d02cd251d19072e5117a5e900bc60f78,0,0.5480268923766668,1
65ff65476364f61bb41f6c7fb47d623c,0,0.5480268923766668,1
db7d237377a3dbaccede13b803c28306,0,0.5480029743030788,1
d5f7753bda472d7560b6a4a0d97d33ac,0,0.54792219367229,1
a39d31aebdae35fa38301e63ec1a711f,0,0.5478889927412828,1
2f0c9be77dcf2d7b506cfdc91126f728,0,0.5478830467974165,1
34416450d9f82a563b07a853cb11d643,0,0.5478673718602619,1
3e12161c593c36bae8b08688afc1cded,0,0.5478646574612175,1
b03e447d5432fe52a0efaaf6942178d7,0,0.5478557766565627,1
6a9228e8188372259d9a1db0e80b5af8,0,0.5478351806604905,1
ff951c3dcb657cf0e8eedc0b0856f902,0,0.5478237992446728,1
9e1a887900d571126078e1c10e3d9cf1,0,0.5478193450035205,1
831d35eb07e4ca4974adf2de9a4dbb2d,0,0.5478152957476812,1
1cd1cdfebc79a93fc8f14e727ebb9f46,0,0.5477875086015371,1
07631da297e03969f8a504ce3dbd905e,0,0.5477725089311167,1
fcea52a5474c594dfc3b09dfdcf7f111,0,0.5477413855866702,1
f8baafbeeee68555e4ed9243728815ba,0,0.5477373864457535,1
8a4cddc3974dff18373cfdeebd89ee50,0,0.5477293096202195,1
ae864af1d62fc952073ddcd1ab59a233,0,0.5477070938407975,1
2894a2958be8660f485382075e61a170,0,0.5476883148390908,1
14ab6d3d1e2df5a47fbe944686f5ef6f,0,0.5476802321269663,1
4263f75ee4f1f1078efd30d4045320ab,0,0.5476634048601771,1
6b2af3473a2aef0b5ba7461f97a9494b,0,0.5476388836394469,1
e85109b2b0fae6d7151666c5e5e841ee,0,0.5476290285526831,1
f5d68ed23db7cbd4fdc7d4b892970633,0,0.5476254171947175,1
27f65cdb99727d0f4a5a8c6f08e77130,0,0.5476237131737585,1
a6414521c285c6de50c80d471e701cc8,0,0.5476119078744722,1
e8b52a437e134cf2dcb5dbb93b29d0d5,0,0.5476064895019981,1
cd96abf46c952f1862f6d232ae9a6bea,0,0.5475887788085956,1
ea5c5a05089d00574ea108cdc5d70ba3,0,0.5475418466705516,1
fc92ffd9299bb42ed81b1f3dc568dab1,0,0.5475335176985793,1
4c0031f9334248a4d3c675b527c67b88,0,0.5475306041567589,1
2147d765b33adb178c5b7469171a0284,0,0.5475163794965632,1
4a3b6233269f211111508c801117a357,0,0.5474850677471048,1
8bf46923c2aac6f76fca2c7e19432778,0,0.5474827993589436,1
06846137f99fc5cf2935c181711349b9,0,0.5474731272984176,1
3a4924330759a187dda85d9e9780ab22,0,0.5474395780429503,1
4ab8a9a03f7b810089abc16d253a0c12,0,0.5474362208358566,1
9d43fce1eff4ec570753b91e60042d18,0,0.5474177391055001,1
0b8a4ac66e2edd1e8423e2016dc5b9b6,0,0.5473931336080322,1
019ea19e666644625032de5efe2ceb71,0,0.547385518516565,1
e4b623a95fd2ff9fd141001bd80a9339,0,0.5473207738255697,1
568843f1b07989b16ad67462e4f7eddf,0,0.5473204452942896,1
615032ce6c0d824348782cebd15bafbd,0,0.5472806606789995,1
25aa30f9f381e3033eddf76ae63adc1d,0,0.5472052981043105,1
bf43e3266f3f1487de5ff2a8213aef8f,0,0.5472010335577399,1
a7b3ee56a66877702d89d6e6d8ecfa59,0,0.5471830271301582,1
eabd679ffa5421d6298f405368abb129,0,0.5471828608182863,1
42b3b11ca9a34bc92c2da4a0b3275567,0,0.5471827461183387,1
5c3364a5e1791511f2dc82c2a41dfda8,0,0.5471736976811719,1
52c94e8b76cee46397ea911039c8820e,0,0.5471718214645168,1
5b2c2b2a8d9e890debe309928d321f20,0,0.547160990927013,1
dd2358149a1b6b710075b705d1a0a115,0,0.5471597680509525,1
0b42d07870bd72fe23900d4356f9ad25,0,0.5471256464572805,1
be40dd02e486b93b8b4128f2715cfdfe,0,0.5471252031376397,1
bd8846c0a9229525faa9fa94f8d259bc,0,0.5471196200843336,1
399699e87adec3391203291418de34d1,0,0.547116477633216,1
b7a539004edc5f02cfa5797bdd8b4832,0,0.5470730850892587,1
47399ede3d8e67631b98b615bdf3d362,0,0.5470586295253752,1
ee2633c43e97c532fb22159d8c7975ae,0,0.5470558838203842,1
79e4338f3e099d098714d5ea9f1a0401,0,0.5470498942963434,1
0130a250cff3b3b0649cae3671959139,0,0.5470375901951079,1
18d2b871ebd43151f20b67ea7bb1c96d,0,0.54699918496388,1
d4ef2ebf5e3ca1f7146ab1625cad575b,0,0.5469891449726295,1
aa869e19581b0fbcb10088ff7d0e5619,0,0.5469860423592195,1
9862e3727209fff2adf2ba40190dbe1a,0,0.5469412251681341,1
f2e071cf1cbf4e8d22de727c7d8835bf,0,0.5469396177051651,1
d7c529d4135803d474f7704f9b93a5f8,0,0.5469256079893904,1
01ab4b660bfe57375e0486a07bbe31eb,0,0.5469249129518611,1
8a3b2a4cc28d91f16a8e0dc4d08bc0ba,0,0.5468976390356735,1
e418d41e6471f1d8970eabfb2003bb52,0,0.5468751796196422,1
15dde4137d6fae5da4310bab2b5a953e,0,0.5468240501573972,1
959d0dedf5b88c8c99c9c1375f839230,0,0.5467919190143624,1
c4f4404ba7f12020d4f83e044e642d28,0,0.5467850121171953,1
6337e7c3d0a59aa92363736bc587082a,0,0.546771539847575,1
e5ef6ccda2a58a5e757397c302f45da6,0,0.5467565309793804,1
10a99cf69bda51b0311212059b8acb51,0,0.5467005404577773,1
33bdb3c2a43deb2066f3a83bd6590e4b,0,0.5466930695739596,1
34115d5fc0c83f38f79c68c8edcdc1dc,0,0.5466904421021105,1
02eae69eeced34b78dfe3850b62e692a,0,0.5466808510364425,1
667358b5a0a6c96b9bbf42bcf4ee228e,0,0.5466378731732502,1
269d3f159b0a46b40061a51fe4dfd6ff,0,0.5466209996691458,1
9f049e0cb6d21a202e2bce512fa8b1d5,0,0.5466200461128298,1
d7016618d0a287f7baa1b533eb903860,0,0.5465420627514822,1
89a9e1d252f77131ddb5e205482e1990,0,0.54653613898527,1
bf2dab5734a07e9979eda42862cd891a,0,0.5465305144825119,1
d09b44db1464b880dfeea0e309a6b48f,0,0.5465257977251315,1
84ff702056319d369f8a23d34511d388,0,0.5465155845441221,1
068ff974f073fe7049744f42edd77565,0,0.5465107541830253,1
c4d97ae02f462bc5e0733b1cb84156d3,0,0.546508223575548,1
907e501a4d2addd834e685b65da87507,0,0.5464948136736654,1
a6407548a234d06bd4065eba0ff6e99c,0,0.5464643476939991,1
989eb11e93f4f19765421ce152413bbc,0,0.546419124041349,1
137d09ae9e41e9c1035cdfde4ab2925a,0,0.5464046232375922,1
f3032447144c63a7957b230edcf7a7ab,0,0.5463633118784734,1
83a0ebd6bbd70127a0f79dd01c41052a,0,0.5463506722629158,1
93eac6e21b2113a6da9ab2aaec1eefba,0,0.5463419765319831,1
6a64953f5229b3f7365e1b8e6c2a8a82,0,0.5463357595347782,1
bf783db8369def80ea473a2dcabf7e67,0,0.5463308650850893,1
6259324b7bb024051da47150f5aa313a,0,0.5463083840001961,1
2a1bad624a5572429b2f0bdc933798b7,0,0.5463062714038315,1
59f8104259a7c06f9b0df795763c50db,0,0.5462986743368266,1
9579583ea574e24b89b5585666fa0e2e,0,0.546292013425162,1
58fba8b579123690f22f1e0a8cbb8152,0,0.5462916740716048,1
918d5b9108287c548ab267ab40d66d13,0,0.5462674500558703,1
fe1a0586d9ca0876528af23f3219ce3b,0,0.5462551369189441,1
920dd9ff1113894393b3d0ce1fc4c89c,0,0.546254368393976,1
a9b4929689bc74b4d8764b7214a9bbc8,0,0.5462456397928543,1
61343129b5a84f2e32a878927ccdff88,0,0.5462454302413876,1
0b0548476f92f8e3f71718784ad32aed,0,0.5462351129752053,1
851e841ec4c3142bdfa4e0216749ec90,0,0.5461961125158266,1
ac0b1f3ca1f5ba4de31cfd78cff7a1ac,0,0.5461795793030758,1
b5599205c271f90250763ecfa88b4b21,0,0.5461614660137883,1
350fdb306568e0cecf20919428b96c17,0,0.5461567363125963,1
19400d6a4f870689c3463cd68bae0b2f,0,0.5461523467870499,1
bb6d785b806cb1eef824812b06b9f15b,1,0.5461499552188271,1
65642d132e2747e10e1d2d00005aa20e,0,0.5461434762428808,1
fd2aefc53a072c7da8e94cf9d9c9b5a2,0,0.5460981448349426,1
21f3bd4beb8f0c6bd813aeb8a5e5caa1,0,0.5460807863697315,1
be9edc2e40c03575199b64fa20e398e9,0,0.5460775268798546,1
a97b71132c55bee38f177cdc7e3be621,0,0.5460708950353198,1
a2596fa6758abf05b1c525cec976602f,0,0.5460680019731309,1
4a3e63e98318348a7c9cc124cbdfcd48,0,0.5460677419776399,1
0484b589fc006d538903a147c83a7915,0,0.5460593745684258,1
15a157b99c6283ba440102bd2b85addd,0,0.5460541836279083,1
b1a1d5fdec65cd4c2157493843991df7,0,0.546048511610223,1
aeab37c6b2d7ac1b91e18c2a81cb771d,0,0.5460407646935536,1
24f534b787ae812c2935cd802f24003a,0,0.5460324354945761,1
68c48ba56d02204f6227241b55273edf,0,0.5460058028164932,1
fb1756887ae59c1b0efe8d0544d94815,0,0.5459804689386492,1
93fa0e4424cb0c27cf32da8068c19b0d,0,0.5459735829917794,1
ec50dee730590325a5d4e83574cfb67a,0,0.5459535203783352,1
6dac31e4416c33f03a0d3069f7bc0c4c,0,0.5459444527644577,1
40d7ffcb9e5a489674dc961eba1a5535,0,0.5459419337392181,1
38debf1cb87d849b5975b2bc5fd85c64,0,0.5459288690364569,1
0151bcc17b8ae63a495b6c9fe6f708a1,0,0.5459143132263271,1
c4c8a6af60b58aed2b0edfc848a28700,0,0.5459075061257558,1
a711e9ee4b20fd85ce5bae6a96543d86,0,0.54590510172786,1
e0aa6100669afe14db4e356afbf7d744,0,0.5458806058083133,1
6fff1328c1b32410c5e154b8dc5fb209,0,0.5458605387722214,1
9ba17a57258e3bd8caf117aea95dc59d,0,0.5458393686779758,1
4d368ce095c2154a17dd6063e295f405,0,0.545833061350477,1
32d36db8ff4b40b4349f0ebec623be72,0,0.5458200039756146,1
2ebaa12e88ed663cb20a5b377628c4da,0,0.5458134805722497,1
b8f785d2120597da19712664f917a779,0,0.5458047071326351,1
b8f9ecc7915ce653a1d7ee6dbfe8f54d,0,0.5458004836405178,1
d8dae23478ae79d7fca03f52342e2854,0,0.5457727164434016,1
4926c6843cbc9a66f0524e37ca0945f5,0,0.5457622836227697,1
5bc14c2233f3cbfff394f3dc8e77041d,0,0.5457530692592201,1
9724a3cc0a7d59c6be186509c773f70c,0,0.5457473470665909,1
8dd57858688f7d01be134bbda0deeace,0,0.5457418211274823,1
129a2123eaeed37487cf969f38fa4de2,0,0.5457391543846078,1
f4cc948dd6403be95809c7ae3aef18e5,0,0.5456662820560156,1
688b79f43afc63d0ae88fa08bd8bacaf,0,0.5456568278296149,1
5020aef3a0df22029566690da49bf51f,0,0.5456385894400613,1
b8a34259cb2100a642a2414734eaecc9,0,0.545627609218693,1
08d5cffab016626a395457f82ef338a9,0,0.5455965961504282,1
202d155e737de1cacbca5f72cef73bb8,0,0.5455880564969079,1
c15eb9e87750a9ac060148011446ea74,0,0.5455873868787293,1
81cac5e539b7849224280b2b7b4114a4,0,0.5455867143414949,1
e8c5cc08e31f016c1df8f84439be426e,0,0.5455677471800395,1
9d292e39c735566a5cb27b7c54dc94a7,0,0.5455621840923536,1
5b5c88892e1bf3030b8f488500788a41,0,0.5455451795053783,1
602438465b89ae09e0724d4961b7ecf1,0,0.5455313531528142,1
f1939ce96b04762f66d2379397610d33,0,0.545477160871941,1
460a074add4bc5d2a970a77d515e811a,0,0.5454575190410059,1
3807a9ff75bf4012d9a3d069dc66ae92,0,0.5454481125746424,1
e218bd5589302d880b699599685a8e9c,0,0.5454390185163817,1
1317843451728c78f9750c6c6eb6f576,0,0.5454386853704634,1
d60206c59aedb23b925377dc8fdd43bb,0,0.5454133868480855,1
91232f070fa30eb0acf8ec5c852d7e12,0,0.5454103507547459,1
cdf4461e9701d83bfb42aa0e2319cd68,0,0.5454102106710903,1
4ac4162aa13b1ffa075311621d903bd6,0,0.5454016572573733,1
63eef04cea80cd9c94b9cbea99e5324a,0,0.5453855001082466,1
45b1f16e81cd46f0284b1a31c0a22575,0,0.5453793780939447,1
3aa2852bbb00dd629f22745713d626c4,0,0.5453643754538552,1
e7c999063f89c90e56a025125406f87f,0,0.5453607557285596,1
6316d662bf2427ba040e17b59e860600,0,0.5453344093940939,1
93a349ab746fa201fd2b7e030f4ed2aa,0,0.5453310367696041,1
a8b2f3083abb2ff207e898eb1886c7dd,0,0.5453306776828737,1
ccf2d4f44c0c5eba6f11621b9ff7f8b7,0,0.5453045468767492,1
8cd6cfbf17b6146cbd4c8eafb669efd5,0,0.545304375015612,1
be1642b14347366dac1d8e7f0cf9c26e,0,0.545265888770686,1
04e7254d921632586b4dc9a67a3a04d3,0,0.5452563256837271,1
c989632155e1945f60b17405c831ee0e,0,0.5452467301368894,1
98bb7b5e6f227eabf7e22634a5a5073e,0,0.5452382003404705,1
9f038bb9288f7927f307cde5ccc1a524,0,0.5452195210683881,1
7becd543aa1bf3adf1ec4009e7d2e323,0,0.545196298586473,1
a96a652a1d05d320651910a9dd0c3d6a,0,0.5451924672523677,1
9b63e87d9898dbee664c3a1105cb1186,0,0.5451673069108254,1
34dd068b0cc573acfa3176f1fdc1c181,0,0.5451488942637417,1
5c3a3f24b3489d655e3d993907d7e016,0,0.5451201494608751,1
28a42ce270d16184b183a4a8f6abe13a,0,0.5451162104245018,1
62669ce403a28aeef18e23bcf343f27b,0,0.5451132112742795,1
91cc64efdc8300db4eae42e836e9e148,0,0.5450958547117495,1
20bad2661ff93b15768739fc34499e07,0,0.5450861023763516,1
2d3c25ea3f9a4d5136a7ff272b1b0ab1,0,0.5450628222704653,1
977d3147c11a70ed54f38d0cfa0eddf2,0,0.5450589163560168,1
abbf7bd2953a81d660f8b07c9895888b,0,0.5450471386268966,1
6f1e3c3a47414ed6e7f10231edca3830,0,0.5450466826419045,1
0edd1ca451a7eba6600829962d4a3699,0,0.545045479683262,1
c2f6235aa74caf5b3b21c12a429a0dcf,0,0.5450415512579999,1
4f30c12cd0b6830b37fe2b29ecfa25de,0,0.5450401803501738,1
9b114e7b5728a746f4625c09de2b8bc5,0,0.5450349818527869,1
5006b8b9d213d9e9bdba308daff79b83,0,0.545013669910833,1
f333b56f4ab49b103b57fb5fddcf0eaa,0,0.5450081156982681,1
33af0bbf265311b13bf09d859309b52b,0,0.5450017860688865,1
d774865a75dfb9951e56b5cb8103f41e,0,0.5449912458141016,1
05d7600f5c526e0722b3e07059588bcb,0,0.5449865816210192,1
d045537cf9bd29e415334af5a6cb8ff5,0,0.544985359348254,1
4485b198946c8055beb73921b88ad663,0,0.5449814599007176,1
9fd6f7d582f3748298ea0be237b3628f,0,0.5449467643048199,1
8d3c3ccb7dec72e59f272836dd23ba82,0,0.5449384848993248,1
0d546a8aca21d58ce6c480a7747aa308,0,0.5449293901274218,1
2ee77d43be5a64c61343323bd5b1ce16,0,0.5449090034036141,1
b48c870ee4482144b6ec4c2f90287637,0,0.5448474564470311,1
15fef9334fe39b12f15077ebba390f48,0,0.5448180617770798,1
ea49316c401c7f02e029bf312edacf41,0,0.5447980577177141,1
1da985e4ee4dc38c69358279fd0bc226,0,0.5447736098473482,1
16edd69e36bb037cf5a14d916a6efc82,0,0.5447577531977271,1
601b3156a506027b2b5cea597bd747c5,0,0.5447478222359559,1
38c157302fcabfca064c415c5716c618,0,0.5447369202604316,1
7b4a13609c466305540b6f4f416856b6,0,0.5447307083226208,1
3cd8a4523dd9a286b3d3d6ab7d7f6f16,0,0.5447270449465368,1
3eb346477783a3af604a5f8306456355,0,0.544709027017411,1
f51c98cff20a970dbd9efad7540d30f4,0,0.5446980525253976,1
f2eba8e794879de9da8ae0d7b6de2e5e,0,0.5446978543245298,1
da2eaa42e2550b4f9596e361c4cb636a,0,0.5446813327184754,1
7a3b3594aa73f3d60383e543cf3e13f8,0,0.5446755073263658,1
5afd7306d740e33d1115bd8afd4246c9,0,0.5446695601106711,1
b2bf5942ebc2c60cba4b07707a51bf2d,0,0.5446609879227162,1
fd7e7e4d74e83f8cdb71feaeb0ab7856,0,0.5446595885216996,1
3d4cd13fd525234c1c4a2304fbe769e0,0,0.5446418233786128,1
6069f295bd56065722a705cddceeb480,0,0.544617872811461,1
a16ad765c958d49d1239b3ccb2a3717e,0,0.5446143032711681,1
564c03a40766b9b404572658fb74524d,0,0.5446101478369614,1
fdbc9e3e8ff4d5fa66c92c652912aef4,0,0.544596459153773,1
86b3fe2ecd895fa35d303e2a49b3130b,1,0.5445961038347954,1
7af7ebbed73f6c1ca5c0541e33071887,0,0.5445805740876998,1
fe5095482e8c21ce3c46c65616d8bb10,0,0.5445415932437763,1
0d79252fffd1aab6f4221dfb4bc19aac,0,0.5445356546229742,1
638d5f3481fc907161c69952a1571363,0,0.5444857093164125,1
375978078457c41057c7641766c95a22,0,0.5444784470364354,1
844d26fa039f6a16a2496ac8fff21af4,0,0.544465516460894,1
d2727a1a6f02df0ed8cf0255234b4ada,0,0.5444417638830864,1
74d241292d4ca93bfc962326cd89425d,0,0.544432981290321,1
502f15ee111d5b30edb2f59506ff792a,0,0.544425617530502,1
f16b5d43cda092901d675615467e41f4,0,0.5444154617502568,1
6a7771fe38afc6a2f6604d19431287ed,0,0.5444019029705742,1
e4318ffd1b214481a4ab0bb956a8f84d,0,0.5443959708632448,1
ff917c9a5c8153119ba15b468afe1542,0,0.5443915588581631,1
48d600767669bc5c6db104c1c6d9690b,0,0.5443769940024032,1
7f9a27e48f342cd61ee6a2efd524f7b4,0,0.5443714114795072,1
25621349fd234a2556fec9f6aecbaac3,0,0.5443260883684498,1
f64911031e3786c2a71fec596fd1c33e,0,0.5443163361835379,1
2afe882179ea5c1eb6c9f527fb19ad4a,0,0.5443053132921606,1
1019f17ffe34ffa1ef0c3a3ffba76ba2,0,0.5442978557944363,1
cc7b98560e2b39f473911caf75f0bb2f,0,0.5442915175848801,1
0b83f73b19c2019e182fd552c048a22c,0,0.5442593796188916,1
66f61ee7e79db4444c7d00a9c5783a04,0,0.5442394503766793,1
588f91edf2c614ca25768546247e6957,0,0.5442356617639519,1
58bfe871a8bb3f05ff776d4cf08ce50e,0,0.5442259329631735,1
e0114238af7a9aac7fcea56cf2e43cb9,0,0.5441981520566612,1
fc57072a08faf9d7cd75160633f48027,0,0.54417743931942,1
f4d8c17279e9dfc30da6f14ef8b67219,0,0.5441757877374099,1
78dcc0e6e3cbb4ea0ec6235ccd3c786c,0,0.5441738631469754,1
0e42212ad9cfdde8a8fe3df29d682cef,0,0.5441668346658171,1
8510d4be056ee261316e07435eed7b3c,0,0.5441660173837807,1
6648d23669f764f55efa590e23e68e40,0,0.5441363729142982,1
ef07ba9aa5226f77264ffa5762b2280b,0,0.5441236525375607,1
110e87b7ba7b66d5ec76a391ef3680a5,0,0.5441002192588299,1
47f0359649e2dc0ea37c1c5c277b8ca8,0,0.544088917046612,1
891778c525b6b0b4b973991aaa00f622,0,0.5440736104415109,1
85ef4ecf1c2e154fc53e64f401bf7e59,0,0.5440589199636432,1
99766e1d4a9ad6aef62eec087be1a2f8,0,0.5440576190582761,1
35615effc952ae179902f2388e3872a0,0,0.544054184917208,1
207fbb89745af97761f170ab2e71fe73,0,0.5440078927487159,1
159013c84e736de25857c32b255aa06d,0,0.544002115526455,1
cb9d837c85038a44d69bcd8a863d7d48,0,0.5440019236517432,1
fb374f34f7d4e3c48faeedce48df63ff,0,0.5440016543444446,1
8d203a683909b4305725d13368f1aa09,0,0.543998661699426,1
2bb7826b0fabbfdfc60c4b3c8bed7ce6,0,0.5439794316658902,1
a7afe8f0752a790c5c3eca72598d32ef,0,0.5439568422501582,1
529fccf40e0300d85e439a7afe2bf078,0,0.5439491149038518,1
cb5d14426ba66f929f72e01bb92fc3cf,0,0.543940388483764,1
6f4bbd0007955acef2ef24322bf753ff,0,0.5439241760903091,1
93b4278bf1261e2e9880fedb439a73c5,0,0.5439213900156011,1
ab6897ef317c88185bf8c0dad781d18c,0,0.5439185798536048,1
2f2be576529a5477f0f608fed97db69c,0,0.5439068210562712,1
e1bc4856f3e7b2a04eb051153f7e3bd8,0,0.5438745616474218,1
97bb442ddc3c15506087782ced18e929,0,0.5438636973944992,1
22e35adb0223a13bf4d54950a468551e,0,0.5438452191002977,1
7ca6cb8e0b3525be15fb2ade182d7c35,0,0.5438306690492077,1
d782a4eb20c1a33e026cdd576fadea73,0,0.5438181130933424,1
9ccdb84e1bf33538b206bd4289698888,0,0.5437835868024534,1
4e6bd8dd433011c38cd3b70b0677f9b9,0,0.5437623171933804,1
62e996d277bb246a57d09c28da1d2b09,0,0.5437526322755246,1
34d074216ec67227eed68ca0f8eeef62,0,0.5437101239962392,1
06ede5944201480c87b5c70545b0bb18,0,0.5436893132118295,1
884408dfb8451cca1af91f4488a5a0e8,0,0.5436839808220568,1
ed0184f80d83d0c6d6541cdb9dccf380,0,0.5436618090850096,1
44b5ed236201a54be80b177c14cc9379,0,0.5436364372179692,1
67c5ff675106e3c5899bce70c5bd5914,0,0.5436056008320577,1
78c4cc2bdcd7761976accac812af2bbf,0,0.5436024358430169,1
6ced10863313340e26f71088084852bc,0,0.5435869060758667,1
9b791f541984503464d67d47758713be,0,0.5435827124193442,1
60f675b9da2d000b23f9e9a838f5a83d,0,0.5435782661563114,1
fa6ba6a7ed508e83b19a083d987a7d35,0,0.5435686715533767,1
80a9ebff0681d43429de9f2763de9c36,0,0.5435643354070432,1
c5996b566f3eef42e8de705479c6f8cf,0,0.5435538841081525,1
e3c3310262c7de6a98ecce7f0d8701e1,0,0.5435506355721702,1
47b41b6b40d477ecae62afa16f4359d7,0,0.5435476088552447,1
cef87004b15bbfabcafe97e4aa313139,0,0.5435321459656812,1
c0ad64a79956b80605422f32ef36686d,0,0.5435101742068931,1
f8dbdfd7b657946bf71282c2be8bb985,0,0.5435037972470782,1
25e1786f6f1a395f8d0c79f7367ab39e,0,0.5434993897985203,1
1806a6f431bcf7be74301a37811da0d5,0,0.543495839229959,1
25abe910093e734105b2d282dc036a9e,0,0.5434876999003041,1
c9d112350fbb0b149c3729d06fa4951f,0,0.5434871666488948,1
bbc7a8ec3af7a004d9871c299c9464ca,0,0.5434870996899754,1
5169463766d5b40064718372391fe326,0,0.5434400505458246,1
8f9875f4a26f495794d7fafb90888716,0,0.5434196780304582,1
c3ab54ccae2a37fdf81685dedbecb7ba,0,0.5433868454332996,1
1f2476fcec527fcfd0cc42dde61c548e,0,0.5433855160218192,1
58fa2424e2ddf35e24d45cbda2075317,0,0.5433818723471096,1
1265c22907b15b6fd1479f1a8a536055,0,0.5433167856153482,1
593ebdbcdd30e42e8079be38aad225a7,0,0.5433074479008878,1
09976ab240099cc26220384fa752e4f1,0,0.5433069212880596,1
ee5f6dec066e2bd63add3a080dad9380,0,0.5433008186127338,1
ec40649c0df3b701f86016181b1a36c6,0,0.5432997641684579,1
992dd82b09483da3ce7927c061fd1880,0,0.5432992211336128,1
7a84ed46fc6220a95b1de245da6535a8,0,0.543285242747932,1
96ba28f255e5776ceee9e8010cb85b87,0,0.5432657972563285,1
962ca9c899bb8d9c2d41337e38f3945b,0,0.5432650648920961,1
b94401ce46e996c300dbe80fc51298a0,0,0.5432557154485491,1
12728eaaef44ecf87a76083fd1e442c3,0,0.5432478977282416,1
acb4cd0897df8fd166900c6a336edf08,0,0.5432399513850446,1
7d457f179082d5d2ffe1f614f14c57e2,0,0.5432209388923226,1
9038e5effbfe727b5bfe9265fe23aa73,0,0.5432179997666525,1
ca7932d6025d456802b2cc0f04ed7c3e,0,0.5432029969759348,1
98507a171bccd7f2dc60a9d371920481,0,0.5431757697403922,1
6a49832514ecee6c741ea8e7308a3f09,0,0.5431757697403922,1
23ce1427ade95620c2adb431e7282e88,0,0.5431701433673636,1
0659763dba9821af49728668716e1084,0,0.5431620961217151,1
6e075251966872e345c2a31c0e808664,0,0.5431164218251107,1
9e97aa135d7557140b2b0add376c8e3a,0,0.5430933491852603,1
138cee18e373b1b43fde2f69aa9df3d1,0,0.5430803524216505,1
50d7ffe26d9b0c27900c2b197e66bde4,0,0.5430748718337725,1
5fd7036cf705f91ce17241de2cd67985,0,0.5430641137719913,1
b50e7d677ca5e714ce5c59e3426e85e3,0,0.5430635883452217,1
deb80c0c040399f7ea8f47160bc7362b,0,0.5430544807566355,1
868587bbc0206775946abfd71292f8f7,0,0.5430080743361664,1
0cc2935ca2d88bba8e8ad4d9ca224ba3,0,0.5430054716780837,1
fc55cc53b529023f0c785f21e9b73137,0,0.5429970647297259,1
5ccfa4fba07870fd668345d60f1eae06,0,0.5429821440537849,1
f48a9bdc7d38b43bba4082517ea1bc07,0,0.5429134662181163,1
ab51e24e022fa42d70c04ab4fb4770f4,0,0.5428984080554415,1
9fa4143876580e51a6932d41442a15b8,0,0.5428559443428587,1
f4c2e2a4622c5468ea1a8e4e68801fc8,0,0.5428483672050585,1
bf9d87aff93a6cc48edeb1c22dd050e4,0,0.5428349016454748,1
4619948f73361ff99e9a3b57409e4ec2,0,0.5428348609564703,1
ddb324b9d7fab6376d67c9939db4c0fc,0,0.5428333489426463,1
7b275ce089b8ebbacda4bab3f6faedeb,0,0.5428177206832246,1
b02bbbe3fb32d0425ca9c9dcd32dcbfd,0,0.5427998081020985,1
80f12d5f1e4d44314120ecf336da2e8b,0,0.5427738264941339,1
243b20ebf709615111e1151da9995cfc,0,0.5427738264941339,1
f046f84a8c287e6a00eefdc1982ee360,0,0.5427348134177327,1
d975a54519948041a4365850cb594836,0,0.5427296904941753,1
3ab4c8bb461a86a63d886817bac800be,0,0.542726694464798,1
0692e0d9184f58c5e37df223d735cf4c,0,0.5427046445886875,1
343df898b9cd79daee03ad3ab687597b,0,0.5426798021535416,1
0673f745328ddafefaecec22ad5d4c84,0,0.5426758026821406,1
5cb0c11eed14eb9582985d0ccf904c34,0,0.542625939251042,1
7ceba1a5e084db21816865aee10a80e3,0,0.542598165778039,1
8ccc334fb1c5aa3f2bd12ae5939d3405,0,0.5425794068889908,1
656b44f52e41c563564ba6cb8d1b0a27,0,0.5425654041954918,1
b8013f255b89f49e84da9464917defbf,0,0.542546619071713,1
f2bb0ec797f6958a1f82722c2e94fd4b,0,0.5425342907668265,1
4ccc985dd4341106e843e6959f57a170,0,0.5425303496182261,1
daf9309936d164431df2c80398afac7f,0,0.5425137104115731,1
b7ffc4ce087edab67829aa5316f08e9e,0,0.542458035765259,1
ddef29cec075b98e600a534369166441,0,0.5424449733659642,1
1fdf2b8c15adb50391ced5e39e2985aa,0,0.5424417658230251,1
de2055b9bebb54561bd20c98880fb2b4,0,0.5424368643133805,1
06084871c1437f5d23f217c8164e16c1,0,0.5424318616354726,1
36bb24e56557dc59fe7919344f2b0a5e,0,0.5424314948996706,1
d13d0a9c6331a273868b8eacf149bc46,0,0.5424301688834764,1
5bcfa017a23c7190fcdfc9fd753bd174,0,0.5424252332721523,1
29a211ba1efef2534f519c16c43d66b3,0,0.542410927267304,1
2fc83bfc00e103f49fd0e84071fcd500,0,0.542382048572994,1
0b0f58b55bc7366c05dcaab3333566b7,0,0.5423504649529307,1
18fc45740686ea187144548b3466a313,0,0.5423353641633674,1
61c5df1c0ba751e67109d3a9448ba372,0,0.5422393637580204,1
da2a27ff533f2565125f74f7b062afee,0,0.5422268161326932,1
ee3e6056f56b8c5584a858e2a31504cc,0,0.5421392931196393,1
f0901f13e922f115df0703aa320e6644,0,0.5421256781202188,1
1d78c3d8eb2539550b8b4d03487fdb50,0,0.5421147602184501,1
d4c364cfb11d9704dca4f970a528db7c,0,0.542095905726628,1
4bd91035db69402af2402d830849b4df,0,0.5420902036206265,1
60ed768b344374346f06d81195642455,0,0.5420775153066109,1
e44802a84d1cd42ec96c13845d28f324,0,0.542006898300474,1
bfa16fe6ee87c877dbfa3ac9110af7cc,0,0.5419918887756098,1
0ccae7896c0c6ce7217a1e4d0a3e9e42,0,0.5419795066150518,1
a8c3f4b7ffdf6d71c32992fe7ce3626d,0,0.5419696906934285,1
7f009c612d92a68e4c39db23c3bfb15b,0,0.541929488964628,1
e99bcd86a7d27f3c7eb57ca29ed9f831,0,0.5419171541182957,1
33623c58d25498b52a6efb29f3b0c6fd,0,0.5419170337741619,1
fce15f707f36136d799b7eb0b8df9617,0,0.5419119818770249,1
0fb71ae96ebb938efaff40d4cfd64f26,0,0.5419062752081272,1
77dad9a48d78bc09ad82b85481bf315f,0,0.5419003726748937,1
7040c508baf9d834baf9373e8307d1d5,0,0.5418871993566781,1
d9b26f6ff10988439550f3f43062ce74,0,0.5418793197018973,1
34c5e3c3e5259af15675b53c440eb96c,0,0.5418760177634073,1
f4a0717ef62b420c88035069a1e8c212,0,0.54187490475853,1
d3c3f16d67a1e9c58841d83a420da18b,0,0.5418740075167569,1
c18a1bfb430b8cf8a4b453161384678d,0,0.5418530398937679,1
03ad4da45ade1177f901a1af0da11777,0,0.5418522313709251,1
5bd046eccd966d97c4fe06e8d75a64a7,0,0.5418047910811302,1
623632ea052eb9b98d86fba7b8498df8,0,0.541750150643086,1
9d583bae8fb80baedcc34352f27687d4,0,0.5417453115357596,1
ff85a253905887f4e7bb9123cf1ef4f8,0,0.5417207921676894,1
b3446540ddd2f45621cc3b34b6b1b5f5,0,0.541698896426356,1
5ef8bd6f12f2d06de7b39c5b913876da,0,0.5416804659715344,1
6911a96d6897f0d37f8fac15933f73d7,0,0.5416630350868703,1
6689e9f9ce799fb048f33674671a6390,0,0.5416534128909548,1
f2260446f8f9743d4b00e2d0e6ad9b35,0,0.5416492086754655,1
3366f554757da30446c5f0ba9f3c8e91,0,0.5416361768551957,1
e124b9e1d9b7e2da7851792e2cfd7e90,0,0.5416253842228511,1
d73f93902231dfd67c3d5f22803ec0d3,0,0.5416001721073266,1
f8d2ce74b814acbf8db166a3d542abec,0,0.5415675086276471,1
e4b407fe17ac89534043ff4cb36598dc,0,0.5415383953848376,1
4384b3c81f2e5d7f6a028cd588a9eb3e,0,0.5415244178641471,1
06437dfb2aec58f76036b3c3ee36d9b1,0,0.5415136579965494,1
ad7653a50fa45389cadd179d161f8e40,0,0.5415069311061771,1
86303064ea89f02067b31c979a343bb4,0,0.5414929741589702,1
113a92a64bcdd41586ca217144478362,0,0.5414836978024975,1
975144cec760be06b41fa74f09952278,0,0.5414550774300848,1
cef2042a8aa3e8cda7738e11a0d19399,0,0.5414547587980276,1
9bd9ced98d1ee0cb1568b28b85867cc7,0,0.5414463785634723,1
2991acef9d130e62674c3d85a916323c,0,0.5414407626755381,1
1368cf200523036cd4f79e1c1df93daf,0,0.5414168156348185,1
8129d2ad113a6c621bef0f4e6e19209f,0,0.5414069345518325,1
9ff0bfd41ebac11b8dabee2de4bc9a31,0,0.5413717618935987,1
486fad73dfda41a9ef1eacbf37b4a842,0,0.5413561168991957,1
c44f87635ee8363a53bfdd58011f72c8,0,0.5413527653333173,1
73de7b7b976fc6b75283b05f67fd6b5b,0,0.5413385647623947,1
2404e4d7e62d9b6b34eb3a2880667d26,0,0.5413372046955482,1
0978d7916da809d3c71e2061832c3408,0,0.5413036777353866,1
0da0ebb4d9cbedf6d64c7c6f5df15db5,0,0.5413025636939653,1
b82f7162f6cf9554423f4bb4f47820f2,0,0.5412967448724176,1
b6270bb21e2f15441022012115c81952,0,0.5412501085799684,1
bf62d5d68cc829b3e9269e7001ced2fa,0,0.5412358730720034,1
497e6896f865cd31297512144f700e1b,0,0.541206944860705,1
7619bc8d89661a5d0cc5b2114d2ad3a4,0,0.5411898082420151,1
0c5950b494467e7a402b0713ae6a50c8,0,0.5411170389941327,1
2ee123fe846467308b514a15717df930,0,0.5411054872438483,1
3e0dfaee8a7d40bae26d53d4995fc209,0,0.5410664488577643,1
0743c38f68e0d3fa5cff234ddb844569,0,0.5410465349209944,1
523fcd1a45edbdbe50ac7159aeb0c43b,0,0.5410179981631379,1
2f329a5474b79da0cbb395721b633356,0,0.5409836061050304,1
4523e292c74e5d811d92249ee35b39e0,0,0.540977610507709,1
d881772382f858a07d2992c6ee600724,0,0.5409737782974117,1
7b76468fb3f95124b8586208c491968b,0,0.5409234308200801,1
3ebc25aaac431ad4d0969fde2ee98409,0,0.540921090807212,1
b80d1c184f2c4a5d309fc99d7801e155,0,0.5409159520844247,1
c51a1ea9fa9851c70f89d1178c861150,0,0.5409077313284835,1
9d776cc4281d18b0934823fe051cf93b,0,0.5409029241200646,1
22d25d2c2d5870dca824f5cc6294bb1f,0,0.5408782524826584,1
831af6f6b352ffb0d194a1ff4ebeaca6,0,0.5408640332678188,1
747fcd97a5b66a93be52cbf9243d31af,0,0.5408620330912649,1
6ccba80685f7004d1448a62b7d405771,0,0.5408556286134304,1
0138dff42973f40e8f5225472526f278,0,0.5408408634749292,1
3a490364604f6817e258f127c19eec63,0,0.5408323360619187,1
5175532eb0462d3fd296a35cf5e9d217,0,0.5408153550890662,1
fdc85558580c10498bbe86fe0fb9d996,0,0.540779536090537,1
be9aea68f34178c4e4f77c36b5d23cb8,0,0.5407770396412979,1
485bb7a7439d2e169b88b530385db387,0,0.540769403901025,1
9d482a829aaf7cbf5f19892ba7042330,0,0.5407339759781861,1
7e988d4529e91738351be25a6cc4f36b,0,0.540722846206872,1
97808a155820eb5b9594f0a836a589ef,0,0.5406675201073442,1
8f6a88cc0fdea8ade670238879cd15ab,0,0.5406560937427258,1
b52f66c7b754abb219018b60afc72995,0,0.5406537933029313,1
0b61db16f7442906464f968d0a1d34f8,0,0.5406384915185884,1
4cbe82d3b7ee557d79d67c40dda21c7a,0,0.5406270969539149,1
e2e8279e2bcf429bfa32e20ac50a01f3,0,0.5406252352705367,1
203148662a1b637a67c219d8ada39a93,0,0.5406151127437598,1
f4175f11e530f6cdbb97cc95351460f8,0,0.5406096904791351,1
3ff28a914fbd045b41607afc27dc9b15,0,0.5406092755927587,1
215ba263633c6730a803ad69e9278a4e,0,0.5405711495122301,1
b2c4a9d12d0668cb2b33fd90c0a44fd8,0,0.5405562047995356,1
501a8c4a603eaca21c485e86194ecd29,0,0.5405545851821913,1
c691a79acf53373763ed547bb1c6dc8d,0,0.5405412435239179,1
649e025eb82076fab5ecf308177cd865,0,0.5405061597355081,1
564b4b783f120f23b3a67f4004524b45,0,0.5404967854031533,1
6ce3661998c50588da82854251489d8a,0,0.5404633201474505,1
0adf3b0ad1b1b68561e64ab79e890c1b,0,0.5404504307091613,1
8d4921fbbee3fc7c3e684753390488be,0,0.5404484831863406,1
2268a3851575e0ab1a7578c25eab79c1,0,0.5404420690081007,1
d81b6342f6f67fd76e8454af06ee9066,0,0.5404375834670677,1
a16b0531f24a37a7c481fecaffd8b00b,0,0.5404267755286158,1
91f2905ffeaa3f3c3adfd1de363b27ab,0,0.5404083802741736,1
07ff176c4248372afaaba89ab0d4c25f,0,0.5403988936647928,1
b868f82cbb7b6fa2ff304a2b8547a91f,0,0.5403577419415962,1
582d734e27e3846ca8a985a4fea6b6ed,0,0.5403553600697933,1
926387e6018cb60df81b66305d6d9829,0,0.540350828232286,1
30e2cb2f176422217c631b1c863952db,0,0.5403471718912906,1
145dbc20342ed56747cf61b441dbb802,0,0.5403319152513826,1
3efb473c707a03b0b4da139bd0a10d35,0,0.5403241369794296,1
34f4f63a32554cf9e0383203279eea50,0,0.5403106607351092,1
6219e27197bb69d46b4df3fcc2325edf,0,0.5403001194529526,1
c8000c41acab54963e51e3ff44fef021,0,0.5402821038595612,1
06cd845bc8a9518ad68672727cf804fd,0,0.54025455147116,1
bb6105097906df5a10d614716eede6d4,0,0.5402414607879749,1
ca4601bf00c1021bf16c4a0dad185d96,0,0.5402362982207203,1
d63d0b04501d2e9583cfe64e6e9f7eda,0,0.5402316653259197,1
3a1c15917afe0356607d2b4c547f74ed,0,0.5402230214694197,1
8ffebbbec19983caaaf5197d7735ac11,0,0.5402207365139722,1
1f65a349694b2cde16766eb2ba100770,0,0.5402091258504875,1
43e428f69b7e387495a579c745e845b1,0,0.540199420919524,1
47e4b6a17e68bed08968a9ab2be216e5,0,0.5401977635211477,1
ed5b0d9aa093cc966424056ec8c10c4c,0,0.5401831270617466,1
4c93744516667ad3b8f1fb645a3116a4,0,0.5401778520993802,1
d9e3567091697477758aa2f316fdb960,0,0.5400936273616199,1
24c7fc87258d707acf61ebd8c1884cf7,0,0.5400639920895693,1
4cb76d1349b08996d5da6bf577d6645c,0,0.5400479908109912,1
42c769ded134d534a9dedabd8f83c547,0,0.5400216518484375,1
ed0e6df30bce87c1fcb8335489c5fc68,0,0.540020675836787,1
5f1561c35681a26c055d286a0c457b96,0,0.5400004570476821,1
346fbd491e80199e6d7c475ca25878ca,0,0.539983850369577,1
94ab479efeae0b99060996d25748afbd,0,0.5399804243450584,1
104c0dd86a6ff7f2dd9aa0d4e2a5411b,0,0.5399648574705324,1
244a120d690cd6525b6ada0973d9b07f,0,0.5399619238189864,1
164ba50c15bd1157975375a75bbde58e,0,0.5399435986442676,1
ad98c4b02f37dfd862e224b26f56778e,0,0.5399388430037045,1
3e6ee816aad8242adb9c7f34c5499921,0,0.5399365350274472,1
9a6032bc6bbfbf84eb4d55660786ce17,0,0.5399260994783609,1
d6b66d6bee01652aacc92254b6d7dab2,0,0.5399253556374473,1
bdf10f125e125adbd467cbca77d80ab4,0,0.5399230076341252,1
48c65fdb108ef05672297bbdafe650bb,0,0.5399169982982307,1
42e1bea92a6da805be9434cfb91c4038,0,0.5399083550719834,1
e3cbcfa6c1c083e3710874ab38ab9b7f,0,0.5398967433515912,1
71a6706498b96147ee2493568ab46432,0,0.5398902960386972,1
fefb7a3dc79dd2dd6ebfdc992149ad6d,0,0.5398811292216775,1
8b9341478dbb9d5b44c0c33cb212009b,0,0.5398474082854757,1
f772434a342a01aa28231574ca6da383,0,0.5398442426633172,1
3b0d60531ac76fe72e19f663010699b2,0,0.5398396668040651,1
a10c0d1e68e919e3d91ed940a0ba6aed,0,0.539826600763528,1
0fa7a4483bc82eb8eef80002306eddab,0,0.5397925155624052,1
ea27dc06e684b4edf42ed72359531272,0,0.5397694139195237,1
a90e373bc4cbe53829d41a1adbbbab94,0,0.5397627526802442,1
e6287b52d3a5a496a5dd7f44d8763f40,0,0.5397614681811983,1
acfb8f2e2e5fbb6997e0a77a25689bfe,0,0.5396952706386944,1
4b53ef99e7053c7a88356cd25d336283,0,0.5396909459191793,1
514ae94b968f93ea61e3e27e8efedca0,0,0.5396865877688986,1
d2ee3771ccf5fa3b9243f067c9c0ceb6,0,0.5396853951846343,1
2508fb31ee30c1940a23ccb4edb59b7c,0,0.539679134971552,1
3e1e36d456548cb715d71cfffdc2dca2,0,0.5396452271759195,1
dffccc6ae2fa7d0c8904b6a31b221a61,0,0.5396330285823911,1
7ac875f3932b2158020591e646d89bee,0,0.5395749319572719,1
e1429df8d7fcb85252834ee1552ea20c,0,0.5395627595356022,1
d4f091ba355fc4b85deeeb833074ea9b,0,0.5395524506921588,1
b4ad67431146fdf3b8243bff534a61d7,0,0.5395458014095268,1
1f56d75faa1768d86795bb3d027e9afc,0,0.5395108036444258,1
d5d141d1e4501d4576c7ca19815e194f,0,0.5395053797111156,1
1b68f8121b314ef1bf621efbde6b7cb9,0,0.5395008415978709,1
0e7a4804f1665261e1257726779f6348,0,0.5394875797811192,1
4f38430f29d7d8a0ea7902693ef782ae,0,0.5394662309408388,1
ea2a0e6578126f303d81b248c56e68e9,0,0.53942855574272,1
d8b72f12c43651567be8b580e1180ae4,0,0.5394207805227081,1
ad99c498c47110d1f9347a154f334d88,0,0.5394150703732054,1
07fe7d570e317a7f4b257a9b2ceecc45,0,0.5394068906156301,1
40cf4aeb379b693ec250b4209058e10b,0,0.5394058448924529,1
989e9d25cb15292048ebff7922b002fe,0,0.5393902593940413,1
afec543ab3afb92e608260f0a9ac597e,0,0.5393822662724674,1
fd03cb02bafef5b11f61adcd3184fc76,0,0.5393763374507514,1
d2ccf4d2f49347c917f8ff947d7535c2,0,0.5393760677037486,1
7e6977a143b9420c9c2f5d4452f70fbd,0,0.5393757005985694,1
2cd3acc4a3c71ee64088dfce1e16ba58,0,0.5393709264138702,1
1f38ffcb59d08215983357d6d59404ac,0,0.5393696193196585,1
1591182652360b5b62e59bc85d9dda79,0,0.5393679706473845,1
bc6271c06a7fa4c5ca0fd45aef315602,0,0.539367967513052,1
ea11182de26c7ddc3dc261f8c9ab98c3,0,0.5393615337289268,1
8b13c92943491ac4b89b01ff16ad6030,0,0.5393607768253204,1
3fcf8b3ed9dcbce128bcbdb66c122225,0,0.5393586929128955,1
00af5c2c9fd47849143be82aea5ab2cf,0,0.5393213496226392,1
24ac367e7e3e868ddbab01d5dea42a4d,0,0.5393159751558572,1
224cbfce49dc24c6396117fcc865d707,0,0.5393156251495603,1
198c7ee684a271d34ff5d5f5f33f99d7,0,0.5393124449246827,1
f061e9404e7db644745cb3f5e31abbe7,0,0.5393073728116464,1
1769bc0645277bb44bc08cd0afead2d4,0,0.5393028496184864,1
14196e33a5ac649e7f47822c61821914,0,0.539296948231255,1
92ff80bc00e9cd62ac7f295b115bc25f,0,0.5392906224808127,1
a36e57a672a8f157f62eff071dc25b27,0,0.5392519800695491,1
23b7c4837fbfb259e00d7735930612b1,0,0.53922207020354,1
f680bc43d2daad85293e149134d4c28e,0,0.5391545486252879,1
d4f1a2ee19e988d6aee79eae54cccf37,0,0.5391312466044925,1
db8e8670fc0cb9e2adeba735ae379ea7,0,0.539086984953043,1
77e796ae27588436271f6d78f4f48898,0,0.539077716311495,1
35bfa12001f8a1b790b280f937f68864,0,0.539046152066456,1
ecbdd9301b5efb950cfd543f23c22320,0,0.539028330898923,1
17f9bbf4ef41b173d558bb85451132df,0,0.5390264001660269,1
460bb5354d8673ecf7901010427b198c,0,0.5389985936451662,1
46f454b639748d2069d3f9e279a16105,0,0.5389927107758794,1
a6b3fa1411014a11a9cd4c238e0241e0,0,0.5389597595334147,1
e6bdce67cb0e8fcd0e842e93c6197a22,0,0.5389527118724443,1
b3dbff0a3bad07d6203e80ead5de3b4e,0,0.5389479133968401,1
c4817a6a08e1d6d902b3d84628999fad,0,0.5389452797556169,1
365330a9997b5f6100ce7f21261d2190,0,0.5389347992338003,1
a7b1e58535a0bd6602c2e4fb1ba3bce8,0,0.5388814579024032,1
eebebea46fc14fbd60b0fbe8d9f065e7,0,0.5388714792394045,1
3a772b14225bb3b60b36e02ed4bf57b9,0,0.5388488566675866,1
7407306210b315546bffcba7d39ca5ad,0,0.538830596324705,1
59736f2645524713f749bc44accf5520,0,0.5388163215408213,1
1d208a0c251b84f7c5e15bfc9e8087c9,0,0.5387982107305215,1
9b753bc83d35b5c04b2e2844d0780e7b,0,0.5387797190264848,1
7bfee396a66328e0fb0a65b05149bc6d,0,0.5387738141781616,1
72dbd2f0dd50c345890819985e599536,0,0.53875309373067,1
a50cc3901be0c3e558bdf9fc876eec70,0,0.5387279347053785,1
b110d5017bf181177474511359c81f46,0,0.5387118048856543,1
51d91326ffc0688da14a001de38c264b,0,0.5386902297652839,1
066c700f59d3849deebee44bc2f83ebc,0,0.5386855223259168,1
eb298aa6b37d4851972cd61b24112a6b,0,0.5386821802999183,1
d1552e7440bc770b89371f4c8c55cea0,0,0.5386770614026477,1
4a1da9aff965a8e1e6abf40064c80733,0,0.5386729409360032,1
bb7422969f2b502894c5b02697ba986d,0,0.538642497532927,1
e148bc167fcb4ad0b71635bbda5dbc2d,0,0.538642496475153,1
320423d439b0210433a4e3885a0eb3af,0,0.5386418942247638,1
7675ea22236da5d26f0d27950f7fd3fa,0,0.538634098051182,1
2f129fa019bca316504f1df58fb6116a,0,0.5386335319601283,1
34043e956b859978f7b8c3aefae878c2,0,0.5386143407675118,1
fe8d4a61937a1fae6bf734851f6b4c32,0,0.5385978070411626,1
86e39ab7ea630f688d26e5c295297094,0,0.5385498043986057,1
44a17c0c284c144a94bfb44a60efd58c,0,0.5385473417053691,1
e271fa40aa8fea4e0f304b3768b65d6a,0,0.5385246582890842,1
40d028e5e7fc571cabebc613e805ce8e,0,0.5385195686362795,1
249db977ba4fd91ae600a6b2157a20a4,0,0.5385093078386709,1
dfdcc1f8c27500c34a9fc70695b1b1e4,0,0.5384835049205665,1
0388d8a529d8405be5eb68927e9c6837,0,0.5384816514291093,1
b6ac8f7081ecad74edc6fd85aed8024c,0,0.5384761801780146,1
d419fec77ff6467c0899e9ebc0f52003,0,0.5384453603508091,1
d29e0b4fba92472d1111b07c691087f0,0,0.5384288619018736,1
72c05cb43fc0b7e4d48b4149cd386a02,0,0.5384264564427763,1
4d0514f378de05fac2ff8b61bbbe75e1,0,0.5383974777422343,1
4c66cb705890ede735f3bb59fd5537a4,0,0.5383913278450185,1
e829959413964c8eb62ea8658e0431dc,0,0.538381080027297,1
ba09cdff04586794fc557641afb2bd1a,0,0.5383759095977674,1
9f9d8742cf4906bd7bf2c2f1b5699cfb,0,0.5383712729173699,1
b3ce9054e198f044775f1b8b581c7911,0,0.5383597180240658,1
c8ec99d9532ed61578f3717cb0eff87c,0,0.5383340924652551,1
d36fc675519adcbd1e824cabc25bda07,0,0.5383172730189711,1
086554c2482d2c5386c24c16a5be7108,0,0.5383005815300808,1
2a59d89d0b8ff33ea0830057b43aebe9,0,0.5382992243320178,1
b7cc19e8b4d3af968213787982a1ade2,0,0.5382984137866819,1
b2bc0f915b3cc9c078ebd992f0f5e67f,0,0.53828333551245,1
a993b527ac2ad305eb572843b164f305,0,0.5382773550807783,1
78d980a659bbdfbd58fc1ec20a107d51,0,0.538254526627967,1
3151a81801c8386361b62277d7fa5ecf,0,0.5382408197396209,1
e846010bf9fc991b1283ee2de425fae2,0,0.538209296556725,1
dc26b768287e86bb3ac6eb3b5aa6c078,0,0.5381505032250458,1
298c82330d6cbd3e5df8d818327ac4a3,0,0.5381312985062766,1
aa5938876f33c9aa6c316b50910fd734,0,0.5381204203147804,1
9a16d6330d336fd7e5a9d6ec3f14d7aa,0,0.538105389143618,1
e88ed2cb0285a475c13f51bbde9e6f36,0,0.5380942407348318,1
d2745509642a067494641691265914ed,0,0.538088359607998,1
4460b8b581cad7e55f1d7d245ee3a2f2,0,0.5380684408466715,1
20268c28f10a856e5dc90bf8810a5c31,0,0.5380595052456179,1
cab7d960c70627143573a8d907a5e946,0,0.5380509347189316,1
32a4ff4e454bc77a7a08d48a27bf07cf,0,0.5380501854633258,1
ad7b16fb5d5f83db58c65bd87ea3d3cc,0,0.5380129341631342,1
01dfe4b4e19154abdebe71e50f52f88d,0,0.5380099342406773,1
917449084a17a1c5497d6eaa812e0162,0,0.5380082848160808,1
20a8058e62348ed0877e1bf9556164bc,0,0.5379986577858535,1
a63dd805e228fc1eead58609c7e7e830,0,0.5379977664032202,1
bdee14a4f9d04d3b78a69f7ba1e82425,0,0.5379926109257523,1
1408e48cc4b723565959e55e5a185b94,0,0.5379739143709512,1
96f71a3b61a692fe7d2bdfa2a8ff4b57,0,0.5379580458147356,1
7dae1baa2a566d6edf4b5ef4429bea1e,0,0.5379378911650667,1
1b01a85652180f2620dfa1a1bc4f91dc,0,0.5379342491392207,1
1621e310494e1ed4f52cfd36da5fde30,0,0.5379312813143908,1
90b425894699f50755dc01dc7a3fcdec,0,0.5379279352769686,1
8fbfbef81eb19dbfa1f6ba6bf5924e4b,0,0.5379160262362105,1
c1f548efd9fc8b040fd45c4d3818d4b8,0,0.5379157370016239,1
30a7c7292c38ac22477fcb75306ac4ef,0,0.5379143151290792,1
0d30d5ebf0c9c330af0edbc572298feb,0,0.5379022973850565,1
1a98938596b109a224c2737e33198080,0,0.5378573946043405,1
0105c53fe2f742999dcb90ca99f4bfba,0,0.5378354929887782,1
185935ba03453d22a3450a56619f8df3,0,0.5378122259835526,1
3e1d36a04ef1360d7f3b169610906a71,0,0.5377602146510694,1
cf381e9551dd911625f7afe5804d66ba,0,0.5377564158535937,1
56a531b691e5960d7c896f99cae32aa3,0,0.5377464966736055,1
20a7b23991a3e7add72499c3a00061d4,0,0.5377431944573485,1
a0b4713c96aeb3aff3b23412e63d5f75,0,0.5377430515634035,1
7cf246813e2eba78e113376e61eb5c3b,0,0.5377393458839494,1
808f04062b0c72079e6139953793d3b7,0,0.5377288055731045,1
830f7609dc78b878bf555097ffeaaf4a,0,0.537728103646802,1
1c02edc39fca262085eeee6c1e8dc88f,0,0.5377257146672814,1
6843a7c5d293e73ab7f65351bdd0c7a2,0,0.5377183758958466,1
1068cc67ce615ce1bdc2636466448f14,0,0.5377165887399641,1
4b8d2c20253a3dc25770c9cb06232a69,0,0.5377035302309664,1
2d0d003e67fb56299e829ad77cb69c65,0,0.5376913119110934,1
db2a35c7ad587dc50dbd666545d6492e,0,0.5376832614781353,1
beaaf6f125d53e5acc21c2e14fd878f2,0,0.5376542548561044,1
0d059932f9a38e9a1b3f0cd13246697b,0,0.5376355292941077,1
da0161a3715285aa96579834b9ee8597,0,0.5376125275905204,1
195f8c389cfce7bc20c623b0719e9b6d,0,0.5376103360467909,1
92008831e042eac287a844fb6c4ec267,0,0.53759678018306,1
3bb205a7e67b865ae00ee9a06bd285d2,0,0.5375932124697402,1
93db776631b272d7fca708fe4eb790ca,0,0.5375680121535469,1
91ff7bf70d4312b374f81a7aa900abb3,0,0.5375578411769657,1
7857512dc9a14ef806537f0443fd5d9e,0,0.5375575262687475,1
f8e4631117f9db214b5366a49e793b9f,0,0.5375125638578173,1
80402c791053de22537569dfd53036e7,0,0.53750418405631,1
08367838fec76cf190501e15cb8a9e67,0,0.5374918261194767,1
ffec10ad4229ba46818560e1c8b40a68,0,0.5374750770552106,1
e0eb9011db4b5eac138335cd4b7f07de,0,0.537460560138255,1
8fe6dfa23d20bc3fffcb67004c992d72,0,0.5374442598408388,1
bd86b1862fe796149a4d2af57bd85451,1,0.5374173136390588,1
dd37e3534961e06bc27272513575e7d1,0,0.5373670989489068,1
e965a5500443e3e4746a2230aff2f1db,0,0.5373437484184024,1
3403616dd5549cd1df35efd87f2d6683,0,0.5373413996887428,1
a1501121525014a1ff9d8247bcdf1e7e,0,0.5373283854017049,1
d3e37305cc017f3285f738cfecac98f2,0,0.5372902000851238,1
49ee40e459b6d9b1c391cb091ce263bd,0,0.5372860643446444,1
0969ecf623dcc79ba129e88b63317740,0,0.5372808097840759,1
7ce9430381c6ca969742479727f2be50,0,0.5372709945669583,1
b0f8c72c75b687b41efab251ece3f1d4,0,0.537235394173284,1
de19887b95fee78cb2d89525e8ceb499,0,0.5372349825498232,1
a3eac41afdcbd1e7d0729a846cf36dac,0,0.5372282869427734,1
a883e6b329b7f56b2b99309d6eb181cf,0,0.5372254734343483,1
7b59754e7f6def50a5afd6028a896f0a,0,0.5372105223369588,1
70d7972d758a874d5e16ab77828d36f3,0,0.5372087123639112,1
fbe8c53553220646741e6d717a55e114,0,0.537199846863748,1
cae0fbea253efcbae126e0da6823c934,0,0.5371938013289066,1
3a49cbfa495b1a84489156479f1dac0b,0,0.5371572327587356,1
74fb6e87339911804a533ba37a472fe8,0,0.5371216590523576,1
58c8d525524743b40c8a2da68298dcfa,0,0.5371215367247152,1
f785e04880660b7dd30b584946115258,0,0.5370960682338685,1
57a276a96c34facb968c12e61604e3c6,0,0.5370627181419171,1
dd5c74c348f6b6e865aed8464cbc8292,0,0.537017912531841,1
61386166bd766432d31e37d97201eba4,0,0.5370102878590765,1
a8096d09d1d508bfecccc9b80baa35df,0,0.5370032012937098,1
7e1078ea024b3eb464050d819ba6e75a,0,0.5370026574676637,1
1b87dfc6e656fb041251bb5d271ca9a2,0,0.5369955962927511,1
2c98aa6e9deb2ca82b43b0ca3705a7a7,0,0.5369852756299482,1
0e160b9e089dade9621eacc6bca590d6,0,0.5369697902958287,1
9e51005074429bed27517ef8cc329d9c,0,0.5369676259536499,1
72d56caffcf01308a62c63240fb9e7d2,0,0.5369605035082481,1
6a6cea49d5f0a68c6c173ada599bfa0a,0,0.5369508635937642,1
cd65b7d632cc3b6a15bdfad822b260f4,0,0.5369357752092674,1
53f792efaba5dd404baad98e3644d634,0,0.5369303966446185,1
8dd1d31b061fab003621e4385f95a85c,0,0.5369253724345977,1
b62cb6f30f4dcbebe6e1b18c2c3c1dfa,0,0.5369002605672821,1
2df8b3bb883ce134716dd917b8abc25a,0,0.5369000444646086,1
71b14aca95bfbedbc5746d2c0a92d8e2,0,0.5368577683354365,1
e93d9a6b5205ffb13668bdea1285c973,0,0.5368345545769199,1
e9aef7d89fa190dfc65ac148393de711,0,0.5368263963815424,1
7dedc655d3280a4f507ee70a9c34c756,0,0.5368263963815424,1
3c17f7e0c06a2a37e2a3a6f55e1ba73d,0,0.5368218643412226,1
d69471878f2d86ccc71479b81d3a1d27,0,0.5368149340916369,1
63b7f76bcd7937a717b189222c61160f,0,0.5368060236069827,1
06fb035f49e63b8251e615e450cb61d9,0,0.5367890450753106,1
5350f3081eb4ebe206765f8f56fa26ce,0,0.5367725503030103,1
90e864ce5469f00feabd532047c10b2b,0,0.5367685871668487,1
b03c7bc7f895e2b5555cd1771fff030a,0,0.5367631664931405,1
81cfe11d1b667c768e77b6a9db5fe9b3,0,0.5367444993570434,1
f008610fe40165350bc56f53cac07464,0,0.5367362001473993,1
f32cdbbeca0aba5358bddc018dd12b09,0,0.5367289410688832,1
6c9745709864ac9a791d44b64c50e132,0,0.5367207650689026,1
06ecf8af58f2fd3fca5bae3a68b76f0e,0,0.5367130046374704,1
7c850f9150b71f11b92bfdabfdd3d30b,0,0.5367024070385945,1
58940d794d4a6dcff6950da89c39754d,0,0.5366976112189906,1
8fa5249534fd9822b86bcf2bd14318cc,0,0.5366825803963725,1
2194d76f9cbdb59445f0f5b50ebd06b6,0,0.5366445278167747,1
6fe3f2fcf4c33b5803e830f218451eb3,0,0.536640279838632,1
d9d9b7cd52cfb72f076a09d6e59142ec,0,0.5366372710330679,1
4d39299268f3e150d37520451ee5b07b,0,0.5365906370941309,1
153593e7985cefd855ca1c7d759afb23,0,0.5365682031962394,1
38dbdf6a9e1ef63eda1a3b5cb97efe73,0,0.5365557568008702,1
d8141ecc03efab6a447eb841d47f7e32,0,0.5365499677535491,1
95e4e31eda671dfa6983a83d7b5522c7,0,0.5365487249520804,1
92385bd699ffad1dd208090d6286a2a7,0,0.5365398925065448,1
4488b467710402ee5ae26b004c68b53c,0,0.536535711486995,1
d169fc56d9dc2f2936a16385258bc35b,0,0.5364991252315553,1
9b1b3039181a4ab244ef97c27a825a26,0,0.5364950252870879,1
04a0438ecbd3b8dc44624808f161182e,0,0.5364710621826891,1
6c3213e6bdbc378b1953840c7133ace5,0,0.536464176675584,1
73d3e8ba63077e245477762334c49f69,0,0.5364428147148408,1
84da12896f5cde5ebcb0c8bc0f35e26e,0,0.5364214773325755,1
1d27974b00d4c0485569ccc8f5b9aab2,0,0.5364180975604561,1
35f2e5c8b3d0e988c8f91c676189e707,0,0.5363841813672491,1
7aee89d30d522a26e21dd6931bcacf98,0,0.5363693107799958,1
f5f2afe5f4feb6c243bfceaf3458ae1d,0,0.5363678020794376,1
007e21b7a007c8f8dadfa43c9d5a91db,0,0.5363417670428388,1
dfe995865f498bf106aaec00758f6a8e,0,0.5363029361816974,1
187a2122f6e55487c6ff0205d20b1674,0,0.5362773253522642,1
d8cdb31213929b6dc53dca4eadc441e2,0,0.5362590508163189,1
6e066424e17b2da4b735194531fb99a6,0,0.5362255190200393,1
b913c130246d345c57a5e685d522b2d3,0,0.5361978665519256,1
5d66336db5f2b8e5c7844c81cb5f73e4,0,0.536197304319077,1
b64a4067affdae4d0470a7a37cd17605,0,0.5361931079541368,1
1d13b8636a34740aee59915193d56a3e,0,0.5361893299370442,1
2598d17683e704949978dbba6d688d24,0,0.5361881420209059,1
fc1bbd664ccf3ae6af0d62e4fa292aa2,0,0.5361806397744739,1
711d9571122ec19089b13f4c0c19244d,0,0.5361702652488853,1
b955787d1bff338034659a648a5dfd9d,0,0.5361683730694078,1
b310264264a53605778ac08833bd5514,0,0.5361604480451352,1
e111e76807bcb8dd5bdf497521068b82,0,0.536155237750102,1
3e084c2b3948e5beff170f89a2e9b653,0,0.536137167268996,1
04b82d7b6bea9cde35c9934ea1949c34,0,0.5361362037248143,1
e58fcffa17dd97d4943bd5e7e342286e,0,0.5361269068935023,1
bd5f7d1bdbd1a6233877b21fd66dfba9,0,0.5361195912463503,1
5f71823073c8df3a02c4eb014f1da6a5,0,0.5361043101864096,1
7b1b5f6bcebbf100465241c3bc58cfe6,0,0.5361020361245722,1
68a6ca228b55913fd02800f4e184024c,0,0.5360978006712701,1
b5af014e40c268001da9ad09bb7523df,0,0.5360931222307755,1
98353c61f5e4456ffbc69a29ffaff78a,0,0.5360864852660593,1
be5dff27b5167beccf3d9dd51e43005d,0,0.5360677444505558,1
98ebd9f03682fedae27483d82a18f4f4,0,0.5360494395000267,1
a5ebba086297998bd705caf8214e751f,0,0.536047924246406,1
ef71a2a7d780db30797bb342a51b7ad8,0,0.535975559561212,1
306ca0d858edef9af39b998960923222,0,0.5359349672427367,1
edde91fe2d95b4c24cd5187bcfd55fa1,0,0.5359159342555401,1
ac13cd53c2c32e33121ab34dafb30b03,0,0.535899022723676,1
c2c2e11a5d4fa8be8c59a922978b8115,0,0.5358964559999391,1
7378e833a37b935c8b770b38038b17f4,0,0.5358783338299434,1
6544507a6d1b7a4019cd468e1dea4822,0,0.5358728533297447,1
5429ef34d206e470c7e4d1e6c834ea48,0,0.5358503018024783,1
aa731c1ab0361d0ee7da2e6431acbf7b,0,0.5358402046731763,1
f1acc2f42f829576480ec437ff5e236e,0,0.5358394901921854,1
1b01cbe7a016e4525d2fd5cb78a9e43c,0,0.5358389965816046,1
96f44809ca0fe2591d2f0564d893be44,0,0.5358267030785515,1
387d1f34b1aa9d59d6b45c4f3e9279fe,0,0.5358179502154722,1
9b5ed7dd6e900a8dddac78911cc22562,0,0.5357989327068697,1
f7c78a55091299e2556218e647c2bb73,0,0.5357840552212983,1
30dae833a0d048ad406899256225a4d2,0,0.5357786255726281,1
87dfb65b58db8ea156b8c85b1100aa67,0,0.5357766196884208,1
1e6c071043244f9df9cd4c58972f13b7,0,0.5357711999723729,1
df17638af8b9944c3341af114de24226,0,0.5357623613679228,1
ffcb3eb07f2a033d45949fcecd160d98,0,0.5357590337171807,1
b771739d471577fbd7ad052bbf3a801d,0,0.5357583449544979,1
c35c37f51c0e215f8607485fb1f95509,0,0.5357289945810038,1
fd132d578a03c6ce15c48149a9ccea0f,0,0.5357289945810038,1
62234bde75e95fb025e2499a0a3bbc2d,0,0.5357015546197169,1
c1cc954b06668342ccc7aa28f90fac83,0,0.5356674646108033,1
f67322f65afaf144137b6abdb65c16d6,0,0.5356671749067213,1
349213626baf19f06cb9d8ec5a203350,0,0.5356623400959925,1
6f9f62530cd555570ffd20aafc4b1b9c,0,0.5356497879719042,1
f2474559668f43100182fa89245cba65,0,0.5356391808411168,1
fb44e60c3e1ecd150e6249e974c1930e,0,0.535636503880281,1
192ba545d6f80e27d5fd6cf487713c74,0,0.5356325567210372,1
8e480454128e3beea696d0cb1b4bb024,0,0.5356297950676002,1
7e6c2778b54ad2dd4f5832646556873e,0,0.53562382639933,1
c0a562a9534731e021f840f239163b5b,0,0.53561602447554,1
be8f34cee6e46e28f79548bf5bcf5fb3,0,0.5355727759221784,1
7e712f9d29b767848f4120d479f75aff,0,0.5355580157754679,1
82ae6166d6590f3144f98840587e7ed6,0,0.5355528712276204,1
b21368cd6c353d45e66f61c1ce391841,0,0.5355487016051327,1
af89576d3b6bb09d68d73b00f15b1f10,0,0.5355105520097877,1
1c39693424c4a52777303876787cc1ba,0,0.5354715006552252,1
f2548963f1d6c589235a070fc86318c9,0,0.5354646465839465,1
274958da948a89800b3f18f1d3a4a041,0,0.5354155653111822,1
52e0931bd5f95d8cd524611285fd6b1e,0,0.5354137209814598,1
d0346493ab2dfd124ef99d1b12b01b6a,0,0.5354012695830392,1
bca2d58bb6855db63ab2542850c89270,0,0.5353978132326501,1
86003410d78a121c8bec4b3a57991f7c,0,0.5353850198499266,1
9e59404a9868b5fdfe293667404c9a40,0,0.5353756256941117,1
ce8cf05f65b593391838a810709606fe,0,0.5353669540678673,1
04cf8185c71090d28baa4407b2e6d600,0,0.5353592930363374,1
cfc6b57f63e26d893f225263009fc719,0,0.5353491443847198,1
a3ac5058fc59aa03c2f3d63e194d5815,0,0.5353379171979515,1
aaed343de3aa22691c00d669d59a37e8,0,0.5353170489361323,1
8aa9d52885a3fc85bc75ec003704a8be,0,0.535310877292065,1
93158b6a04e6962deea46979e6b0f42d,0,0.5352804658309558,1
aa35908ea856a548bd14a41b0365ed8e,0,0.5352651959418391,1
e5251b631fb7541f6f8e69bdf2258185,0,0.5352603623037789,1
3797f12de2bde994a8051ee48eda4818,0,0.5352584456979681,1
c515db5da03efc261bb0054e23af6c32,0,0.5352566942126449,1
6cf8793a63d3b4b2f8af32ac5d87ed98,0,0.535251193909265,1
30ed3716cda7690550119ca4554d2664,0,0.5352398274191135,1
1bd6c3a42ac8534fd22a6a342d06871c,0,0.5352321170798127,1
d2e9268cfe35e9c09c944ba440197107,0,0.5352238535534238,1
cf20925bdb604a32a9862a3757fd6ff7,0,0.5352231996049706,1
14527b4f9d84c703de9ac715e153ffd9,0,0.5352223695459094,1
ec908f88f9697370ac0892fc38531188,0,0.5352068291642043,1
2cd86dbe4ab909dc6c4525da850e4ccc,0,0.5352021966694405,1
2ee02b9757d3a43c5d6e802282cc3903,0,0.535185575368884,1
abce4226700c80f3664c1df34203d759,0,0.5351689731411261,1
18a9df68701bc34dab01dc86603c6c54,0,0.5351659678027249,1
890d2b911fee843260ea88bf78dac846,0,0.5351589379637459,1
82c3aa6d37a37196566ae332ad18880f,0,0.5351582578730654,1
dfd10cbffc8524a3127ca810ba435207,0,0.5351557978783011,1
038e67cedd9154200d911e7cc6b6f133,0,0.5351472342673307,1
006bbb235068a01d2e3e47fa09ccf53c,0,0.5351402111002125,1
55bbbcb4a9186186167ee9043b98510c,0,0.5351276558967579,1
1cf95ab85e53a989c141f7af90aa93ce,0,0.5351257631517083,1
e88baae856b093e436aef60537fa28d8,0,0.5351185068542892,1
423fbcfb53c72feb1035cd7790c73fe6,0,0.535116573967481,1
19a4d26aef0aadfe7cdc88de373046c6,0,0.5351121811125071,1
9a319f1eb77772538793b60e5834c1ca,0,0.5350761585590481,1
2d10b4a9a412ef6bf4476223677a7a7a,0,0.5350530923051215,1
bde3008b29a8a23dcde4614b72936304,0,0.5350286445732758,1
0004bd2a26a76fe21f786e4fbd80607f,0,0.5350178910197724,1
3d7473b49ce85b24ddf1088368126f59,0,0.5349727020414358,1
28615e538874e8cd93e958a0e761ea59,0,0.5349722793800117,1
fe2c2aaa57ccd2a82d77a7168c3510e1,0,0.5349665734200432,1
5b4022860c7de252d3cc645fa65090f9,0,0.5349313202004867,1
72eadb2fd1950044892dac115617c6a0,0,0.5349235661838735,1
99d2f4598749093c61038fe54bf3a9d9,0,0.534904128215418,1
35e09fd22573d28a0a49d82baa731712,0,0.5348689979866481,1
877a47a9c3f87b14581bd7ad4b6207ea,0,0.534865839757061,1
a1758d26695dced0b4bbb2ef5a35a621,0,0.5348595811161229,1
0404a0f0d37fcd1a30f434cd1cd8871b,0,0.534856650466631,1
fd511ab49ee6756524a20d0db52c5b98,0,0.5348496666150232,1
df02c8901f9435e5de9f520d6821c153,0,0.5348331848133682,1
330d7392c0bb0f03bf59373f45e363f9,0,0.534805693378194,1
5b96a6a7d5de5738179accb10c9af8aa,0,0.5348013324765518,1
d2cdc1bc229c5e1848f8f7ce60a415f7,0,0.534797922355259,1
5097528b417fe105b207979d2bdc036a,0,0.5347728536872566,1
ef1b21005a4676e88c3a41f8f1562d73,0,0.5347546060498136,1
248104cf09f2fea2729b76ddf4cde7f2,0,0.5347118338947763,1
83c32e33218c96284b2945a2a2b00e9b,0,0.5346602421983988,1
80c2334deef4193946c85f731297850a,0,0.534652647481634,1
99943365e96b3789803fdf561bba475a,0,0.5346375796718214,1
38111296bba5a21f383c80155baeafca,0,0.5346367338357445,1
8c5edafb436e4154397ea9209bcc410a,0,0.5346284832342344,1
eddd75ac066e89f2b533569a96536490,0,0.534622950543477,1
f8bd6b385028d47ff0ab376988bf92a2,0,0.5345972378749176,1
67f4b6b9207056736278adddf407f417,0,0.5345550356581864,1
d149d3c210bfa99beadbc7cc68c4f43c,0,0.5345457998788757,1
969eb8bf4c0fce047dfd0ee78ce9a205,0,0.5345316610209889,1
de5901d5589d135fa9bd76c47f9a72e9,0,0.5345292019887423,1
3e43dc6f50cbde4da46b2fed0421cc5d,0,0.5345114157174138,1
06a35cec0273b785b2b58eb349841fb2,0,0.5345030527344686,1
4213fb9a8faac3c944888e273fd32248,0,0.5344619874027019,1
c1d8b7537b86fe0095a78032552c5acc,0,0.5344562825662034,1
2a8f929287429e825e794f73d916e5e4,0,0.5344551634085533,1
3f04877b0a3842c23e36f422abe4393b,0,0.534450963868408,1
82d36d5b6aa8c9c4678e7c848d5970c8,0,0.534429461591498,1
1d35875db271f1136229a00875a415b5,0,0.5344293827495981,1
cb2e3aee024b6491050fe3dbe4147b9c,0,0.5343726541740683,1
5e834460cc23f72e6fb58f17a2a35d7d,0,0.5343604291179951,1
e200e8fd152f9ed3bc444aff30961d70,0,0.5343574501230819,1
90a1d3ac705ddafabec78b854f15bcf2,0,0.5343570746224757,1
8c81f00d5f170ff5a91ddd77f2aa5b70,0,0.5343500314216408,1
951577078b4e0ac49e34e90b059779a9,0,0.5343494932435218,1
3d1d4c2d55117aced1b69276d407085b,0,0.5343462184457898,1
cffde569725a574542b11dfdc2b9d054,0,0.534342178367693,1
c8e70a09bed103cb38ffb34bbf832438,0,0.5343310491329494,1
4ef5a0b80908b617ba5e563a05c52095,0,0.5343181404078307,1
155b7286ce86009c8902fd815243076f,0,0.5342793266858065,1
c02930ca258cdfc2d3b6102b57086085,0,0.534275843862376,1
45be3a223a18d711355d2f3726cd3b2f,0,0.534252025695694,1
da533dfdc1a3ab068ab6107f443c6a9f,0,0.5342283443486903,1
3f86db7a226a23bc9ad2cbc312f665d3,0,0.5342113483689891,1
56af007e31282a184554d2a10d4c01ed,0,0.5342021489323071,1
279a971f4590c53700a024ad54cf0f08,0,0.5341903530817219,1
13efaadea9b2ad1a425fe9fc132ac1a9,0,0.5341459290904597,1
068bf1b6ad5389ef7fd0b25926059be9,0,0.5341249182938993,1
f8bd8ab829fb64dcaa95158ef7311445,0,0.5341144298091305,1
78e3900c0b7f386bdb293e923f12f30a,0,0.5341144136374744,1
62ed60b3cf99e01f09499205314419aa,0,0.5341140743377938,1
98fac811fba7ee31c89a875658932862,0,0.5341139566516644,1
7b41b7725aa92a0a785588bce9fdff15,0,0.5341075956268017,1
33c82d7279dd975b040f7ce99e87289d,0,0.5340975574836865,1
74f1d1f487534183c6b5f8abc0aff7b1,0,0.5340972983063905,1
3655449bb852f5663e2fd8a8770bca2f,0,0.5340956012043614,1
b1e68fcf407eb2e590c9fe86ba4525e2,0,0.5340824153132554,1
8b25396894d7f811e22e4a0662e18d54,0,0.5340418105671642,1
e742cc1fa9947cbc217a8bc7327d68f9,0,0.5340400632020402,1
0698b42dd37c77db1c056d415e028737,0,0.5340136749989159,1
b918da4934c7eabcda6e45b4e18aba53,0,0.534010231575864,1
72a57aa9fbdd0fd432271a8767547314,0,0.5340084824671186,1
500e7eb862f666f1b2d9072ae9678e69,0,0.534008025153776,1
a7275640a427406935d3460bec8a0ed3,0,0.5339947214157302,1
6b63a2e5513636acaf0d921a3218c398,0,0.5339667589866339,1
35342fd736cab1a2cba457e32eea1df3,0,0.5339616244009224,1
0623c2d27abb37e8ad0ac4c8328ea5ad,0,0.5339609972063959,1
9c9cef121cb812cb301babddc2d8331e,0,0.5339347649831432,1
8f9f1a0464f6ab0e25650be9849b086d,0,0.533896088510068,1
f7485c007aaec8770e5fda0aad0fa419,0,0.5338821044463005,1
b4eab7feae43ec5a12b8a46be62e985c,0,0.533858677221935,1
ff22de821fd449e50e82f657090da1df,0,0.5338395573920937,1
bb1e26bd4efb2028afc28b5da2c593db,0,0.5338048861503475,1
08a8951a9497c7b36690985dab879a64,0,0.5337696592833653,1
50f8c5f8f6d5b86bc62dd8e671ff2e78,0,0.5337645963115453,1
fd1f8397984d1347b833c49202122cb7,0,0.5337577535284694,1
e4ac584ace8736ac1ea923ba3475f719,0,0.5337553251984033,1
c49760f3652f57abae1908ae0a452350,0,0.5337462797409188,1
5f351efac8e4116350a242abcabbe3ca,0,0.5337406555605808,1
cd2cd01a52c2e69287318ad08ea835ce,0,0.5337363005673281,1
b651ac344021309e2dcefe45af53da81,0,0.5337273142967905,1
5fa89f42566eb0dc32e28d9e945c5f9a,0,0.5337182802710787,1
81173dfefc72d08cc9b859fa647edd0a,0,0.5336974668233091,1
333f5ee86f365383a2b6155132a4a0c5,0,0.5336427458659132,1
31397f2849beb9c2f87b601ac5745c00,0,0.5336406782786943,1
12c4baf4f1b678d493ea9e219addb862,0,0.5336264322654165,1
63e7b3101c55297369f3141cf91532be,0,0.5336226821067332,1
de3310643e5dc5aeda6082c500dc629f,0,0.5336164287546338,1
23a9fb140ba870f4966fca4aa223e492,0,0.5335839754539594,1
6bae3d248c2fcb847d59a027b4c30c89,0,0.5335815536823653,1
a66e72c0cab406d07c1f52cd1490611a,0,0.5335666649530273,1
df7c5861095ecfe99bfbaaa172f17459,0,0.5335543610556108,1
3895adac45582f6df5322d01c83986f1,0,0.533511381876445,1
579a8e5987c00f125ea993640855f3cb,0,0.5335047471443425,1
bbfa16828a49c356b46dcbea56ded834,1,0.5334721751471545,1
bea1175ad79f600b0d364fd0b25203d4,0,0.5334623881171949,1
88cbb8f53ff515e53afbd96f31646d23,0,0.5334620473430473,1
03122c028e98da49398ab33d1835e776,0,0.533459760098455,1
582f16f6e7c44c004033eea0aeaf9b69,0,0.5334511220157218,1
a4ba794126cd79c19efcb6cf5e9803aa,0,0.5334215599090375,1
54b54ddc7b72f714b125e6be04b3483f,0,0.5334120537349839,1
9dab217089224ad75d6f756a5b253930,0,0.5334006132480066,1
bf0630cdbb318bda61f16449fd235308,0,0.533396610877388,1
2030fe66da9ce66d9238bd5dc4eeb370,0,0.5333844093057277,1
b40a502883cfbd1065c35f9f72b2a3e5,0,0.5333828402833414,1
460cd758614a0be9739d2f8d9bc1494d,0,0.5333585515196346,1
c1d365220b408879df6a5fb635808e57,0,0.5333370747212354,1
c5e04d2fe00cdad3c541268baa284553,0,0.5333353279216566,1
5991776a909120cb75e2dbe9a9f513de,0,0.5333276994692376,1
1443fee1e6002f8607edf57f013f05a1,0,0.5333265158835773,1
a593f38eeb94e24a57e74f756b88a426,0,0.5333172925279861,1
d58a2660abbddaf4deeb7d5ec2638ef7,0,0.5333104076816978,1
ef695418889f83b91a11a0fb43379be5,0,0.5333025803001792,1
af3b675d1e66e779b777389130df216e,0,0.5332767260505495,1
d69b8051ba3a02970a87f2fe249d9433,0,0.5332748043746457,1
7fbeb0c80edd9b2b13916f371426674b,0,0.5332679060026028,1
8163ea4d870aa941a0b5163d8d3a953a,0,0.5332492961221825,1
a239b2de0befe32238ef4ff962a8d626,0,0.5332123296367555,1
997c66196113f35f0ffe00de2951c276,0,0.5332066108281509,1
64f9c413b6641fe3b5338df480555100,0,0.5332028946144685,1
ffe4d6bcc48632f0bb1bedf53702cc4b,0,0.5331924170561657,1
2d3e435356864d8493067204c2d9dc55,0,0.5331675489983868,1
4205773bff14c83947c8d0275310da43,0,0.5331586533563083,1
56b4fe70529cc49e243c4f746439cce7,0,0.5331504651510737,1
77ebb90986b1927896dd71c40498d3e0,0,0.5331131734643926,1
4147a5e98be4bff92386986284b08c87,0,0.5330991337855565,1
d8683adc8e35f0e8147da1cf885baddf,0,0.5330974929757187,1
a5ca849aef780a6a44f1f5bd5b3e2d0e,0,0.5330876487850257,1
905d95a56f0b4fd5866730fdcea9c3ca,0,0.5330783059485037,1
cf36822585430590c8a9b7455537e951,0,0.5330643875688327,1
abd8f8d39998021867f7611175559b74,0,0.5330361214466779,1
4f6756b26fb93a1a7874f52111830b52,0,0.5330295122723672,1
c73db978f9ccc86458f65fabfd75ac5d,0,0.5330157425887583,1
44d5ead0073d7c53c3f0503d9f847de0,0,0.5329403893092914,1
0b209d54ce95005e6dd01239d4146ec2,0,0.5329385656912157,1
2177af4b53c4c94064cf2fff52a09376,0,0.5328972343803652,1
c3a5a6bb526f4595608414845b62f950,0,0.53289147477422,1
66f08e716d89321277d31af853632bad,0,0.5328907860745085,1
a7408d5a8aaa865315db143d43030537,0,0.5328851583290269,1
5610b0083f65fb633e300f6a55916292,0,0.5328708020064701,1
e76dce3e2b48ad134d59d6d773f27c24,0,0.532837318933453,1
3c132c8de529fdc9da03eacfeb3be67a,0,0.5328175568664332,1
a5a768a369279102b048fb1a0a6462b8,0,0.5328056777214514,1
7cc03c08d005325866a066545987dbfe,0,0.5327956143910614,1
b51991f256324aac39d7c5a45030eeaa,0,0.5327949704122344,1
86d4ade546938f7f81621ac41a89cc5d,0,0.5327932615128892,1
4e0a6dff1fea848b9f38faf868102b59,0,0.5327468897862785,1
4365cd5635c5ccbfe74f5d39fb3c7830,0,0.5327152353373058,1
69414ec37315f745bcafd70cf3deeb08,0,0.5326994710747806,1
b3c9c2da8dc18956347a46c7e61321f5,0,0.5326437596404467,1
471f7a0f1522b1c7f08f2aca7f56989c,0,0.5326036458825699,1
df0c259fcd231dc0a72eceb0bec4102f,0,0.5325988917993784,1
09f13869ddd0dc89780cbac9eaabe347,0,0.532597259783592,1
790209aa346fa5c3a9e3611962275a93,0,0.5325660791106812,1
11abb5530db9840be4b5287c63e6e7e1,0,0.5325546392726962,1
b34389df1fe2ddbd7389c4cdb085294a,0,0.5325474581411315,1
abacce626346090b3362b2eff5f5fb8e,0,0.5325382897037483,1
704647e2ee2576c3c45703af3d9d67ed,0,0.5325323728839869,1
d752778abfd1b651a40c399fd307a5ba,0,0.5325152432729248,1
857407b654ea79a14312009abc66d6a4,0,0.5325106532455648,1
82d138ae6fc1dd103c9b3eda595b61da,0,0.5325089422687191,1
758ccbbf8be7c6ef2efb9b4ed671e82a,0,0.5325012452606588,1
2a8c7c4aece32db48d9c7ed02fcca752,0,0.5324808380084795,1
50e1096aa54dec2a298d27f60f079182,0,0.5324694123913015,1
f4ae67524bc262b9fe7574d4007df896,0,0.5324527279074575,1
061e2147297977f2a31cc05eea4888e4,0,0.5324517546485682,1
99b9aea00c30fc7a4e5d6644ea01edc8,0,0.5324379481993561,1
71937ab0737dd0cc11a6ee528b22be7a,0,0.5324368913394691,1
65fd90c29a130b003fc3443d1cc904ee,0,0.5324233677051755,1
7a6e597c66635dd688f6be9d0e82f525,0,0.5324156781226567,1
43609bac99eff5f455f5ed4ac1f78171,0,0.5324077308968714,1
f0e5cfb9219e168895e03ed49c20043a,0,0.5323876041188222,1
4c62d633110e280bfc516aa7c6fb12e2,0,0.5323730250668103,1
c100ac3d0b41d5ac99668f12b0676527,0,0.5323432249400217,1
2948be030b49909f3eccb592b8315f89,0,0.532334527628007,1
82b794afcd3aeb95b5cbdeae9d965d32,0,0.5323331360685338,1
55710afb01abb82b30e220af139ec878,0,0.5323320351044905,1
2436914b757549382ea4ca7b56b5ede2,0,0.5323310571609939,1
b65500e480c623454e37aea4617b3502,0,0.5323274778767602,1
672cc13f1d8220c6622ba842635301f3,0,0.5323004885992765,1
c01d096654684b377eb9068bb211eaff,0,0.532284274337058,1
b6c7d9b3cf077e60a3436d742b05a717,0,0.5322523143710328,1
0b65eda4e79ea89a005c082b5ffa392a,0,0.5322368875012934,1
bb152cc752d514fad69ba95da9c19a46,0,0.5322351787167008,1
3eed36d1681c8f1d32dab5674c48302c,0,0.5322289859886442,1
02e0ab6a1eca5f017932ae3cd0953b88,0,0.5322242019710848,1
8479ef9838c9bca6f1ad143f1c0404f9,0,0.5322200319210523,1
7d3af805295c05f0b9379b88a779e6c1,0,0.5321898425414097,1
0439cc7d06009c57579b7d91fd979b3b,0,0.5321853309954688,1
432f0de39d1889469a635e290206a42b,0,0.5321773399616897,1
2ea636f2cc4a323cdcb8807356e39356,0,0.5321449775257221,1
688b3742e1811e97ff40b56440cd15f5,0,0.5321291464275999,1
77fd7534d3709c38cf8618fd1015d0d9,0,0.5321264374355288,1
982d3f471ec30da2332f46e082baf588,0,0.5321066635377844,1
5f2fab3e4ebe70800d18f18c0e545ef8,0,0.5320867211893319,1
4fd8f4785adc050c361c254865202d6f,0,0.5320691616754933,1
38dfe4655fc8785c5bf00923d9fca1ef,0,0.5320648267642478,1
f044079f22047e7bf05fd5e38c0591ef,0,0.5320256745676005,1
61e261fc9720d6ef05f167484504d0f2,0,0.5320176086905785,1
d0a1ac16d6c99f67c377c77f21cda925,0,0.5320071606508628,1
346c215e8c79a80eac1913f55cb80165,0,0.5319892232523908,1
1dfbe9b49e39fd37c822347870ad76c9,0,0.5319864618364821,1
21ff5d01b75a442ab1088f757cce6ff0,0,0.5319632384553666,1
fc702ed26dd28341668ab32177d2ee2b,0,0.5319566007068537,1
82cbe18a587cb972ef38ea261c260740,0,0.5319442171961946,1
fe0617cc03bb1fdefeb9e76e7d316548,0,0.5319405617262606,1
0c595173cd5ead1e6c3242781d521c11,0,0.531930985137587,1
9cfb33b777e28002bb1cca34f17124dc,0,0.5319309315313507,1
3e309610ac2bde864374c18e8d8fe8f8,0,0.5319175320315379,1
e4fb8db63a95999b264b0591cab461e5,0,0.5318236622935663,1
b1011cba0fd71c89bdb2a5c3b90bb1ae,0,0.531809111495625,1
c5e6cb6de29d2a8814b0662355fd9455,0,0.5317718343780506,1
3fe21e99079faf8150493fc8d9a2112c,0,0.5317642278595124,1
33a3afd7cf2bb9176cedbde65d91d756,0,0.5317195457109732,1
21b6d5ffb3f9b205a8a7d42d4336086d,0,0.5317061761029301,1
7aeb3fe3a6455bcd0cd015e57fc75925,0,0.5316913027702936,1
2cc4dd91c2a9b7fed2b602db8a00cd69,0,0.5316619947174507,1
c7450098b0fe9fb0c1872fe42fad6795,0,0.531660876440044,1
6b8c63c66ac3dfea94e7271a15970796,0,0.5316597120327741,1
e52317e97ac8cc8595fab59358e5ef0f,0,0.5316518621161289,1
a9ebb66932edcfc2de4b6b50111992fd,0,0.5315998231684477,1
59476bf1c7cde88ac3277cd08be58fa1,0,0.5315953751334824,1
f247b7fda7279d2f88147c7bd0e7867f,0,0.5315813819181668,1
74fc9125eede6d44f2a1f33c877374e6,0,0.5315800842691369,1
7303c59666e8ffceb43044086459a1ed,0,0.5315765151587009,1
d12ef695902d1605c90d4f76e238d241,0,0.5315713828965438,1
543ee4dd7404e671b9f0077fed32cf11,0,0.5315510966400061,1
e2d30c348b9f2b1ecc941dbfc545e84f,0,0.5315450445075492,1
4a0eed40063695c28f67f468dd5776f8,0,0.53153807028496,1
045bc837a19ec2f94f2eade75b728409,0,0.5314960655431029,1
528dfcc777a4bc47bfef5fd7b189cb2a,0,0.5314940637599841,1
192cebe1ce37dd56b81350bf2d371dbc,0,0.5314836051924765,1
c55ad9a8c04e8009e4ac169f7344a583,0,0.5314758842404178,1
697b535cef2a232393cf2f87ae043ee9,0,0.5314742695607533,1
d2bc5f2dffa64b6258dbcf923b61540a,0,0.5314624809673805,1
8953237dbe1191529ee4acbfc8aae276,0,0.5314591812009906,1
691d75928efd2c5dd34b678f19783c28,0,0.5314508848104113,1
694770a8ad05691bdaed8ffff38813e2,0,0.5314416213504765,1
0856d049bb504667a1a2c34d75af0061,0,0.5314371829402431,1
5e0e18fbc2af5e1582f7c30d03df2cfd,0,0.5314222965151238,1
149c19901ddcd1057deaabc003004a12,0,0.5314040994148087,1
9afc29b951c1e0fae7d91fb3192d655d,0,0.5314036071522278,1
642743aa0d9d33f81bf931f8fd0fc5da,0,0.531382362120335,1
506f2b94a3aaabfc37f9904ac9b8c064,0,0.5313799277631855,1
f03010990971a88c965c821171f93010,0,0.5313693885153894,1
d2909abd209ab540ffb36a4878b914dd,0,0.531355136014756,1
3ba79a5f08ab53b0bf1e83e66dda0fae,0,0.5313497702231567,1
62d514474504de66057183274ece334a,0,0.5313147874003127,1
79fc316fe1845a67f34f4c32f09ee0b7,0,0.5313036395927692,1
5d5605b616dcfacbd94d72a7fea8ae1d,0,0.5312254519778047,1
9c2e4dbb6fe2b2788be96a4cfe8e16a8,0,0.5312156377304578,1
c857011e0440f818655aa5881f54b20c,0,0.5312067919774015,1
016c60628fc64e15fa5990e58a0b57c1,0,0.5311801165872775,1
960118b2d734220509690e16787f955e,0,0.5311455949710293,1
3574ddc59020916b72650753adab59d8,0,0.531145136895132,1
1dbd614053111575f2e236e073efe224,0,0.5311389745186972,1
decf5e95920bb2dc3fe659c102dbbf70,0,0.5311367527867087,1
73a0200d198dbc7022fbcb361cbef7f9,0,0.5311307027944814,1
233bd5bb78bda74cebbc5aa403a9e613,0,0.5311205591305261,1
aa5f7dd54ee60e317ead5eef539b266b,0,0.5311147299416914,1
487ff42ade0b680bbb1c3dbcb4779329,0,0.5311101185343824,1
712285b21e58e753e86b93a8358dd1a2,0,0.5311049543249178,1
bad3c36359c0f5e4bdc6fe6a6486e7c9,0,0.5310870533235507,1
df0d8456bb4285a538225e2d75a7c345,0,0.5310854879244552,1
1134ea3972f2bd7972d475c51224ea80,0,0.5310826879272914,1
0e74bd7c786672a0bc560877923b3a2f,0,0.5310381341647334,1
dce2ed744c77bee28e2a2491c49baa59,0,0.5310339657638735,1
c5e61ce1afc2362140b56a5eb51b7273,0,0.5310302130793569,1
d3f0e3b979deec25383cb56baf74a7da,0,0.5310153211674833,1
944779ed5e0464b49fbb2108382b0ddf,1,0.5310105568624189,1
d3f15df5924e63131bcdac6364b6a6fd,0,0.5310062696759387,1
ccf9bb2d5ab02b4928415360e23e6e8e,0,0.530984691509572,1
97d61292cc16e9d8ca260597a89bd70a,0,0.5309831054665969,1
c8b8744cdff8bfb969670e865d94a61a,0,0.5309824111864561,1
06cc851a9019233fc99c7e63cc22937c,0,0.5309771128683627,1
207b943d8a627cf754d5a62210f20d00,0,0.5309573308107088,1
f75fb51dbb29d8fba1eb3eb7576293aa,0,0.5309311035560974,1
5145c62d477b346951d4958a4e897104,0,0.530903381063991,1
c47ce7cce21dab22b792e0c81c5bfb1f,0,0.5308967631073335,1
195cf297219f91cb8ab3a8350a531217,0,0.530880409573139,1
863e0c39d43e140724cae611f021cae7,0,0.5308724881771735,1
2d5ce6732fd98e102ceecef54860dc54,0,0.5308711245600797,1
31a98cf218b88e127990ae3ded21211f,0,0.5308341219452994,1
0f5e2b309f99962302bb03e95d0f4b7b,0,0.5308166420968261,1
d60a9e79d708812477d8facaff561160,0,0.5307915299140247,1
487c3e4ebb267a6826e3ac7271616918,0,0.5307796538680188,1
59da9804c501aee997342f0b838ef948,0,0.5307621188478022,1
a3e773cc0eb8895c7d3d8bda4a320b70,0,0.5307365155881018,1
9891c0edb2a2bfd2facc5cbe11bbf46c,0,0.5307348305709869,1
d2ae7694740571cac317d6b54371b938,0,0.5307098183473248,1
023614eec7dadcb125d4408c1e9634d1,0,0.5307012488983059,1
416f8cebc9e3455b81aed90642f926ad,0,0.5306812699995997,1
e4ca396ba594cb812edbd6dab03a340b,0,0.5306805901841297,1
46417d48bc2287961151018320f0addb,0,0.5306780471935982,1
6a1b5e68e0f74bc265df1d9f30d0a7d2,0,0.530665866881909,1
c711e0c6b9f24e48cce494f5c29230a0,0,0.5306580971742216,1
545784b22ef94d0d03f2872868c43ade,0,0.5306547301001168,1
c3fe3b1fa9a3715d092d549d2cf403e5,0,0.530638438225382,1
320f87e0bbf9af5a673dd836c7f91e2b,0,0.53062290053532,1
961adaf5b6ad2adcd41c9855fb1cbb40,0,0.5306067936155644,1
3ac652bdb8a0de18c0a73ce11f88efed,0,0.5305948054831766,1
141bcfc7a11b7a56fd5c9c0cd020792f,0,0.5305666328067313,1
408cf687d61ea9854b5621fe6320f179,0,0.5305547066915455,1
0f9332d672a06633b36446b9eddc3640,0,0.530554561868171,1
a12645da205c0e34d4c9f38904a4dd71,0,0.5305498346706591,1
d52e1053a48ec145816edc0a4be00732,0,0.5305343576784026,1
21511bebe1aae2c060a5ca3b95460c85,0,0.5305265772494456,1
8c8bae6394c92acd447b6f7d37f7e334,0,0.5304999872117965,1
d6b2974e6cf0a2090a3316aa1736ebef,0,0.5304934917363215,1
917b9b2186fb1b16937a8d1822618b13,0,0.530487282814179,1
4594d87e4a3376231722e88c0b1352b9,0,0.5304828381030238,1
9ff8343bb1b75defb17c8c2337733aa6,0,0.530478710420998,1
45ce9c14f4f5486438cc7e07ef70db99,0,0.5304637734861131,1
27feaffd3a749b256c736d01c4daf804,0,0.5304635648988056,1
a9ed06e13fc37cc915f5ecb904fbe34d,0,0.530452483781962,1
4bb34da540ac81243b3da4c00de00f71,0,0.5304523004360342,1
92dd9c8abb3cfdd902e9528cab9cc3cf,0,0.5304312622147753,1
7a814d358e0e731310bd223e372a37be,0,0.5304303265059573,1
4ed407615f57010083460436a955577b,0,0.5304194834132799,1
da5d6f1b3e1b8fd034ca96eadb28eed3,0,0.5303930891691427,1
d7ffdaa5a1e54d4be5106e190599a9a4,0,0.5303918337829208,1
3412ff23ac029c9e02375d54a2ae744b,0,0.5303811033961944,1
75f8a2ccad88f173161afc0ba98b52a4,0,0.5303787704423143,1
cc3f5d537772957f90b7f15f1fb70316,0,0.5303561479412578,1
12f0b92174115360e842570307baddf4,0,0.5303546407859849,1
4d42a6da30084c87412ab016b0eba4af,0,0.5303546407859849,1
a2e0f605a77015b28a90b06c31404e99,0,0.5303529410525847,1
098c1087368788918c5ff9f2dfa4c9c6,0,0.5303428759443649,1
a83bd84d505040ee31a4ed6e1edf4381,0,0.5303388221584734,1
05deb0755cb5c09fab08a1f06ed4e3f4,0,0.5303291606822171,1
39b203f2687df866f39a7fc3438e67f8,0,0.5303016372598403,1
d7d6084a07809ee2a00e58005e9469dc,0,0.530297228591837,1
0bf1626a7a55a34f1125174bb92993da,0,0.5302821279335902,1
d1e50ac66604fa33ddcf85fd68a34f8a,0,0.5302810676326138,1
8ee2c84bb387d1e4fbac648a5d964581,0,0.5302785418388806,1
8fea95cc720de6081d306b0dacc25353,0,0.530269189865794,1
2095aad3258b909866815f7a3463ba5d,0,0.5302612031077215,1
25e29edadf2de1c199a01bd861f63c8d,0,0.5302582664537443,1
6a7bb05f9b6860beb4533af2fde2298d,0,0.5302576004353411,1
269967d6fb659ab7b231b9d550a7d2ff,0,0.5302486604196454,1
fe80881541b7cb0a0732cf82eed3c82b,0,0.5302274625108191,1
78688a96aec00274a6fb74f373c75a69,0,0.5302161461888719,1
43573e0c04f5af33469eee293a30e2b7,0,0.5302032913990218,1
0137420de9b02a180c53e5bd64f14750,0,0.5301848738549383,1
8e56dc74df943cf6a545501272646c80,0,0.5301792225923533,1
096f5b507bef15095ac995aa2b720a33,0,0.5301792225923533,1
98cc69c83f043dde125b693786c0a7d8,0,0.5301580158225088,1
606895478a52866c50804a43c243383f,0,0.5301155459855924,1
8fcb8ae164a5d1c7c4534595e9bb898a,0,0.5301098851380593,1
7fe53ce6ebcc4a93719884627ab3f66b,0,0.5301098851380593,1
2cea2574d1e9989b8db94e9c952fc3d2,0,0.5300968143428175,1
0848ef3901afaa99199cbe1bbbd71e1a,0,0.5300779755335392,1
5d1fddfdc43e0fce1c725006b1b5aae3,0,0.5300776499264539,1
1f8201a7ef707def40afb6494fce6658,0,0.5300609385073617,1
cbec32ec798b19eb03b02da4e41e0e1c,0,0.5300291038263603,1
e2273048c2110b4f5d72f38a169848e6,0,0.5300191645115687,1
6484b8245e206f9421a11e441ecfa5b1,0,0.5300165386493588,1
bad6ccf4e65cc1816846e573853efee6,0,0.5300136684775114,1
468ab02aaf30e643565ff4c2de7334fb,0,0.529921057031261,1
68df5ae3292acfde45e8071437a920b9,0,0.5299100844513581,1
1466bc5f9bf7e0523b2b9d4426fcf909,0,0.5299082882962662,1
804703c62c1990158913e1a51535f0e2,0,0.5299051316801167,1
371c0b90cfaac9b77d1b4198c6c66f3f,0,0.5298992283997878,1
e556b268c7634506fcda88013adc1c82,0,0.5298826818944955,1
11f1da7f54ca7505e5d1b255774ac6d6,0,0.5298711873680325,1
d7830d2cd796b860f29c873a109fae4b,0,0.5298591478033629,1
3e95df0418e85431b735af1d9f25767f,0,0.5298507839645971,1
822fbb1c216c4619d704515b52494dd7,0,0.5298484131471627,1
93e6766a936c1c64bd4bc1fbab0b3db8,0,0.52983742289277,1
04ae551b5f47d2ad463a30d96c15ca7f,0,0.529836947974977,1
07597096095d50d3235d4145c7f98cc4,0,0.5298120520009664,1
10276d60d5486cb3e368bfa68c5351d3,0,0.5297743372796094,1
7f5ee568f55fc408e0002d49a99836b5,0,0.5297735981989418,1
c07b3995533b3acef9b3a7e9353163ee,0,0.5297550189048462,1
015e470a59ee1adbb4d6586fd90e4c52,0,0.5297474341385411,1
25f7984e57eb95aaf95352962df14587,0,0.5297321706915967,1
a85c55413d197ae04c5ca191023f7e3d,0,0.5297004780369113,1
285e92182b75afe3123897ecaf02f253,0,0.5296867834218424,1
d5a78b337983a90895f5bed5a1f273ca,0,0.5296836160869649,1
e65862da4f9f183565831cf7e1cbb7a5,0,0.5296476410271711,1
4211dcafb715e60bb929a44d3e4951a2,0,0.5296467403768268,1
81c8a13965f7a71bbaa1b7ae76e839c3,0,0.5296462451462338,1
63ab884cbf15a16963dcbcaf07ca11ab,0,0.5296425149093223,1
adbd3a8dbf4f55d366ff1537d7f06fe2,0,0.5296185716206103,1
ca456b58534be99055e50781fe92b780,0,0.5296155731971017,1
2ad8e239f8d1559571036c4660a6470e,0,0.5295924778926427,1
e6dc181051e2446e7ae94acd95676489,0,0.5295733167022856,1
3a4f5d794447ef719ca0e2f79613756d,0,0.52955972631145,1
de931b7dca1d1666bbd1e94a19123e4a,0,0.529559004480906,1
362a9847480149ea6dda85f669ef7347,0,0.5295409705271513,1
9b4496ef27f4b987ed84d49a0386c28b,0,0.5295375420700457,1
d1484b34e362c48002d3ee703d5eb89d,0,0.5295313544888354,1
3ebf117d81533e8953be18ffa704877a,0,0.5295210719774732,1
33cf57813cf08aafb3b3ccf15c8b10c7,0,0.5294995159532176,1
95cc7f48ae7cfa0afebd560092cdc92e,0,0.5294966201828263,1
068b73f9995e1550291624093d1a2853,0,0.5294788695702033,1
5ebe715158eeab61dc879da9071480b9,0,0.5294750244613137,1
8f77e5f1eec0ba7ee4db6db5e8e50b05,0,0.5294515338448038,1
c86942df78b3afb9163f3a48ffb92b8b,0,0.529440909253201,1
233edfdfa1c9a21d5a1c790955211117,0,0.529399445426867,1
7c020cb518b4fdcf5c50fa717d0fdca8,0,0.5293956912539532,1
fcaf9abda28085889679a9b18f900ab1,0,0.5293934565703657,1
fdf526991af341d68b46ff5a194ce0f2,0,0.5293564156485322,1
2daccb8cb6524f5b1a344559a2729465,0,0.5293490565856345,1
bd5cb3c81244dea5c5e4f03fe5c319e8,0,0.5293312891889673,1
514e32c6841678ef0303459cd3a3c39f,0,0.5293154636924084,1
d1c49f1d40160eed3f875a868e779c7e,0,0.5293124565840919,1
72859486253cab9dc82376ebc8ee911e,0,0.5292885390749724,1
04ceb0b6de581dfcd6d0e61442550117,0,0.5292581653506573,1
808ea98440623f6eea7393bbec93e74c,0,0.5292574181577328,1
10b73c443113a98b487f083cd049c5f8,0,0.5292260819259379,1
8c12687aad88863f160627aa762e5422,0,0.5292170999403024,1
4c4446c628c278bdd121aa0d5aaa147f,0,0.5292040930548503,1
e1a47f1cdb26782f1c258807c5934b75,0,0.5291942740682523,1
be8b8317c7cd0ba267784489e7df66d1,0,0.5291907135286807,1
bab54c4c3ab75f52ba0c2ec67d355708,0,0.529145133469703,1
6ec20c2a8312b4a1a7497f70cc7004ac,0,0.5291409105450252,1
083ce299ea3fc1eba79bd0b17f64555b,1,0.529125816409734,1
b12519eb0679eb9713199f830686bf2b,0,0.5291181101431752,1
f588b3e8c3a92284c02a5f3b0728d987,0,0.5291020060580376,1
1cebf1f65b1a8b783b7d93b2c187216c,0,0.5290900850056789,1
35a0b5cc1effd41a48a364b5c7a3f2a8,0,0.5290758664203635,1
87e84b95aff26b8c8e22bd63b6513f0d,0,0.5290726772318771,1
071f6a8af4d9d148f8d52634339500ef,0,0.5290671383433185,1
82526a252817b28cda39d2f99f6fe05a,0,0.5290645714813705,1
226c558aa385e05d5f067330856fa577,0,0.5290351161461226,1
4ceef76fd48a927c5cc893ea233c96ce,0,0.5289943819293988,1
fa7f4e44ed8a62b479f910f3d3b02a6f,0,0.5289809648871359,1
6978de4fe2db515e3b13f3a81c020caa,0,0.5289714330625868,1
efe8f87089ec28b1a681c20afa307784,0,0.5289701610385795,1
d46587a19ca3839ca9c3ece22f681a06,0,0.5289608915254566,1
5cd5ba782c132960c87ec86a9fc3ca9b,0,0.5289576503646056,1
0f5ebda6a8a76525e3c0fc104cd0b95c,0,0.5289330600050671,1
7d162a0926d6f0d1a3aece8d8d93fb0d,0,0.5289223500209126,1
a1ed6a6697fcb252b63bc8137f8cd009,0,0.5289202213429761,1
7a311716cb061e6677b00589143f4d5f,0,0.528906202521628,1
a4f5ad1d5cd5d106aa02621eef8dd48b,0,0.5289044287351812,1
abd385418716d3a53b85d5b74a05b2d3,0,0.5288945367913268,1
fb8497fbbc2245f9911574aa498414e7,0,0.5288904531156948,1
0aabb3a7946ba3ddfae9b7be90dae1a7,0,0.5288673296889185,1
36d2bc80af00b317e0c2e2ce2615841c,0,0.5288203726137132,1
9b852dc7c56a6fbdb4de7a155f24bbb3,0,0.5288083637334909,1
55e1bc4d2f5db05ba77f4a843cf95cf6,0,0.5287831353131717,1
4dfdc2b505745b7fa2547c07f4d1d5d9,0,0.5287629892331599,1
e88585846e5194ad85abdff1497c252f,0,0.5287588961006979,1
35aacf964f77a333b9eda5ae1ba290af,0,0.5287570614537977,1
dac15dbebece9d14c52041743f582912,0,0.5287447000978317,1
0d8245b7c1a190320663e7e1160b20fa,0,0.5287389812945302,1
7a162180cfcfa1462d1546e556d48fc4,0,0.5287313945074659,1
9df377601c20eda92b30f91d76204900,0,0.5286897697090609,1
8db4ef610cfc6beff12d2ab8942d6e1f,0,0.5286761936662967,1
0da4fdf7e39f8742ccf5185473df33eb,0,0.5286614500105743,1
256c321af58ca588b5af1b46e42b0fb2,0,0.5286184053104056,1
a14fc3d11e3640f196d4fc8c932fecc1,0,0.5285608927018841,1
3611e83bc109550fface948a300a70b1,0,0.5285437106566918,1
66a2199c05159203014883cc0d3cf33f,0,0.5285204310152617,1
953af4227c2b89db1053da22e6339b07,0,0.5285177760853825,1
444e3c9eb1699da5f78e83a464a3cbae,0,0.5284984154101176,1
3b66cda83c35412850dce44d6cb3dc78,0,0.5284883988252161,1
3a3cb373edfed9973ae634f8ef6084ed,0,0.528443229359931,1
d0f3363e59cfc2c45445723f67505097,0,0.5284288250373949,1
3aab3edf4e82799a0b25ab1ae6ad999e,0,0.5284171242421536,1
3e7d8d6bd7100a5c71cdf2572a0b402c,0,0.5284053900640959,1
a005730a6f530f5932063b70c1ea4b88,0,0.5283781208100065,1
f1d4d4fa44bfaac776ce5b9812ac66d7,0,0.5283665377565822,1
6b40f79b58516afb8e7d18367d7dace6,0,0.528353529693009,1
5e020b18f75cea18f1475b63fbf0713a,0,0.5283491006098414,1
2576fdbc06d04c569faf4ff1020fe5d3,0,0.5283293486560878,1
0f2a2b4517c2888720934e5ee58dc30e,0,0.5283265001277563,1
032cfb33364e07ebcafb4b8a92d7eec4,0,0.5283207771454372,1
3136561f1d9af758ada21e74d3a35e81,0,0.5283152650177163,1
11f8725a59be3885e0df9cb80861d471,0,0.5283031087924981,1
63fe1f56eabeca9c62845459158c8c5a,0,0.5283013482254887,1
a4214e8ca6af8a29515bc907ddff8256,0,0.5282938474563975,1
4ea84245bb51d89f7ea345cf74de259f,0,0.5282779511110417,1
9ea9a16f73f10a955723ed570c35f735,0,0.5282719298686069,1
907c54251308d171c9fd2458bdb10b23,0,0.5282525022461622,1
eea594cf2dc1f7f8d905d0adcf7d393b,0,0.5282500891192862,1
32fc029baa8e79b663c095e94a0fd716,0,0.5282467184964281,1
71ac6762f2c55153a2379a74ac294b9b,0,0.5282353477059489,1
d5f1b2d3fbfec07b6c4cf5193e83f8ac,0,0.5282238985050061,1
f9f62e14bbbf91ada0403395a03f83a6,0,0.5282227213429072,1
b960d79a3eecce7d0927156936de6cce,0,0.5281997687815153,1
4000003be716f8c05985d56019bedc60,0,0.5281908037960283,1
2705430e1e6f8d47e3774ec145703860,0,0.5281661159384086,1
2547283317d281985564ea23e6fd0ffd,0,0.5280839112527205,1
2b7c436369720a5b93d83a9b0af0dcb8,0,0.5280632789669848,1
c81005fe917a352789ce9387376b04ed,0,0.5280230618837967,1
7a40947998913254b660eb4408898456,0,0.5279967613194232,1
252c23c8656dd3249b0ab1a8eaa9af21,0,0.5279543312683742,1
d82e6b209c048cbb243bdd21489cce06,0,0.5279369133285002,1
6374d7e0ade65962a0454178f9126087,0,0.5279290095014232,1
de15baf007da0ecdb27570fb46fddef9,0,0.5279010852714888,1
1026dd3852ab2d324532fef99370a487,0,0.5278769611482153,1
38ce23c6238a2f9541efbd285c90320f,0,0.5278665019536247,1
ec7c3e7a2b9a001eda260c218be130d5,0,0.5278427238103517,1
267b84731b0571ff7fd18af01fcef751,0,0.5278384473746641,1
b11122912484da7417c071b26d9e74c8,0,0.5278354786593155,1
d3b14195861379d00cc20ba04a9488a0,0,0.5278339448956091,1
80294c7384b80db0aefe5f6bb1478dc4,0,0.5278135432845908,1
3f570fdeec0a1c6ca5c3a63b47c1f821,0,0.527811783032503,1
49e3e9dc817816bd15d0039ec2cdc6a2,0,0.5278039431761387,1
25b0f543d19f8451e49cc4979a6f802d,0,0.5277973859720484,1
a887e56b2a610f53396243a412cfeefd,0,0.5277464348737326,1
c93c7d2a891db5246673e4e407c3e8ad,0,0.5277075324890615,1
da45dcbecb45111176897e91db1d9e53,0,0.5277004572087083,1
cbf29c6e841fee87dd5c6f3f510de13d,0,0.5276906120499392,1
739569d155392a052c876b8f60a6ee41,0,0.5276879578394861,1
463d3789e69318871004f0aa503a8602,0,0.5276801884739369,1
4d196db639acef2a0890315ce519ba2a,0,0.527639862018476,1
554e8d1b23b386d3f8e8d1a276b13dfa,0,0.5276353126973407,1
d007dda28ca775b3ed4212702445e808,0,0.5275929379223991,1
99a2e18b2faab80fb09c48a366b04ebe,0,0.5275682728015159,1
c7df12cd34a2adf27cc42fdf2951ab0b,0,0.5275614077771749,1
3b18298c5d847e868d60653ab6dad72b,0,0.5275381540712843,1
dd0052c2f78f985c6f83ea615da1c417,0,0.5275320237009559,1
378e62787b57eea9b2c037a12c6b8f59,0,0.5275092656126449,1
3a29d9f6fb5aef9e5ecbf04e28540215,0,0.5274972076098414,1
dc71733fc0d7d609f39f9c1d4af631ca,0,0.5274682307356822,1
a348e4f347b902a8f6bad6a4d7eb4f22,0,0.5274216180834205,1
75793e8a27fe987af4e902a81660602f,0,0.5274124824748463,1
c7bf8f8c92f3dc02e746be6a5c8fad5b,0,0.5274113343693335,1
b7f5292338691e33bcbb67fdb8695668,0,0.5274041995532719,1
8b0000b5650c069aa8ad1c2c366e3af7,0,0.5273744735134918,1
fcb8d2097cb450f410aa107f9ccb3566,0,0.5273266061210161,1
44f1e0006c036bc402c4e9d13d5a5335,0,0.5273086152644408,1
46729d189a3f38d74c3f762dd0a52b0e,0,0.5273070600717081,1
20ea57418f32eea0620ab3dc113f136d,0,0.5272861782777937,1
29b6dfd8e8b0031332b1837d61440299,0,0.5272726815180292,1
d462583a8544c80ef3e927715186ac3e,0,0.5272684851883668,1
9d9f968db809578eaf7cc79ecefa65be,0,0.5272640931228287,1
7e3187bf0cc14a8b48af466b4c8e7405,0,0.5272631595997269,1
d1d072b394ad1c5ad7a9161d72112606,0,0.5272601823665478,1
c751055d6190767f0c9d204fd2afbdcb,0,0.5272566527822372,1
dcf5d7c33ca32896fcb5c0bdb1aa7e96,0,0.5271868940191238,1
283dbe20ec213658329c32dc05277746,0,0.5271777120229005,1
0058f300f57d7b93c477a131a59b36c3,0,0.5271670537291878,1
18b897fde190d8597dbaf14945af81bb,0,0.527158157672467,1
948453924e3276630dc5eadbe84e1fa3,0,0.5271499340126842,1
56727e990cb63b930b63d8bcbfa08ffe,0,0.527138699148418,1
22dbae7e4d884fa06a81186305fbef4e,0,0.5271227623351196,1
ed59c386327af9e35f7d037c1da9bd63,0,0.5271122020894602,1
54105fa38b2a33d5bbf42edc2ce4e6db,0,0.5271121391056773,1
d8da92d40cebc7e5cd93daa7d642e554,0,0.5270878501857384,1
172f09238b8fa331ebe678638c7c0e78,0,0.5270821002176164,1
ddef99b45a7dfb5297ae04185fd03f8b,0,0.5270764102102827,1
0a146272aaf254020ecc482c21f2e463,0,0.527073157815603,1
9c9f02b5c53391f4313ffe0dff1ba387,0,0.5270502744982104,1
cfa40788672ff3c42c35e723bc83c19b,0,0.5270479234156902,1
8f40b2a65042866fae2f13df590824f6,0,0.5270082468215304,1
d631e6bd6027162b7c5307671d9ac668,0,0.5269693611576757,1
ce6adb9b3e23ca6736f4b3d6038385f6,0,0.5269602505966642,1
b2112b3b9339f6532b94e5a64c61dab8,0,0.5269544577591665,1
6836229709adeb6228f0e4397933975f,0,0.526933829199608,1
d77cdd15966c22c9f2ab60ce75f58794,0,0.5269310349527858,1
aa74a8d0d3929fb123701f5397a4c289,0,0.5269117725273729,1
c8060d3780dc605de76f35961e0bf2da,0,0.5269094700345217,1
90d252896f5ec316079467e97daf46c9,0,0.5268909534976713,1
7d8a9ef4f0a615254877794fbcad3daf,0,0.5268887367811748,1
ff6a749412048de53e487708e585a0e4,0,0.5268666065330598,1
3281e6c4239f76b9e3a5d4dd56103f79,0,0.5268660757373719,1
01af16b985b3ad90d75333691e2da6ab,0,0.5268552056484636,1
14719d89c1f686326b28de6faf65a87b,0,0.5268434929654913,1
ff62140413ed2eb86784fb43d2003e48,0,0.5268417596855935,1
2fd8ad8bf5778147be046c828a0bfcaf,0,0.5268392265119187,1
8ac6335b52338b08e4f607ad01c0ca75,0,0.5268377849705461,1
ab849a95c454454119c7005b9d146ae5,0,0.5268211974227573,1
fcac5c45ae137a12df98dfaab874de3c,0,0.5268168397877304,1
af384f50db51cdf71035ab54e8675aa8,0,0.5268046863462208,1
e32f4d258f4c8a6edc80cd8859c2509f,0,0.5268046300615669,1
5030fe6e2b419c33bf28634f5dc78aee,0,0.526794992073523,1
b92ccbce9c3f15079707c5eb1523c7c2,0,0.5267906692906056,1
824f9de4f47ccd2d6b1dc6652e06dfb1,0,0.5267857809443965,1
18d6b88d410d05c75e0c23d7fbe82466,0,0.5267840676344907,1
d5e42c09b75303c5b3a170b72e8a21f0,0,0.5267800017318595,1
f1816a4521fa02b8aaf57a9435827620,0,0.5267782284761023,1
d5234b2afc63b1c4035483b6cb828af4,0,0.5267779766806827,1
9c9150053c344f992694c053e0f892ee,0,0.5267374618104966,1
75370859ee53dec16c7b5650c0bb26a3,0,0.5267334267917321,1
4313fa5484249473621c67c84fd0af94,0,0.5266974646384937,1
5b1702b9c8d090a3f8a64775bed6021a,0,0.5266887333123105,1
d68ff0e5e697e466af61e8e2faf19449,0,0.5266811376347931,1
90bf31428610d8297cf6e27fe70da525,0,0.5266555266407523,1
8818fd7d9ba28c959d5e5a3e2abebb54,0,0.5266392940913349,1
b7239148185a6cf0c5c3fa474b49ba0c,0,0.5266236636126476,1
3df37cddc0b550720a407fe5a1fe27c6,0,0.5265974329903994,1
449f2fa5eabd1ed61c7a8fd3cf1c555f,0,0.5265560667405578,1
354d9a044fc69afda19173b3df491c92,0,0.5265364774106931,1
f04266cecb4cbe61fe2f5b74cef61fca,0,0.526531642748366,1
3893d8d9e87ffb7f11739846b63d5887,0,0.5265172968382005,1
aedaaac7a536a3d36072cd7c6d567017,0,0.5264994178525563,1
3dc232b77c3b4bb37f99b64168ff58b8,0,0.5264573861868597,1
d632eddd34f00aa9d19613ba9cef6294,0,0.526453063367686,1
174d114447c90f6f84758e75a1caa1ae,0,0.5264330998780162,1
b9f13db702f9678ebc2c84c10d4a06b7,0,0.5264296369232129,1
c4d0b7743758bf264b5fa44911f87f42,0,0.5263942605812336,1
fbb3abe358fcda91763653b9975cf8e6,0,0.526373862568954,1
c1c6a4e805bf156a629665fac5840280,0,0.5263705414825587,1
646088d7a19f34888a17b2e6f5045a7b,0,0.5263687717718326,1
b4901038cce8e963e9fd19d511ee9803,0,0.5263674202696678,1
d278b814a0d0333c7fa5d64c9cdaac53,0,0.5263569957417833,1
974031adca0845cb59b0b4d523af091e,0,0.5263524451379947,1
c8a19df09b2426e04c00d66e1ff7e460,0,0.5263446829344932,1
ea1a7388080d7d3e8559459f39d2cc92,0,0.52633380499013,1
74b886232d43b4486b55d74ce1eaa150,0,0.5263328830775102,1
fe5c588a028e60c1314aabf77d04ee24,0,0.5263319063652182,1
4f2530392499792260517247376f3561,0,0.5263296520111576,1
332b50f5ad97c9168f9c07494169b117,0,0.5263217986193663,1
2e8d1bd161dd6302acff9b4e4c6c75f7,0,0.526321302725053,1
12ab9334b1240d6d037f2b0102a49571,0,0.5262793822171619,1
70685f5e03d2d191e8ea03e420c5473c,0,0.5262492271378699,1
682e07da0e2c01d9849fb3587c7de3bd,0,0.5262312573826178,1
a6ef3321d469af81687fd5d86009fe12,0,0.5261950648151343,1
1163721cb0f5178d87f7f7acce41d9a6,0,0.5261944595279701,1
6c83dc22379e00e0caef724d5ce6e068,0,0.5261891520619452,1
187d82b46dc280f75368cdb8d62a97c1,0,0.526182013462128,1
9cebf2826bfedb8de4487a60404fbb83,0,0.5261636310046941,1
ac91d2d366bea7be220d732c30a98948,0,0.5261576383036951,1
cd06321b66b405ff89ec1e4e14c03886,0,0.5261343086891981,1
a4f1d29f2c7213d165edb74ff4a309f0,0,0.5261208209667798,1
4c98acf07dd1a80055327935d55da01a,0,0.5261150853166923,1
fe220ee07525dc1f9c8ea2b62d8cbb69,0,0.5261074894018445,1
4cc71ad644acbf3c6d611c739b5852d3,0,0.5260983573884234,1
cf0ba8869f5dd330342c0f570d43e090,0,0.5260480021723403,1
ec0d50f4da887579a1b7eeb134735de3,0,0.5260466611601535,1
85c59586a578a6fd26e78bdd897e37dd,0,0.5260335475037529,1
d959849329b2a7058c4590ba79adbc07,0,0.5260264137451598,1
31ced9dcf0b9cb2bcf848efa71a57e6a,0,0.5259929415614003,1
3de473dafcdf00614810c9eb37ee2cd7,0,0.5259900707215868,1
ace477f5724ca3547f1ee642693ae1d7,0,0.5259851440698542,1
434eff551f254f2e20e1f2f7c6991572,0,0.5259775034523672,1
56f33d43edcc1e0399d15cb4de318488,0,0.5259512301266792,1
65ee2c935878a299c55aa19575bac35c,0,0.5259294422173728,1
a24a1ac9e49af38ed765a53a4bdfc35c,0,0.5259290327781121,1
cb6aed72394f4099f2e1eb17f3a0bc26,0,0.5258991839009958,1
86c7ca0abbc14188bf9f946e10702f95,0,0.5258795171329127,1
7b44e3a5d8850c01a367fae144a9f7ad,0,0.5258568985790149,1
69c3ca904edc834da4f765d9a4e9ba6d,0,0.5258466153558421,1
957906000a42ed396d3b63780d7d2967,0,0.5258400891722104,1
3f5c2f46e425fbdbd5341e0c4a30ff63,0,0.5258300471033767,1
80721bef26b8e127ac080a297b683707,0,0.5258275783955684,1
17cc1f0ba0003f601c460f5e541cb040,0,0.5258095608700966,1
af41d14a0f72b9a90bcdab8522327370,0,0.5258093625251553,1
4ac2c632ad4eb06bde1abf92c3aeb44a,0,0.5258019827208174,1
db5681fc8369b65dedae0d34f550535c,0,0.5258019024368722,1
729af45f0df3dd93e0f855e07da55b66,0,0.5257963932342345,1
5dcc06236098340b984e6865ba850593,0,0.5257862426465604,1
743ed6ce1c5998dc0eb766e38cfc7461,0,0.5257813317847629,1
78c0943cf24eb4745a2ccd23baa7e7c3,0,0.5257564321307896,1
d98c23a1061c771932d6ef64b6bc48a7,0,0.5257482017964074,1
57c353c1a08011456fb832c7afd2130b,0,0.5256874402553446,1
fab73249cef66d32b0102e3a8dbfbb0e,0,0.5256838268608147,1
9f27b869cc9ac01ea80fb08b855a41bf,0,0.5256658749860958,1
e0550cda7db9c4702c31b917f67a5122,0,0.5256587860306985,1
4dfa664ad35b6339d354f3b932466299,0,0.5256464109235258,1
521790050db54d0787251de730221760,0,0.5256228193622788,1
502957d47617693ec553c3b645f1dcab,0,0.525615412807346,1
4aa8a66122568f63b9873e610b4d1d1d,0,0.5256133345792321,1
782f78691d986d45ed2341715082b993,0,0.5255884540280928,1
e2280c6bf1114f6c19ce3ebb879a9010,0,0.5255624894564623,1
84878dd72193c6b08a3c5bfd8246ad0b,0,0.5255264408074147,1
dbbd17d31a781a0294197582c45df632,0,0.525520630964164,1
9687ae9b62179d789f14af95280ef5c3,0,0.5255133675280765,1
25ea8a0c2d364abc3bb96abb9a731cfd,0,0.5254708917464794,1
d2855673998c8444d6545903f0f3b727,0,0.5254686434398556,1
b19f2d2334cae7c37c514123705f8525,0,0.5254532082763883,1
8f02741cc75d4bd339e94379876a4088,0,0.5254530145045314,1
cbed4d504a35901fc8c4c0fd0339cf19,0,0.5254514285576969,1
864c41dbd1a61c08945f1ee81c45e1d6,0,0.5254374215291272,1
19b4cb065aab4ec05c074ecad011f4a4,0,0.5254103640819576,1
e601188dfe8db2615145f9466aaa8a39,0,0.5253966912857012,1
95c0391399360c0bd40d5ab2ca8c664a,0,0.5253866992350312,1
8a03c2f7629a4a8a6ab40525b7179ff2,0,0.5253820458671937,1
2a48c03948d46c466a55958469cf6af3,0,0.5253657065298164,1
c1c2fffe3d49911803df2e157bee7aa0,0,0.5253288734488933,1
b902966b4c46169f5684e57d95f64eba,0,0.5253146673561871,1
acf64c8fa1aba9e0bb7080d91a5a20dc,0,0.5253132777813023,1
a5982542cc06d3bc21523d2396064840,0,0.5253025990240168,1
97dc91f9e896442f6ac9650bb2a9b594,0,0.5252989801570811,1
39b02ec9ec96b5a88ce9a99b8144182e,0,0.5252932597368775,1
2f94122ccfc8816b677ce4a9b5afd2b5,0,0.5252709893156774,1
1bf2349098d90e1462a6c3cb7f9395fd,0,0.5252366173558983,1
4587ce0af6eee0e9b8d0d75fabd30c2a,0,0.5252365262303964,1
2a6cb5039e5e1e7c058a8190753b531e,0,0.5252007093836882,1
2a3977438f5717f0ad181840e52a14a0,0,0.5251830003485505,1
fc174418fd8dcc8694e3df5c837551a4,0,0.525182204312088,1
562a16a821bbfe45c291d70ebce8a943,0,0.5251799675115291,1
4ed04fe8de9a1dda86302595443ec7c8,0,0.5251576791763661,1
bc53fa6fe784dfc008612a79f5fc0e3a,0,0.5251513944730026,1
e1dcab951326dda56ef643f96c5a674b,0,0.5251361695767717,1
37f9711adee5be5ffdff5b728b8eb529,0,0.525131153428286,1
e961ec549578a2c16396bb6e658ceacc,0,0.5251241965046138,1
256aaa66a5f35580371ae98e7872ad88,0,0.5250865390481604,1
a5d931bbaafdee2e1fd7353cf0c31f05,0,0.5250714926802312,1
24b7abbf33bbdc59f1a7bc607e71e119,0,0.5250632030516625,1
533bb817850cf3ad1d6e1ab3adf39fb0,0,0.5250604709243969,1
e2ad62287d09d865cc01cad90869dd91,0,0.5250242937455459,1
b20f3ab024ac7114796526eb0c59bd6a,0,0.5250090190132337,1
ce942f2a2db9d5706f7b09f2c7d5cc17,0,0.5250090190132337,1
925dc4a1e735f3a703eaa84dc74ae8d0,0,0.5249993489904629,1
61e74cccb74e26a0f019e73d1dbb518c,0,0.5249808646049102,1
1c3e84ea9c122476f6079b8a8f255941,0,0.5249520495441397,1
c4f585ecd3959a30202a1691b3f7c269,0,0.5249455485425861,1
98d073c472d6309957c0ee7999c8804f,0,0.5249239139412604,1
6f02dc885e257ccb161afd87a5ed4b6f,0,0.5249225971290523,1
78c5f76b60a3a2588635aadc70e34df7,0,0.5249218030533169,1
61ff71ed9d73a543d484415ad9ec7d45,0,0.5249074464421177,1
11cf56e22c144b0969c7bf17e3cbba24,0,0.5249041923270312,1
80df9ba2947139c1a4086f2438579f70,0,0.5249027610396058,1
9bca37310a1cc59159af130954a00334,0,0.5249006203531703,1
9ddd2261a136ef55ad424aa29f452aba,0,0.5248889597680516,1
767f1a70a46e047081b60f94134d7d7a,0,0.5248359243687489,1
d56341389b1f3e965dba4e5db4bd6b6e,0,0.524826807266366,1
49b32adab042b81b0fcdae6fa0c5549f,0,0.5248088274993183,1
c24099fdf4402f49a8eee237fe971d04,0,0.5248086396767939,1
c00b72e6e187ce997106fc5270659eaf,0,0.5248050202912942,1
6c44c703ec4f7ebb1b595fc4cd05a244,0,0.5247883423680981,1
0e05e2706e1dced2a98f116344db4825,0,0.5247873247027185,1
88bd9a4975c26a175e182d219624de6e,0,0.5247823261122638,1
91db2e9633e507c47274a5767ef6fb2f,0,0.5247815401617937,1
deb4b7b245e4a3d38302b08b3679d754,0,0.5247763256676196,1
75d82b28131f1ba46370b70141b7e222,0,0.5247631346644493,1
0d1596c6db649c6cefac154bd826d0ef,0,0.5247602712677711,1
890589e6bd9e00c549f939635cf40da2,0,0.5247381147797424,1
84e7ddd9132acb13fbd8a6365833e362,0,0.5247314623936001,1
4421b046f190075662bec15e9e379c60,0,0.5247265373919148,1
a82fce0562d6de440964ac52e82e13a5,0,0.5247050832270268,1
1ed5f142661881ff90229873b5c0df18,0,0.5246944747795615,1
98f835a7ef58140b6e3ca1d2a1e3f176,0,0.5246818413660747,1
f5bcb9af9f53b6bb816907f009cd6fcd,0,0.5246753539786351,1
99d5de0da9444405c735ec20ec173d78,0,0.5246629750571102,1
5d7ff2333e4e90823185a3f837b7e93b,0,0.524652176232407,1
ebb158d028f847a9457854a0e6af96bf,0,0.5246513181359347,1
23e7bcac2f3b067fe6ecb4ca8e130bf0,0,0.5246503238235709,1
b1c18d34096bee277909feac14fc7a96,0,0.5246394874044223,1
3e8b2eb038456ea0b4ab38cb1930f464,0,0.5246286107414311,1
9eedcaf541a8a393248b2017afecf694,0,0.5245972320402837,1
f73805d1c1518628522dcd04bea2d3b8,0,0.5245962646603342,1
d40de84393ed71b0bd0a650be794fa23,0,0.5245907767418695,1
5d3dfd890c69a21b2d4b7602814c71de,0,0.5245610251196915,1
2491ed27009b12086d31b24ed00a0782,0,0.5245396114992139,1
68b7f7527c630a55d405891e7da789ca,0,0.5245385032045525,1
d33e50addbc423c61a2dbb3a51148e51,0,0.5245173446741319,1
831d3bb8c57b889a07aa4628a1a7e772,0,0.5244910167957556,1
65e8c7293cc88e583349d380eb9c5be1,0,0.5244685379585807,1
fc07d9d0bcec4b21e5023c7ddc1a0a97,0,0.5244615659744494,1
8bc49ab3d29964764bdbac9a458df447,0,0.5244474831602027,1
3af0b2f7654f613ff1527b997a2ac57e,0,0.5244328242642825,1
9c9618998fec39806c4beb9386a2fd49,0,0.524423551451586,1
4125ca92d09b7d7a7709209878845a0e,0,0.5244198737103234,1
15b1bb7570661e05820cad0626dcf636,0,0.5244173714128391,1
bb89b31e3036e7d06b80aa26a9b93e6c,0,0.5244032452662485,1
0e858c46e6a7bc85a2fd56af3bb63c50,0,0.524373478409809,1
99dba9c4b6a6a5eff71f9d7bcf405fc1,0,0.5243690675262825,1
bc689f9317da1a260be10185d091f63c,0,0.5243633995641523,1
150dd0f368e2d3bfe8eef9cbe050e475,0,0.5243489157986181,1
e15f454eddd940c51be37a92d58394d1,0,0.52434124299841,1
7479268b945e18687ab9f2d593f841cf,0,0.5243364625785749,1
65447e533394d2842e4b069aa9366f8c,0,0.5243143914786876,1
2acf2d8551f249b2789cec422646aca0,0,0.524289223223012,1
a607358920a2fff5bdcbaeae5e17971a,0,0.5242859866636347,1
7e0a3e060624727420560995198e49f3,0,0.5242859342266448,1
f67b4174b5d9337743b6aad867c9c002,0,0.5242670622041764,1
3eb6f4efd164cb0e80692078521ff2fb,0,0.5242511531083073,1
367e41f1ad1310395bea2d36b6902846,0,0.5242346053541882,1
504a5360578f4abc1d58b7cfc630f715,0,0.5241760360299483,1
61da7b66af6734bbfd4a7a1852bfeb05,0,0.5241489946604692,1
2e3236748ddcb07540a9b70948eb542f,0,0.5241405910776218,1
661ada8f1f0f348790c6b9ce57d51f55,0,0.5241388658254704,1
44cccc8b1042e54f3df2db29e3db2b69,0,0.5241150625032311,1
3f7df0cc6ed016660b9408f9e3fe16df,0,0.5240909691102749,1
a9323cc317a17670643a86caf9ec74a3,0,0.5240885473796646,1
e3349609920dbb683a8a722145190510,0,0.524080485706426,1
8d4b6dc9879d8284a8d355e2e76c9877,0,0.5240194843205649,1
04494699b5b9e8c7b9ada78bc5af429e,0,0.5240109749176899,1
8c89a77415ba351571d27a50c1c64861,0,0.5239680375920164,1
e90a1b194724309bbaa6228c398d1748,0,0.5239537093313479,1
39a7f15bf048d0815a12a7fb2ff0ac1f,0,0.5239251951939411,1
f4c6d45e65010a466b54a470dbeddfcd,0,0.5239173987844421,1
4f09d1412a801dd81c476f3f87535ae4,0,0.5239150554986312,1
99c54f8ecf070a35c4c83196967eb04c,0,0.5239115292705087,1
e19295fe39010feeca6ef77ac61275d9,0,0.5239100804382865,1
bf36366705bb86405746e71f105b747b,0,0.5239081996521752,1
d4b85792b332960764a216fccc6ad779,0,0.5239063218560218,1
62b764bfdf898a421ad99ac28b3647c6,0,0.5239043462161226,1
af16868b12ea782c4e39b49ce891bf7d,0,0.5239022887644208,1
92814d50e37e74d3b07d9270257da763,0,0.5238799961850736,1
0e13c1c24097d0c8564611784c1092b2,0,0.5238275362942072,1
ed4d757eb1c0f2e630e0b26723a9f59c,0,0.5238257107550789,1
06f52edb5666757a552cc099a5bce4a5,0,0.5238125065105629,1
462fd002e459060811059df0cef979f1,0,0.5238118873215456,1
e301481a04be1d41e0bc19978bd9e941,0,0.523796092500159,1
ee49554db684054b298cf4314752eb3b,0,0.5237888169887637,1
4f0e70998b3d9a87900e2fa56e87ddae,0,0.5237866309156907,1
9ecf44ab3fbe94794d574845791bd4fa,0,0.5237818364137969,1
05b0f3be535890cfa3de97c815033cfb,0,0.5237595554397014,1
6f9530ae3dc59cca841d54f8dbc287ce,0,0.523757606281279,1
c62d8ffd48eaf5f681be7142e89b6393,0,0.5237323695031352,1
163b27a06a32c2fa565927170b59b5d4,0,0.5237259290182849,1
75bd98fd67c295f0cd1800538112cc26,0,0.5236683818189956,1
3123f4758f8ee64a0e19eccd9fd46f9b,0,0.5236417613515355,1
0ad16341f17f169081c112d019a8b22f,0,0.5236386892250062,1
97b27e8f7862217bae2f5bbc66e15b77,0,0.5236271148326747,1
0520a11c7af8a73b703f1d2e722c7c8a,0,0.5236220763545503,1
0d2517590a7b583dfbe023f5dcde2769,0,0.5235812193879109,1
06b041f2db357e073b00599455935f27,0,0.5235811144551995,1
6fe04b36f38d55161e0c453f53255da3,0,0.5235788155580489,1
726d126a8690a7082d2cfc100c0072b6,0,0.5235670677345159,1
ee85e754a2564a0e5ead5d2e06fb93f6,0,0.5234985046931019,1
5f627c065690a8651f752981531fc57d,0,0.5234837867272786,1
3556987e5b22d5372214fb48fc9fe02a,0,0.5234712773833018,1
8048c176aa547c96779b8b0c4b00dfd5,0,0.523464368904181,1
b57e60919a49a273cd91a34e88f9da28,0,0.5234603703544758,1
01ec28844a316ded17fa50fd28b98123,0,0.5234106631220057,1
27cba04d9597f0cb496ce2d23ce6afe4,0,0.523406409553263,1
2208d8e665794e6af2dcc9296a880a33,0,0.5233956794067047,1
6db94887b2f41be9187f7695878999cf,0,0.5233941868750643,1
7d10918618b2c96e25555e9ce8ff7b18,0,0.5233905162752762,1
3bd08ce268152ada1de9eccd7d7e0911,0,0.5233886179919001,1
379634bbb8d01b2b2c91db9cfc4655e0,0,0.5233886179919001,1
3a5000ef81fd13a47220d0e2be38670b,0,0.5233874663097203,1
d90d13a53b1bdfda045b720957173372,0,0.5233800228178654,1
3befed1154106ada8af2eca42da8bbc8,0,0.5233594906051049,1
05fe23124ef3295f7539875f6d054b9f,0,0.523346818881128,1
5ba20615a231459a4120721fec77e635,0,0.5233456717348901,1
af8657cf35a8c9d9d23b8bdb4a771aa4,0,0.523344481230523,1
9e137e66bb4189d9537ed86be226200c,0,0.5233314224869032,1
c077d273ced397774687d8c7372a30db,0,0.5233100775463456,1
55810b4feffd8d841795fc0c497da0c1,0,0.523302267230154,1
3a614e2c3bbeb8769ff7b4aaba6cfee0,0,0.5232804351199251,1
154b5ad2b99ed5ec6fb235c93a83d824,0,0.5232712501850321,1
e796b5a792c6016bb2b63c59ea8ca8d8,0,0.5232249679230395,1
820fa147a3324c0555500e38d46e99fd,0,0.5232177932815342,1
929031309b8a3bc294614f8562a1eece,0,0.523208934012267,1
3cd73d6b67aa9d944d55978280201ac5,0,0.5231942995253628,1
8562cb7be6bb8698157e2d6522247f47,0,0.5231942995253628,1
1a710c13209bf26814086254192fe740,0,0.5231861233204358,1
c7ad21801caf2f3dc28d156335a79063,0,0.5231729140656305,1
ac9b75702a29fecffab5f975e5f0a630,0,0.523154821547097,1
2d37b549860f2786dd898b73472bed87,0,0.5231492243437124,1
65f4134d6895b82c9eae37bee5a6dbfe,0,0.5231492243437124,1
bd051b33855f43132d6756151f0f7b36,0,0.523124128222277,1
63596b233c9b675b7b3b20f512d249ed,0,0.5231185769186847,1
501d9933b2198642697bac2ef6b4ef63,0,0.5231149894714959,1
bc66bd60a7f0b5f383ea4dc59081f47b,0,0.5230836046345066,1
82c7d57c41fbb3f397ba0848b24617a3,0,0.5230820012911704,1
fd9d893df62a275c0c41c8593923febf,0,0.52306304604364,1
9f557659e6b5c18b6ef2e9abaf80fe84,0,0.5230434630678357,1
dd3f2da2d486101e88daf3eba6ad3b4d,0,0.5230405782079031,1
4fe67915d44791a5deab2957c2641048,0,0.5230393959431189,1
b9418b51b680453c60d08b04eae74fe6,0,0.5230289649081724,1
b1c8ede634a112dfc7b44f08524561f2,0,0.5230130470437082,1
dd8c586651f9232e473ad86cf89c143f,0,0.5230059629281937,1
a3817cda4092a23de8f8b1cabcfb43f3,0,0.5229999429721741,1
b00fa88d0838e8f9ecc8c34356655c4e,0,0.5229743932341343,1
7828008dbc4fd6aeb04ab42dddd35a74,0,0.5229694757456517,1
6aaf7b14b33d2f1f51397037f629106f,0,0.5229383407373551,1
c2427ffe4d59c79d5d5dc66b78ed3f84,0,0.5229353633723802,1
a58bfc5e8a333137df4ee8951f01a17f,0,0.5229067109550672,1
26d571da801f51da17d64ab0b50641e1,0,0.5229067109550672,1
1b237a42e6228733b8cbc9c862a292f8,0,0.5228474067745966,1
e2eb3273ec3fcb6caf6f98e069c2ab54,0,0.5228288447365268,1
db49b0cc5455bb95b2511a5b3f9bdafd,0,0.522816629012682,1
55e12131e118275363fb4329662db57a,0,0.5227908383256674,1
7ce5b57a120a2da6a804afa58ffcbfb5,0,0.5227841650309859,1
b2c5e7142c509d3f53526b028d08fe60,0,0.5227750391878447,1
e6df49d59361c5f3ae92c0053feaad59,0,0.5227685584003349,1
2e3f67cd87672cc4b0642aab116554e5,0,0.5227629173351646,1
04cc4b5d5509cedb9a9e98cb34417d56,0,0.5227431495770165,1
fb2f6348cd915df27a50ef11fcdf9ead,0,0.522708689871772,1
dbc7e362e13dac66a593427730b24299,0,0.5226962209387666,1
3fd6764780fd9bcfb3c433fa5875b52d,0,0.5226926958706107,1
5793cca26bf2085257967773b78b068d,0,0.5226875585578494,1
18b823b5a2562bea2e34a6439c26a313,0,0.5226861470511098,1
914cfe5307beeb6479142d2b22785ee6,0,0.5226654900811414,1
7193dd1818cc6c9a6e21276c13a5768b,0,0.5226640285730887,1
fccb5e809edbbe3512ddb842e66274da,0,0.5226550201579852,1
0b4d732ce0d9fae6a22b9971f74a2149,0,0.5226541607465609,1
959d38196f996be3c582250e33f52611,0,0.5226498163880957,1
b6328f8eafa0d7808a7d9c99fc4055da,0,0.5226497156922183,1
8a226399ecdddb730d06751dee2614f0,0,0.5225670920727405,1
28abcf9b44e61dc36117eceae48d4ce0,0,0.5225374027434371,1
204411895cd94da85bf16cdd8b6fafb2,0,0.522508521324104,1
027975035267b4ec8c9d8ad65c6c4d6f,0,0.5224964044941551,1
4b79f3bf6e84367f7344ece01cd3c458,0,0.5224750002644233,1
e9d6020bbb18d7cd9e0b40eb2d98498c,0,0.5224658727659718,1
48e99ff587e12c76f15f2f0372be1175,0,0.5224624967577115,1
2c7df4496702560c973e5afa81fe9208,0,0.5224578006418265,1
738d911cece8896d012592926ae30546,0,0.5224547824417342,1
ca035a21e1cdb618a7d9c98005618881,0,0.5224528493248404,1
72f916a5ca901f9775581f9d5da23478,0,0.5224406542484779,1
2a342fa405796e94c20d5679d77a7771,0,0.5224320789129621,1
04b16f74801ef260b87a2a596b8de458,0,0.5224281644067102,1
01ea7dfdac01a4e8fbe2902b73510b20,0,0.5224256425231756,1
22d6b22d92436243002afc285267cd48,0,0.5223849531944158,1
1034547ce8ea9e60577ea5ee141894f3,0,0.5223767841848093,1
389fe925fb3a838c1ffeb1da775174ab,0,0.5223477679979296,1
f8a1d7af40c431ddfbcedffccabd359d,0,0.5223303789492643,1
efe16d03fdc353d0db5d548a5e6b20a5,0,0.5222895492003239,1
784f95b8f8772b106f768e1befadc5e7,0,0.5222855135437452,1
a74cca5b53aa3fb9a6841f847033dcc1,1,0.5222464417145248,1
a7ccca2c97ee77a214c9071225a5bade,0,0.5222447158284438,1
2c4f1092bd119ecf092582dfa6ce27b5,0,0.5221814229435116,1
b4d20e099c1aadc325ac4b8bdb309cd6,0,0.5221763784360626,1
f489900f4b7dad1c523ece9e451dfc17,0,0.5221638262581149,1
116eb01461ae0ac3f20de05d49756fa1,0,0.5221485176234535,1
52b542f198699b29d49584c2a894e2c6,0,0.5221485176234535,1
9db4336dc253a0e69dc1497133f5fd4a,0,0.5221323282124952,1
a71a8dc9089adfc205c6a96e131488f2,0,0.5221274513993381,1
49be61a35d19a1411e1ab4d556a90a85,0,0.522115318311647,1
3494f941155fd4f208c6f3164fa6adc2,0,0.5220967746414016,1
48f45bf2261a417081b53d4a74a6ee37,0,0.5220900914093008,1
714ec4431503ff770bfb58c310648585,0,0.5220845673664852,1
3e0c514b44504d00d5fa7549c193cb6c,0,0.5220818816686806,1
53ac222c38041cad47992b3a735c6332,0,0.5220599948592943,1
e0508f3a40540f75c153f0c25e12e8eb,0,0.5220577744462457,1
6320bb184bf8beb7ac7626ddee8aa5e0,0,0.5220538982288226,1
6df5b5e99c2915e507576b9e2eca52f9,0,0.5220406589680097,1
d6f628b81c7469f308e3cdbe1c5830c6,0,0.5220199075546139,1
0f6cfb0782cddcd76df38657c69dbb4b,0,0.5220147949055443,1
5a8b66a013bf1872a6aa06dc15ab60e8,0,0.5220144743931937,1
5a77d3e9231351d3a4ea54c3fe824e79,0,0.522013486179822,1
33909b7a3aadac8943ee99a62745f3ee,0,0.5220010877722043,1
aa819d3931d5810f7310bc3e322d52c0,0,0.5219895915387548,1
da7aed2e8fe57799e72ab172e4956aaf,0,0.5219835848436754,1
2c11aebdf37a1a0aafb0715c3ec81954,0,0.5219482047789061,1
7928782f780594416a7fc1b2ae7a0b9a,0,0.5219466011266773,1
24cf0fe4be1f257c7579376ccbdedb6d,0,0.5219098606658371,1
b6a7c665df1cc2a41a26003225ff8d23,0,0.5219075170747242,1
cd090324b7acde65307fe6f156c69110,0,0.5218740862330744,1
83fc82dcff6ed4daa4f3c08f0bc5e6b2,0,0.5218690594448665,1
2d9decde68108c2233c662aeb3310a64,0,0.5218585094712624,1
50d27e12b7d28f9c61ff09d5e9429684,0,0.521841210106193,1
915a1e89d92c0795ec4cd266729d4328,0,0.5218391878287738,1
1b2912b1bf77d536d56909e98ffd8922,0,0.5218223948475129,1
78444f8aaffc4cb5acd57733fe5dc3eb,0,0.5217710738730262,1
a12b71e8ccb7848c59505ae3822b8a98,0,0.5217696697928861,1
68d2178fedb5a9be6fc8d38e8d401139,0,0.5217663218628836,1
48680892805d48a4e6f5123eaea078db,0,0.521747982675176,1
07121899dee7bf1c04a1b915d29515fa,0,0.5217321629524762,1
11e77fd0f5c56b4620a19f7ecbec0373,0,0.521721618391732,1
bc51b5104f06419ccb7b4dd78db40909,0,0.5217117131949114,1
5941ba7f91b519d195e16e34fcf61bac,1,0.5217019914558568,1
4d046c07406ef0776be30bffb62f44d9,0,0.5216913492429581,1
fcbbe2856825553e6ed2bfbb252587fc,0,0.5216565069123731,1
b8c64934a84e5ac575aaf1c5d50f340e,0,0.5216470263493261,1
5e7444cd6a0f0d966c480f293d4b78b0,0,0.5216295880441039,1
cbb7fc5fc1e854d9ee8f03c3eab82367,0,0.5216270722603811,1
198476e6d4b537f6fc71e4f3adaa52d1,0,0.5216216650974478,1
8d4520af6ceffec673222cd310edffe3,0,0.5215953266801454,1
96cf220edbef6511206b99931a4aa254,0,0.5215768017893798,1
a7b8966776436f727fecf039b8a4afd5,0,0.5215658629293332,1
fba137b4e135ca6bbcaf90576ed1fb65,0,0.521557462960246,1
6af3862eb3e44e9668738db761a28017,0,0.5215435217921662,1
1a4b8bff74c6db98f76b3a0ec45062f8,0,0.521525144312652,1
a1bb7c7b76a140dfbb6de2b090bf1849,0,0.5215240371505547,1
4c93bb366037da40abc2a89301442560,0,0.5215177519168692,1
f427987793d5f8ba8a928af16674820b,0,0.5214763763340515,1
85f9a39063d8b553306fca71d542f060,0,0.5214754685175544,1
dc1c6a185441460c51d8faba4504f328,0,0.5214683964194283,1
0fe1b6dfbd49aaf2c618ecbb6eaacf7b,0,0.5214311421812735,1
1adefec60574855dde1671e3fbe98ab2,0,0.5214189865249699,1
7ae296f2184f5c597a08c3a962b23eae,0,0.5214165754626855,1
878995c4c85a533aeb77e28e7bfa0edf,0,0.5214165676085936,1
d547f6aa046bc09da16d46062617d8bb,0,0.5214059888074448,1
b698d3311dd55263c9254db3abd43433,0,0.5213469852925264,1
0c96751e5c1d483e2e7d07e4fb74c95c,0,0.5213465416857779,1
18cd74276972b2ebffd8031770b114c6,0,0.5213272904776401,1
f378cbbb8a3a980602cd9fbedb495ab7,0,0.521313844493976,1
0c23da40b4773ccbc9ed97a9d74ddd0f,0,0.5213100667688261,1
eb4e9594ff7f92379d4109c4e2976f93,0,0.5213036653065004,1
e69f35058039ed1d8824876e47a49b42,0,0.5212864271018447,1
0e1488091ea7466578a41a1110ce6292,0,0.5212647433751775,1
dbedaa0402e0dfa8b90fb9557424c5fc,0,0.5212561694588105,1
0331ceffb5757c1ca368a6c4ed73ae3a,0,0.5212395623592208,1
67acaaf66f8c15f4e49d8bf661665ce2,0,0.521237001022222,1
ba057cfecffd129457eba22bb18af149,0,0.5212347227896196,1
baed8b5a940b57b851c4b8df8308bec0,0,0.5212177563947267,1
53728c22d257c1c939b977deeb12e0cb,0,0.5212171922654417,1
5038908495a860fe8f2dddc9ea5f7252,0,0.5212065953044458,1
7f2eb9cf900070f2e7a7f0e95719f85b,0,0.5211737234810339,1
bc394684831f0cc9e99a4e592c329fe7,0,0.5211689570549508,1
c8c875efc4190e4d9600407ab1af59d1,0,0.521145002120484,1
fe723a20cfca7bef0e6b4e7f2fe1c802,0,0.521145002120484,1
ec6da744b820c4d98e6e74d2fee09634,0,0.5211293481784112,1
31e42515852f150b345756d0ada0ec15,0,0.5211213289613691,1
2821b789e6c440b6f3515594b2592646,0,0.5210965900702316,1
a04c7722cb3cfd6df3ad0bfd56519319,0,0.5210863590346787,1
416f065402119d172f5c89bd26fd22be,0,0.521064679083891,1
2ae2f3c177c42fc53754aa89990633fe,0,0.5210295357726257,1
5194eaa04f2286e9661511c7464a6d77,0,0.5210022123485668,1
fcecce72bd0d8b335a86ab93b1fc72da,0,0.520997041056596,1
5f7c4102110986de9fa01ad289376984,0,0.5209969377286275,1
38cabae7509aad03c0fa8179a2a8b090,0,0.5209533512655247,1
66fbda5cd3d87484574fecfad9bee36a,0,0.5209382187865924,1
0829075f356de2ee5e044249a6b146b7,0,0.5208935450834845,1
fba3a0077e88a03262c36b7f8735cd42,0,0.520857480528645,1
66cd6da20c67f83a9cf37e01a0105812,0,0.5207655858461763,1
83f8d55d76bef02be576cda81d97f901,0,0.5207476195420954,1
cd01cdac9dfb56b2b6484497bbceb0cd,0,0.5207467648692874,1
eda82d0eeecb222caac5fdc46120d1a3,0,0.5207413577006259,1
4572e4b70e1c7573250c2c47aaa30210,0,0.5207335443706261,1
e3387b72b2b9ca728235879e31e3eb94,0,0.5206150516389336,1
db42d4def623c5f48579124a0e969e9c,0,0.5206089321278115,1
8e303e93b44ee0b968cda8d517d7f8df,0,0.5205900728929267,1
ead79bd27a251fe8a2070b1304f10044,0,0.5205716979047905,1
0255bf539e958e6f426caa5a0cf79aeb,0,0.5205492515594418,1
90bc6e6e28acc7d33938b97c961903a6,0,0.5205259275207456,1
d38573ba6e53e95ff776498453e638d8,0,0.5204986752831103,1
870dac3d153ae0bd49c4ccb66dda6d80,0,0.5204938242670936,1
a18d428175a406cadc1d8add7bccc321,0,0.5204866192650345,1
d6d5f792d1964e8f8a9dc4b72474306c,0,0.5204791455832929,1
5f890e0742a627d656f806b0f1efa27d,0,0.5204589072579414,1
31e2e13cc64f2a3bd9dbde22bbad06b2,0,0.5204371213561572,1
31339f74e55f018c10f30863c1df277b,0,0.5203717312566213,1
7936c03612607b0b78d0fb1cffd870b2,0,0.5203268416150167,1
60c3be08ced32a29639cae284b204bb1,0,0.5203221646806734,1
66226e0e45e983215751d27945886a9b,0,0.520305752482212,1
9a695caee5ab2309ab39824d9f462843,0,0.5202881296693516,1
b56208e30406be345d4dbfd7d784dcd2,0,0.5202859057368072,1
dc2e3d8342b4ef33945a258ce631ab3f,0,0.5202787474537433,1
fd2ff2c0042a5578d7754cfe88dba3e1,0,0.5202520369698888,1
82772f20e2c065c6443ed5e09a8e7ace,0,0.5202269164719552,1
9dd75317d7f57fe6dc56de3e797534a8,0,0.5201974149626755,1
03872faea1fac00ae8da6e805bcb73e7,0,0.520196672041869,1
85c09cea40b9f4c4ea8e5c5bd3659fe9,0,0.5201952208802841,1
02eef439542105011bdcfc4e5deba50b,0,0.5201827320500089,1
3824835f5cda1b4800195bf62aa571bb,0,0.5201791770987718,1
dc759b3f371b15aa62e4bf56a123d3d2,0,0.5201686326424574,1
9edac7d8bdeeaa1858ad6d6d34bbd252,0,0.520111251780278,1
ffb1cf5736b51e47fec82cf40dd26303,0,0.5201009418413718,1
11f38d03ecf069e299766b4e29572e43,0,0.5200979817355204,1
a24b6a5a883426cbe71b43fd0a3d508a,0,0.5200809344175032,1
9b52ac9b6af1646f9370e15052f6c639,0,0.5200626009293557,1
3ff2cd81fc957790d81d52be091615c3,0,0.5200563653576864,1
f831d62e83e30749fab7e57956a8de9e,0,0.5200401852175305,1
a9db167d8824c6068bf31c6858dc2a11,0,0.5200358861994958,1
10122df9c71237847609154c0cdbf5ce,0,0.5200320782866272,1
383a19352a66cf815661a4e2863f28c4,0,0.5200120489559413,1
fdae4f37553600fac662a3a8e24121da,0,0.5200049858650116,1
67f5420469ecf30af33c56afc4c82c68,0,0.5199984233998669,1
58288306e7fc1fbe015d492f3b292385,0,0.5199808377223474,1
1068107e93cbef52ffa28f43759f8779,0,0.5199707138425574,1
02d5397846b20fd2b4a270a7fe1e223d,0,0.5199682593300315,1
c057231ec14d6d9422537205c202ab64,0,0.5199656051344559,1
dce45a384a6b749722f5d324f68aa7e0,0,0.5199496595864097,1
b3285dd7fd409eaa193f78dbd67f70d2,0,0.5199222898396696,1
f8ac33a389db55f4e3ef433b5367aaf8,0,0.5198986553445322,1
de50ac43cfb291123f8fef9b8ba42a2f,0,0.5198862561921679,1
00ec23a308504080697e5204d3dbcb2c,0,0.5198811789415438,1
108e63f3c5e4e864bde7ff1916f5e92a,0,0.5198792295767458,1
f362efb7a720cb6e29d93e4e1248dce1,0,0.5198759146650868,1
70680beb3c3b9220ac2979e927475391,0,0.5198491668998335,1
dbf7d089aafd5899c92873b49f156040,0,0.5198395429382974,1
805c11244586d62aab4a8fc28531140d,0,0.5198305553000319,1
71b400fcddc1600b462848924563dd5d,0,0.5198298173532482,1
b59573acc700db477ad379a38496357f,0,0.5198265274596939,1
35c00d4b28a4b3147c058bd9ed3fab0c,0,0.5198086998821112,1
366def67e0b1e3ccfd58d60cc2edfb1a,0,0.5197964339200413,1
9d8f733fc90d46cc6aaf3252cfcb1545,0,0.5197857501165976,1
29518d17896d6a0902847dd45fc11516,0,0.5197846998413654,1
5c39739978396f94580b807060b51f20,0,0.5197738258621105,1
4e05499e4b649df723f401bbd48c5007,0,0.5197135109714002,1
f4d97980914a31b67c98665273c3b55d,0,0.5197050883208989,1
bb51d7ac6b6df5cf0c65c9f89371c654,0,0.5197037835597181,1
90df730a12d231d7e596d2f0f314b86d,0,0.5197018318682457,1
9106099603620f1fb47c51e851afe477,0,0.5196937061838898,1
408269108b8921c13ae1ef727c5ca4cb,0,0.5196883921134184,1
0f84a9dd952e9bb00c700016650df3f7,0,0.5196685872000659,1
14c83411956a1c3ea720e5309b5e161c,0,0.5196520241682363,1
e3aa7b5b37d609514703a3039f189b92,0,0.5196500524556702,1
41bec5363584479bc6582b76b412b0b3,0,0.5196454948593796,1
55dfea89540867cbe96091b82db0cb06,0,0.519645252758472,1
ac787a997e479fa231077505fc46993f,0,0.519636010259236,1
6109a7fbc9a9010872da7936b99c5433,0,0.5196312925513126,1
61c58e2a27aacce685979dfc1f8ac424,0,0.5196262987703864,1
6fa9f081d9c0b44b00b3d343c2a4e2c5,0,0.5196163486765786,1
4795256d9c0959d639c3e8cb2cf730d2,0,0.5196101676238185,1
b911633d83bef3f58e285eb8e71da54a,0,0.5195971850371347,1
bab0e878e901667eeea86736d49dc1c3,0,0.5195699472983613,1
701f3fec1052de3d3086ac32d8efcdae,0,0.5195560120705741,1
e944ed38f39b051c579152e324a0a1f0,0,0.5195332332315389,1
59b7adc89a4dcdbaa6e26467df1b0393,0,0.5195277722064954,1
2d3ad2bb4dd0b5b435e19ab7970cd24c,0,0.5195084392031711,1
a9da5a115fdd7b13412153e54dc02604,0,0.5195004502323958,1
7dcf2a1983741a4376217b22051cd221,0,0.519495928300297,1
f272262b63e80c07cae02c8f07a777f0,0,0.519484978920268,1
cd4c607ce49011feb478661f1d45cbf9,0,0.5194742509110726,1
fd59ebf3016db5359135c5fe0fe7e844,0,0.5194725322438208,1
82338b3cf088b940712ece972afeb183,0,0.5194343041533394,1
f871e1ce300ec113fb4c14b46e48d89c,0,0.5194325200585665,1
4112a2a9ff69e332bdbb22d35467e986,0,0.519426881662884,1
d839e989a9a3fd4fe2995a58dc5d9c6f,0,0.5194073717610249,1
214eb8193f173fd6333f89481e596099,0,0.5193840049927239,1
44192b082610077662971864fdf83685,0,0.5193823025242039,1
4790352dac464f21389858106fd211d6,0,0.519379115571002,1
657900a4a1fe79706fa95a9f1f2ce628,0,0.5193738117705914,1
fa4e47e7efda39676956cc45a52a9a42,0,0.5193384689432576,1
9a335725700f667da96f950193f7df56,0,0.5193346427123552,1
993a8ca534103166dd711e48970086f8,0,0.5193309956043426,1
9d6b6fe30f2c4bb2506c315c391d8a0b,0,0.5193242107308964,1
d265f951e56d663922ee3d360426d5dc,0,0.51931359339203,1
e2eab1ff0a556609fefad08716e20165,0,0.5192846846121283,1
f42a3583d172ef020244c94136cac8db,0,0.5192695601118332,1
381d0e5092e7b506eff0cd4b994aef90,0,0.5192545452884197,1
de97ef5468ec658d1ab6665c5cd24360,0,0.5192410040778592,1
59daf3100e3be378ba148b4af3f46649,0,0.5191949248079057,1
685bec4bfe814f798ac29b3590134b38,0,0.5191889016730514,1
996f0b264de067c18adee607e0a83d8c,0,0.5191720305660175,1
01147fb2cf81b69cdcfdc1ac4c6fae7e,0,0.519160575705684,1
386e327266f788df88b7941b2975cfe1,0,0.5191377726133534,1
27a79a1c25acfaf04056f8be771fe8b3,0,0.5191180358171128,1
6908e4e7bfeb7c99bc98f93ead3528cb,0,0.5191040837118803,1
519c503fa8cec8c30691b824e58a71af,0,0.5190914248425098,1
237d192179ac3e151816e0b06183eb17,0,0.519062094599807,1
1ba3b514be1d70d320100d30b28034a0,0,0.519019535249095,1
3e57306aa9904ddc83efafee12dd4625,0,0.5189650328215846,1
6ded6ea0b1d15ae6d2e5f0cd38fb1068,0,0.5189629736233515,1
e76a4a59a44397490c32b5fb5710a819,0,0.5189330007902855,1
4ebfd10a85099b098816cbbca0604b59,0,0.5189161597739703,1
48005f1063989711a58dd2664eab6b84,0,0.5189085026017813,1
3184d07c9bb680de9f812e750965cfa2,0,0.518895776728533,1
6546a2878d1afa6156bd0d6871b932b1,0,0.5188873888258415,1
4957fb815bd262b6dc9d790b98ed6546,0,0.518856173525091,1
2010254934075418afe8437eb709a885,0,0.518851423235512,1
bd5a63ad23910fd9ac77640781881a3d,0,0.5188402106874704,1
7168ec659d0b0e5d84c15c1d6a9268cf,0,0.5188310766943224,1
9321f71d5fee4b69df04be7e29333505,0,0.5188165157201521,1
58768ae876f6bea7622e2e765b04a08e,0,0.5188096272265917,1
9f74ddea3c3e23d5aa6292ace844ed84,0,0.5188096272265917,1
0cbb19a02a0e1bf26ec937d0cc79941a,0,0.5188053651108915,1
d86c24c6858579f47494fe770074214e,0,0.5187914991847882,1
b23015faae83c812ac84439768b1f3af,0,0.5187914991847882,1
825e98f2f68db0147a589f8a65735b9f,0,0.5187899322314558,1
c303b63cb83680355d0c6277ab63933a,0,0.5187875268609982,1
1aa871c2ab8bdb23375c428ad1c3f3aa,0,0.5187833685074569,1
28a9304bf290dcd1f7f904d623be91cd,0,0.5187788325307159,1
7eee11ff52f5477dee9a27c9ffd8f30a,0,0.5187697496413238,1
bc17d224e5a9267382ef87d2197453dc,0,0.5187686216688597,1
ad44c5517b7efe74b8f797c1d6ddc982,0,0.5187635003552921,1
f258ecd3ed0efe5ae60d5e6e58ee03fb,0,0.5187536296418597,1
39a7ce86511cf4b34a90dcc0cd3157a5,0,0.5187528583403517,1
5d3dd81d78174c092167fc4806807abd,0,0.5187266794855013,1
78ad85b91d9ca2d9b505816ab2662ff7,0,0.5187222525057994,1
ef3925178975e16f70808ac3b5cf62c6,0,0.5186856128170271,1
9065001c21c6240da6fa642651772e60,0,0.5186755711334762,1
190b15167c091bf6e1c1e79a5c5af8e4,0,0.5186751418877622,1
911a4db372a4c14d2b3e48f62483125c,0,0.5186611304490492,1
91f10558da786019ebe471d3ab0dab5e,0,0.5186442177186229,1
9addedd61c79029bdc2a0cbf82dd978e,0,0.5186166493591796,1
4fe8f494962fa2d40d2b0f4ff7839cdf,0,0.5186164723609857,1
c58d40ab43dba3cbddf86312743be362,0,0.5186131940383641,1
e0484c20e4867e819f58a15ae0ca0868,0,0.518588474196794,1
5408f0f078022fdd1954e4b13abd0bee,0,0.5185712378243357,1
63e708c711457502dc51c597f77dcf45,0,0.5185660652847677,1
3aa77488dee852221d753de8f8e01285,0,0.5185502462727646,1
e69077fb937a0eb51a6d94e07c4d4de9,0,0.5185471328826298,1
71a42269ed309ae2bd2e435ab6a7dfe8,0,0.5185327790304108,1
45ac52b613c9b4eeea95fd42a88b3a29,0,0.5185177845653158,1
d7bf7cfe09c3d0f40e1cabde2dc17fd4,1,0.5185109584561828,1
c9852be3a008869131e1f61af98832b3,0,0.5185108055675148,1
42f14faf1f85221dec212b9134a0e72f,0,0.5185067058733798,1
536491a3d3f8b55d8918c108d0f1f5ee,0,0.5185020798292372,1
59151e2a23ba2273271860147a7ab68d,0,0.5184912318848602,1
daaa4bd4b2ac37cd00efc852878b626a,0,0.5184688075872659,1
1d6cfe525e0e02d3557361134f18ac44,0,0.5184292108911236,1
1050942dac3cb20798375bca2452e851,0,0.5184233237041884,1
59ecdf85e2990f37a49405f00c8409bc,0,0.5184098372262465,1
592d5d086e0de4ea2530499b9e40bb38,0,0.5183975418010187,1
cb204efbe3ba3f77edacc4d5259752ba,0,0.5183671820416685,1
3506998a89f69a88d1cbea4686738c93,0,0.5183593430592418,1
8be6ad1922779906a9397d6727282b6a,0,0.5183421718393622,1
e37ac8aa47a3d9d00215137f6b8877d6,0,0.518337559689084,1
bc3b2714b8a9c929ef86caeae5623ba5,0,0.5183089818138389,1
7badee34ea54c9fcf27f0e6880bd093b,0,0.5183034597843832,1
84d1ce20856eea1aa76572c618c78c79,0,0.5182676721928497,1
c2b1c4043b4aaccf370ba164628bf181,0,0.5182614633953029,1
b8ec5eae8e8c865f3ad5ea2528aac3fe,0,0.5182500032712981,1
593fb2962fadffb73bbeb158da428cdf,0,0.5182476968684078,1
4351ecd4b7052df65c49b079b6d97480,0,0.5182009423792908,1
c17e8d36b887816df43b1ff74d8fcc03,0,0.5181882930275514,1
56fdc230568e5170d753b7f9bdaac31f,0,0.5181873958790998,1
5da134aab96f93a6c8dbbcf9996319dd,0,0.5181625901348905,1
8c74ff7d94f1068a02a17b4d6b0eee5b,0,0.5181429267248111,1
5fb14c674c1fbfdd44d19e43087fb6df,0,0.5181402328689009,1
a9b5f2fc037a9682a3b11a0b144d0c56,0,0.5181233282537928,1
8934820b5e398023ff899c26d960efdd,0,0.5181085668907559,1
c31ebd461283539cd2e73bfafbc0d73b,0,0.5181078569682194,1
26d56e2bb6e04f6178fe73493986dff5,0,0.5180899334204893,1
56c59a093f47a0f71877f63943f81e7f,0,0.5180750057914743,1
eb20f592319d1527c3f1e497aa78d5bb,0,0.5180622833331593,1
e9d0e5cfe5acc6b517d620f4bbf3890e,0,0.5179800981431781,1
c83903beebfa7bffbbc0a9a897a744b7,0,0.5179485139953665,1
5fce0bef77d1d1f128ca59331ff58ff0,0,0.5179184491032542,1
3d33fa7b80bba2f0a706b7b141485add,0,0.5179033928478805,1
dcb48214e46e4589ec6259917deb7c7a,0,0.5179013388025537,1
7721f7f38663e0362820c6452719c9b8,0,0.5179004753873779,1
ea4d52b176423e61a84052b0f4717be9,0,0.5178722387111544,1
4fbac054b50006ce51a42ce03c73d863,0,0.5178671913306839,1
71d955066665beb767e97f9c26c9771d,0,0.5178632664956725,1
2dd284d70f7ac1572460a0a028464349,0,0.5178625165358322,1
641aa00f6d28b7d376baa691cff07937,0,0.5178439007319683,1
af1817648c11333174d2b4670f0c4ee3,0,0.5178321755253777,1
d31914af35faaba296c94b477f1d3f25,0,0.517799148368761,1
ac6fb9d05a48ca275c730cffcea3fd40,0,0.5177939302764917,1
3a0344aa6a2971cd41b749d87c2d5a2a,0,0.5177792689702065,1
b2e1f3bedd8c990367059a23bc85d87e,0,0.517778907063825,1
fcc84de60fcc1e838eb5e13de372643d,0,0.517763861019302,1
1d7a114de845f432b9d79013dcbe9289,0,0.5177531931104458,1
71ecba3c7c26d1bc0fc74c02a74ab1ee,0,0.5177513525098798,1
54440eb692bae2fc807017962d287336,0,0.5177449338521202,1
933840334378c6ddf7b13c45379dceab,0,0.5177438480930426,1
f6973363ab87a706ac0b9138b4bd3ac8,0,0.5176642126425849,1
19e465b2425e224ecd1105cc34d2576b,0,0.5176517771478353,1
f734901a12fa542a4bfea19410031ec1,0,0.5176473528992817,1
839cf99e32e20edf5e5c847431b32778,0,0.5176472906953374,1
7b49b7bf6b00c833bcb7436987ccb511,0,0.5176390591203298,1
80f13f66d4314b62b53fdfe112e29f2e,0,0.5176290159080988,1
096e392ea0faa5e1208eac3bfc4fd2f8,0,0.5176234972751075,1
dc1d683bcd460944a0e8eaa31bb009d4,0,0.5176074956686761,1
26e401ee01d4ab4ff1c1346e71d1dfdb,0,0.5175953488293273,1
41c9b35f67c54295f3dc8f3932596421,0,0.5175865497475866,1
a8ed24537ad1fbef1fb6f0b58ad39d01,0,0.5175654694229664,1
3c30ca1fb6b033d812406fbd73a6d481,0,0.5175424609533834,1
913f5e4f97adfeb0e74fc6c60f3c3331,0,0.5175329827146151,1
3f8361175e08ec40637d5693af196c9b,0,0.5175291721834164,1
5ebe8d5931463b61341787b86c64aaf1,0,0.5175262430654731,1
f3bd15b22de2ea58658ea9e052ea99be,0,0.51748354530329,1
1ce5bbaad3220652fe0a798895af114c,0,0.5174574252162735,1
c4988f70b70e2b398f41a40fb7443c80,0,0.5174523425061041,1
a5b1b65c37d5cb25f12ae5302f8f1adc,0,0.5174406437882229,1
a5b67864e732279c13f959f858ad73a5,0,0.5174116369555719,1
18ce88606d92b5ae26be0e1af8e095c2,0,0.5174094205614955,1
fb8a913d0a986905d267a24397386955,0,0.5174078814538421,1
4b787b82d4a7d50a53f918c12fc4827f,0,0.5173937552876093,1
fe81b9d773a871a0c1395922c4357060,0,0.5173866462607714,1
7874393cafc44215dcc74c2b57726527,0,0.5173866223153427,1
2255e8b829acf40cae2c637bc5a4abd8,0,0.5173822481167824,1
52d5934db56994b20103ef1dc1f6bb92,0,0.5173822481167824,1
b0dbb4f6439fc8a9bf1ddea6553272e0,0,0.5173511239436701,1
74fd82c3c361fc09f69b2e38c5937bff,0,0.5173402148549819,1
6d373c267e57e0d7dd094bd564e2266f,0,0.5173233660813965,1
555ecf6bf501a3448c741080fc5b578b,0,0.5173197674247814,1
5cbb4434b22b272315655de6df0fcd27,0,0.5173191887870362,1
ff6de6cae279ba3f49b5d779351a9a1e,0,0.5172783108050787,1
075184ee2e1b9812f7cc980b787a4ac8,0,0.5172697635246305,1
6fa450a0a84b8d9408a53bce3c30c926,0,0.5172671202585698,1
1dc08195df616c37711014c8a280835d,0,0.5172468884711022,1
6dc86e0006805cef06e23866562f1ff1,0,0.5172311408809923,1
e6910b174dafc1b647cbb5a812a5188b,0,0.517230054053657,1
55a03f067a142cdde9f79f95a161b257,0,0.5172294921885757,1
f5e97d4f5d39a2e38e76b6833982e41a,0,0.5172286625621021,1
ac5e8a7c85dda4d0edc05b16ec35c9d2,0,0.5172216339363267,1
4640720dd73950599ff10a468a10d61e,0,0.517208964414736,1
835118867c6782d84b62ed6c3c9db455,0,0.5172073917462736,1
fb371ed530387b49b5618f75cb1c6886,0,0.5171944982973895,1
0f4fc3f478dd0cda888a53ea11768b9e,0,0.5171809677079126,1
64d6e417275b4d99214428b330b07b81,0,0.5171744379872589,1
2323dd46ef58a7ca6c4785a4e83224b2,0,0.517168219995888,1
b4cd7a22cfa55b7dbe4d673518889c90,0,0.51714623809441,1
5c6c284fd3894c5b1619cd7871e825e6,0,0.5171300399732242,1
11ac1cbba8488282608e9e91ce277740,0,0.5171247244437186,1
3edb4054ab915a9e3ff74ec855f40c41,0,0.5171157236597478,1
15010a153e79bb2f1fe810486783f5dd,0,0.5171018154708379,1
b201f73880d198e069bbf3f13caed711,0,0.5170822364569234,1
4fbfe86b0b023db22a1d509387415a59,0,0.5170511317271227,1
d999af8bbdeb926af7c015214e35cf5f,0,0.5170332346378831,1
9a2a773f825d14c6640c7bbfdfd07d9a,0,0.5170205893691349,1
56b479a26c2aafeba20e05b7e1fc2bee,0,0.5170101790237486,1
2da15ef83ce8831c824aa43f2af3eff1,0,0.5170099791392582,1
1a732a4b42dc7c3b3710e04d65836995,0,0.5170019453413073,1
0ef2e97b5437fdd30d1c90e7dc005cff,0,0.517000209061191,1
7160a4c6df67459d2753beece45f7473,0,0.5169969482539735,1
4be9df1cd93bed5e405591d930305b80,0,0.5169690388824112,1
ac95e1a03943d13b3a18952c4dcb3166,0,0.5169675858985577,1
aaf46bd4e1ad43275a5a20bd485e7661,0,0.5169628824546905,1
6009d2857b194a47b8e54876c7a2c90f,0,0.5169523929011232,1
e29c0e793eda29e0482f1aa0ffc6479e,0,0.5169295329767404,1
451910aefe018958ef7b401b88a9a171,0,0.5168975705300016,1
ff8fd64c1a5f9bebebc9bf3985dac068,0,0.5168679661974197,1
65e5e6dd661afd54a0ef9ace1c9fef37,0,0.5168500668503003,1
0d4050b922f53b37ad64e7cbd736bdbc,0,0.5168374423566127,1
1894b7e20d2dcf1910ba73852af89d14,0,0.5168208125193807,1
a889779509d4d33dc2edb4d1ad4bef38,0,0.516806071641798,1
73add6e1735cf84eea33764975f265f5,0,0.5167972218335379,1
8b711b2d774983d4649618d8c84656b7,0,0.516796235576234,1
21915e1eb765a21b294e4e1215483811,0,0.5167959258136925,1
9187018c5b351a6debc702dc7a0c0763,0,0.5167881884907033,1
479d6a0c8b13debeddbe4129756c6c68,0,0.5167669406785218,1
e6e672ede70da04486fbb08ed54f989b,0,0.5167469033283969,1
22a346f09597fb88c18322408e24349b,0,0.5167397280536765,1
18f1d76138f1b657ec314c617bb3842f,0,0.5167329634867872,1
00d890d6e36244f39e22a9fb95e68756,0,0.5167111305716062,1
44fffb630b6f1fe30a24335fa467d905,0,0.5166376799548124,1
cc8b951febb2949ceb6ead2f8dd17ce9,0,0.516626023421049,1
96e0a3dc18eb70075aaebc344c88db27,0,0.5166228672437112,1
633dfe61f5cb32f4d2a379fb099bd56e,0,0.5166219616697996,1
8d334e0b3cc9d89e724e409759fb5a1b,0,0.5165915148888528,1
c829de179bba16494e4aaaec90990508,0,0.5165540367727571,1
ce0640b5ebf6dd6badf3f245d2cd60d0,0,0.5165530130822363,1
84732c5050c01db9b23e19ba39899398,0,0.5164953871356576,1
480c0c15046fa19e53cb3f1f71b9f678,0,0.5164872642167074,1
6cd44af71dd90a84539acf678558dd13,0,0.5164863047429051,1
054879b43627b75d362af54f71b69843,0,0.5164829764361913,1
ed5340f0e2a52fffa065298aeb875e60,0,0.5164824723354998,1
4b3693c5e5a7965cc854260a30ce0231,0,0.5164669671572361,1
98a9b171737c8f75e07682d734768fa9,0,0.5164623632090579,1
071cd8999ac70f2b72112bc3d49b09fc,0,0.5164471275434249,1
d84c06380e59ea282b9bfd35fb645536,0,0.5164305856103574,1
c8843f193258358e4923045b14d1404c,0,0.5164127560006657,1
34fbd9c42eb9702b4b8c6624b228ef11,0,0.516391170767433,1
2e0daa38f7fd081ddcda32d972e5ec50,0,0.5163556125138375,1
dd610cadaf3b8b4d5d685a36b914e4d7,0,0.5163496954640265,1
f1b57a40e83dcc684df5aad90c979e76,0,0.5163433022875198,1
3b0fd4045271bcd68bbd76cd66506b74,0,0.5163421439515126,1
1a8c07c90b1ec79904f79c4c42562bde,0,0.5163227702971896,1
06ff357c418924109cf5882f660b3eb8,0,0.5163068059967134,1
0f421aad1e168dac3f1a246e4627ab9c,0,0.5162976242985945,1
916792a184efb5fb9fb04406a4e174b3,0,0.5162836018334903,1
e9b52a3e2e946860b103b1b30fa86429,0,0.5162663073894777,1
dc8d14b29f1d99537366743a56ae1e05,0,0.5162441955861867,1
dac8aaf39c0e34519a5faffb566be6a2,0,0.5162441955861867,1
924e12d85f9aaa1836dc75b9b47b1866,0,0.5162344272505579,1
0062adafa3846d9f372d8f1bde591b24,0,0.5162026272374542,1
887537abe3ac1bb29ce8dfdf40a0a83a,0,0.5161915459013628,1
2ff2f2031e662eda7fd97e038327fdc9,0,0.5161545670489776,1
a78856b0e5b47a539274777a789acd6c,0,0.5161368743889839,1
dc3c2cd2fddd5925911a2f238496f6c4,0,0.5161235695313117,1
bf15e187955656a3f3ee274caf07b11a,0,0.5161222029269621,1
9a8809085c8feb9360f282fba0a6d87e,0,0.5160793392153377,1
6ae892931e20347fcc67418eaadc8b1a,0,0.5160702024432917,1
64f931b578b2caf2af5b48fd40c72c5a,0,0.5160573471584398,1
ca8fdaed559d0265552e4deca348152d,0,0.5160407074026266,1
5b31942027f1603be6676e2df367f184,0,0.5160167791714462,1
a68fb71515e1112e898f3a5340c07895,0,0.5159822376427248,1
c47ae12fffad89e58fd954eeb60b12df,0,0.5159787996101962,1
f690f5a718df16b9913d2fa1045e43fd,0,0.5159702732481102,1
317976b82ac3e3e131f2ea236e6a7b17,0,0.515967295325329,1
42fec8a8a32ceb3ba315849d6fffb9b8,0,0.5159614369080773,1
1389cf690748d665807dddc8a0c4936d,0,0.5159444053519608,1
1ff21b1a89701b32b3f44c63cbd52bb6,0,0.5159390292880447,1
f8bc84f159a83e22ee092f005a852475,0,0.5159368495318416,1
ed6e0fdef323c28bf5cd1207c477ae82,0,0.5159359065928876,1
f26d04765958645f5d4bda8bd1d2d573,0,0.5159163314519565,1
075feab70d904077ae5100f8c3d6d4b7,0,0.5159160788713111,1
414313742a2c667f66f4c08156625c50,0,0.5159071651805279,1
bca0ed496a4bfe9c91a37b11ab1444e4,0,0.5158972887621137,1
de0bf4b52c6b76e5ddc39b9bd24bbb26,0,0.5158883420271305,1
3842d2de8b603bbfe941ade4da285f32,0,0.5158646625198414,1
ebea263887e000fb7aff38099de3d6c0,0,0.5158523326829547,1
195cc291330f73e3d35032fd4e8b740f,0,0.5158406139190175,1
7b5acdcf05476ab68e66944dfecd29f1,0,0.5158217886913193,1
41d0abac2d2a894683c25e311fb7e26b,0,0.5158178939309715,1
3974f98cb559691f7309432a3c64c34b,0,0.5158103261513813,1
c69376ebbbba6266a57850eb12a17d17,0,0.5157544381042838,1
31c23262d79bc7e803884e37f9bc5359,0,0.5157527347659855,1
770c6c524fc389b4cab878d19703745d,0,0.5157364634678338,1
a1d0117ac83976f19030f953c2ee8d0b,0,0.5157339617601663,1
b5f6ad58a5f5f33c6d0e852dcbf1cc92,0,0.5157148879215181,1
33295cf10f9881e53a35a742beb911ba,0,0.5157122628211132,1
5a7f39c25c827a1355cd76e498b3737b,0,0.5156823931323885,1
78a4bafc5da008bdc6f65b2e9780e167,0,0.5156800850586956,1
7520673a25e0bccd3e7bd1e100defa9e,0,0.5156571621290525,1
d3542638a04fe72b323ad68a7f9d0685,0,0.5156304571415603,1
96e531168402c7a98cffcdd828a42437,0,0.5156058834126925,1
4609bd1e7676687acab96197eda60c49,0,0.515596150166708,1
e8d1f79588b40596b446ec8cea651cda,0,0.5155844838107948,1
feccaf856b7f457beb24494f956a7d7e,0,0.5155493173268126,1
456a2b794566e6029a193699223e52e0,0,0.5155354790098838,1
4faf947036af48df04b4498d9fd291af,0,0.5155172608661898,1
571315d706de347005bdc7aae43c8f44,0,0.5155172608661898,1
213ce7ea2a0345a65b4045cf55be42d8,0,0.515512685883596,1
d2bc70d1599ec65425dc9558d72b4986,0,0.51550884228482,1
c20897f7fdbf986ca80721ab3dcbd590,0,0.5155034557421939,1
c8ae50cb383faa9141cd8f792aec5f4b,0,0.5154837467406844,1
aee141085e7394b0d26736b002c65413,0,0.5154319512260137,1
af703c30e13bbb9839e8cdd4785758bf,0,0.5153871810274783,1
4b153f24b34c0393c27027a43495345e,0,0.5153812514963254,1
d2bdde0a0acca76c25b5501424289355,0,0.515367938079135,1
d87108b48ec7b85b2f78fc1f3c2ea87a,0,0.515354317933929,1
6ba2164631cfad0197f1f4b4306132c7,0,0.5153477108852749,1
cffe5a17924e2130884e388c249cd6db,0,0.5153442897554634,1
bdd2d0380fdba0ee6fae5c727eceae8b,0,0.515323160007293,1
8205a33f65af4eb00fb8a171ef99b481,0,0.5153037031674677,1
e1399e9f6a55f443777d138d1c40bfdd,0,0.5152615100029562,1
bc7fad0e4189527e86792ba981941140,0,0.515253147881107,1
ecd8c8b41a6a11e74f9ce6e5bbb3e995,0,0.5152382298310625,1
00cf2f12497614285e5dbfb77d6dd312,0,0.5152202959307293,1
c1c7d60330652f73138f05d351cf9ca7,0,0.5152171686137971,1
87b162d0110779fd1d97a4e03f7407d7,0,0.5152039277306424,1
c64d55d7bbbddca08ef95b818ff81a66,0,0.5151773705047114,1
75b5308f82dadc96caf2c59a0eadc980,0,0.515173700145012,1
9688222138dc01bc08e07b747df6a623,0,0.5151531637793135,1
7e13c5b52f3f0e1979723ff4b9051904,0,0.515152580328545,1
b92521a4c53914658017fda4e09397ba,0,0.5151461301003681,1
2b1b00a75b3add7b127e797557a384dd,0,0.5151384577033011,1
6dff7831f68f155b476cbbc2123125c8,0,0.5151336905318552,1
dd963230588440394f63bf0367a274b3,0,0.5151068924472135,1
8216ababae1f2b5d8aa1f6685e6e3d12,0,0.5151026581465686,1
423500539ef60c7c8501710b424c9d65,0,0.5150999439504468,1
52f8f4376865370be0bd2efb2a067140,0,0.5150966880212345,1
a44d4c445532c860c7dc1701a0aba6b1,0,0.5150932839833624,1
307b9841d2ee784f96c41aa9a79dab60,0,0.5150930118586795,1
d528537ddf51de27121ccb38e9350a77,0,0.5150881010024682,1
56546b71f8bf254f860014fae431af6d,0,0.5150790554847374,1
9c1438b84ce4accef15166f812e5f36c,0,0.5150586756281295,1
4c6a5fc3a280205fd9147054195346ff,0,0.5150486295752303,1
e7068a73941fb1a8074ab952c1cc4f15,0,0.5150466011270677,1
bbdfd04e0be2e2ffc2bbd8499d69c579,0,0.5150428756761661,1
990467c17e58f091ea4d6bdc020992b0,0,0.515039474433024,1
1a09c9c9a99266a1bd2185c19e0fa9a4,0,0.5150208393167317,1
a366793a4999f8cc135855c4dd347421,1,0.5150118775029205,1
d294321fde174c93a6ddb0a4035a392d,0,0.5150072085928376,1
53b6aa6f4c77ab14adb8f7dda37dac4d,0,0.5150050550330509,1
4448c1eccc3d677bdbfe0d07f6a780fb,0,0.5149993007301706,1
d9058ef529d2c65e426d6d84ff11e838,0,0.5149947467142522,1
b8af09f3a325207fadf59487375be54b,0,0.5149881711851856,1
97e4680fd417043d7572a032e5cad15e,0,0.5149694020474861,1
4cfc7c529115473495914a657a037ab2,0,0.5149354534824491,1
1d5f0643cf2568434743cb9ff674feb3,0,0.5149294871195113,1
6b946b8deb9ec3201537f123cade0827,0,0.5149256108993053,1
e1ebe93c4eac67877eea44be1d3750a2,0,0.5149110947382479,1
628c60c3fafec90dacf2ea3618519d3a,0,0.5149056369422319,1
9782ce9e14abbc8ba2efb435adec8e55,0,0.5148876154745772,1
5507273c81ff4c64e8748dfc879f213e,0,0.5148808531431202,1
bc7b75e044810e4c6c4f7e44626e52c0,0,0.5148500293262169,1
82495c4e3eaca10a35327087d80beab6,0,0.5148479356145179,1
c903d75b5c87bb49ed9f1f7a839e80a8,0,0.5148242195181049,1
bf779ce6baefd04fc0895e7ee0472d3c,0,0.5148231188398185,1
89776c465a0ab09f6c427c2b7957ab94,0,0.5148183120527798,1
f9b26d881d41ee244995db845436b227,0,0.5147622119078493,1
8649cd4e5a387172f12f3fc23ff22168,0,0.5147562899932187,1
abd7e9db219836e58c3fca4965dd14e5,0,0.5147231754040426,1
f9d51c7b92fa3e4402b6456d8babfb71,0,0.5146901779361908,1
2d9f7f637cf97d422e39fb3b5910cbc1,0,0.5146882878460836,1
a6265689e0fbb956cc520c1ea9f5e34f,0,0.5146837857629963,1
34478bd76ec4342d1d47df943131539e,0,0.5146772074130057,1
f8b3216eb0a8679a6f4c4ac33cc896d3,0,0.5146720907174278,1
889e015ca36a78c63da1632de2f8bfcd,0,0.5146526977773329,1
ecf30cb59f02b641f15ac50c9b1d14a4,0,0.5146455894210683,1
94ece845c882081a618937eadb7fc0a4,0,0.5145764370435262,1
1ecb813183e9fb7af916c6c474f12b78,0,0.5145193959571938,1
60ba6c553aff4ebee7abb97bab9fe91c,0,0.5145173393940271,1
abf1d6bd1161f2d55493942abb8c1402,0,0.5145102872853122,1
b4c4f3643e0a12224cf57abe82ecd677,0,0.5144913608317263,1
5a6e80d57bdde6b3a600cfae0c2f5e43,0,0.5144836588418752,1
424b5bc1ea7e1d07936152b2857f2738,0,0.5144441163526681,1
c9ad7084604c389cbcb85ba60d8a157c,0,0.5144315417955468,1
3cd86c600cc096464ad1f49a47dcf59c,0,0.5144212940882743,1
6ee3895d0b34aa045669a32035ca6016,0,0.5143883385918597,1
521490319db30a0671a5e45515f92ce4,0,0.514384785436557,1
fae05fe601dcbdbc9d5888b0f9c4b732,0,0.5143819910317208,1
084945acdf382cd924b1ad7e407f651d,0,0.514373873892219,1
c2d9fffc59f419a6d7b8a3bf1ce22611,0,0.5143729744494147,1
2f5cc25735019f9b7eebe99f46813735,0,0.5143590146258712,1
75207ac40392ae8d8aba08fe3724264f,0,0.5143511066742946,1
543ce8a3aff1e7ddfe9157c99047580d,0,0.5143254586314537,1
db539c729198334582efc7b53c803c79,0,0.5143252517728542,1
44d7152dc796f40ba57f074837515d91,0,0.5143188769334163,1
edc699eb8c0fc6ec7a6ec536382840b3,0,0.5143086179989426,1
df1a504a05bb6f00013a6d2699034bbe,0,0.5142939649938646,1
0247caa552d23ae7ca2e0777b55a4a2f,0,0.5142899383788687,1
c22fa17fede3b9955a4e3dd9b063a7c3,0,0.5142808397241253,1
3f6ac9a49767899814866524054ba779,0,0.5142659736556192,1
86a92bfa14c9db4eb56a38ab3c807e5d,0,0.5142550014481555,1
053512da48b81050b5422b1c48d44c65,0,0.5142532445927558,1
bce2efb75040683e4d2300b55420f595,0,0.5142513063830463,1
04faabcdbf48e775bc5e313369bc15bc,0,0.5142368348592408,1
51a7e650cdc4c26aadc7708c1cb656e2,0,0.5142321042525019,1
ea708470a7a146d85e18e7ed4ceae2b3,0,0.5141718395389427,1
33341fbd4f42eb0f8e5a657e9914191b,0,0.5141716431842072,1
4c7d1c2a797c67682dd1fa54486498a2,0,0.5141269304386875,1
46d39cccad61951d9d8d9693d3c7aa3c,0,0.5141264103539466,1
e6be62f693673ca3da7ded8c46122ae0,0,0.5141200059458905,1
370f54b7e98dc8ba4cf2b0cfb96ab01d,0,0.5141169283069866,1
85150cfc97d454bf20b93ceb1ec587a9,0,0.514102882066668,1
6d89c322686666680193afa698c29134,0,0.5141021490382763,1
2699c84172e7610171dca87d920480ad,0,0.5140704815710521,1
a65be0ff4c5f32647afe062dc5ab30d4,0,0.5140528981489806,1
46bb23c415d5b0b35c04df0fe2e4dbaf,0,0.5140505627145967,1
0f1e4786bddd707cfa51e4f45668dda9,0,0.5140446739718113,1
253398dda9ac868e48c23d933ccf53f2,0,0.5140346866973153,1
ab0f33695ad11caefa534dc00326bce2,0,0.5140283532051777,1
b04a0f9269d09d1361593f23fd5568a3,0,0.5140029775231854,1
f530d11fbbe32732c41820751d933a36,0,0.5140026069971563,1
530f69cd3d39aa59fb444f2533130b93,0,0.513970515030348,1
26a0b8001bfcc268ac3bcf8b03c6349a,0,0.5139618701470344,1
fd39eafefd858bd09aeb583cf3c5c38c,0,0.5139516434790355,1
f092ea2a10aaf646af1a61650f95c6fd,0,0.5139327303036825,1
18b73651f33a5e38f372499dbec1b11e,0,0.5139092922244101,1
33a1c4d33a5e4da8d5919b023e732522,0,0.5138807761917664,1
8a3c66f735f2c413d3b7c10f288d5465,0,0.5138561408207423,1
7d96d0e3e9160720b6538a101955ad26,0,0.5138542493303262,1
103fae9c95f5c4d4fd7a3b7a277b527a,0,0.513833780768051,1
b1f0cda311daec745ed28fe913f200aa,0,0.5138285953961347,1
41aea522ebdd9ba78d11321d240fa31e,0,0.5138174600739538,1
0c77ec2968933d58ee81f2e59d8b0ee3,0,0.5138018373712973,1
bb1fef8cf10a4151f243891402be0522,0,0.5137946005669936,1
45416d3726216380e7607d827561933f,0,0.5137905345953584,1
face788a13897cabb1be5fd1fbb2f468,0,0.5137884457858868,1
cb6ae78ee67b303e6feba50b0e4960c0,0,0.5137813755651324,1
0af17a81442299d992348c65d70ff4db,0,0.5137760395291407,1
f69ed448d3c70ab7a332ca8a95fc2261,0,0.5137356157277287,1
a47c32ed803aa4b5489d0f7ac5ac7017,0,0.5137286663262697,1
c4cde13ddd6e44749f5b0f4372f82542,0,0.5137224334716226,1
bedcde6f1ccae8e9228a013a94d094a4,0,0.513706562348998,1
1985f70726392d294f0c9a247cb95590,0,0.513695126017131,1
472eae247a25ee1529d03002eb740637,0,0.513693453043485,1
5c6a5d96093ed481f89a1f30e0d09f53,0,0.5136850114892482,1
88df708e175fa02a01b0fdd070655511,0,0.5136796457090324,1
67eac55ee0b132da77f6b46e9f58c32d,0,0.5136760548763385,1
dc1221bff5d560f492a67e8353078d6d,0,0.5136704514354666,1
a506341e9e65c66d394801e0db0c9df5,0,0.5136704514354666,1
acaba7943cc177762d71ebb618c2dd2c,0,0.5136643517361559,1
b6183cb2198133603fb9651b048cb058,0,0.5136618965773191,1
ba214bc61e320cf3f708c7f36c7c2686,0,0.513637314300358,1
aabe46b55a3f9952d637e41da7bedf7c,0,0.5136329499044108,1
baef2bd211e495fa7df32ca22dd9c1a4,0,0.513615484930626,1
4a080fbb39cea0bbc34236191a82140a,0,0.5136082505234123,1
c9c22f5f1889f3e4152fc5ba7dc654e8,0,0.5136081514443177,1
ae3e48f07b8242fa45f29dca1ce36a08,1,0.5136050982033694,1
c5ca1cfb65694c7abdb42366705429e7,0,0.513593845575975,1
c21d8b37e7d0e4654b347889eb8c9e76,0,0.5135826121674413,1
56f0159fab94c568522d0ae455536bf1,0,0.5135727273969208,1
a2340c8d2161d51eb6bfd2880c84f58c,0,0.5135724952364964,1
61b262310a6e93c6b63efa804ce63a7a,0,0.513547864654969,1
29f1f8a83a995827d778b042a1e16cb7,0,0.5135447730490161,1
c14f81323998d7af253c78216ff68c65,0,0.5135166695250036,1
b1a82c8d03f1811eb03d6cb6555ea68e,1,0.513510128983372,1
f4a4a12430e3dd14770e4e52866b11db,0,0.5134965750086816,1
6578aa32dcbe111b7486e6a95cfd5e00,0,0.5134814937872816,1
f80949705bfbab52e90a79aac1a56cf1,0,0.5134814574553657,1
cac981eb97f98f8af8de3b9d3766db04,0,0.513453590849332,1
fe990557640ab2498217c7017f33befd,0,0.5134362344915485,1
12ddd29e29f358e14ffe9b28cd2080d9,0,0.5134349109492727,1
a3e24c689b416a440903aeaca4f22013,0,0.5134078336944252,1
8e0726aea097e932a69690bb2e372c2e,0,0.5133992100888956,1
da942da25a15efc001246d36625f8f90,0,0.5133928735553362,1
afeed2fe9f00485bae19623e306b3937,0,0.5133906074992434,1
535835e982913fdbc36acd896bc0ae8f,0,0.5133899271385661,1
e888c93f6cfe72d119b15a8f4987bf80,0,0.5133649655464729,1
af7af50211e244a97475fe4e0ace4cca,0,0.5133490331118143,1
a56aee3c30b2685f226059c5fcc3c1fe,0,0.5133490331118143,1
0bf36434596b4e96b0bc96204cf2005a,0,0.5133453201810089,1
275962dee6b3dd9150fd53d61b9ac4c7,0,0.5133440152803191,1
6e809ceca510bd8e766cd26ed4f1190a,0,0.5133410173348874,1
3e3e0c2b99958071eb13725728790328,0,0.5133336028312341,1
732296e693d6282c77bc3cb3bc96d484,0,0.5133217988946007,1
91d7fe4f2e407bee69ad391caaced497,0,0.5132650999961389,1
3c8d75c7b0acfda04e92d3dca43ccee7,0,0.5132540488509847,1
586d4b1a6b454e8da0d79170755d38bf,0,0.5132334856853499,1
e4119cadac78b72b896e02fcbd0d4991,0,0.5132310762784791,1
6b3962560795eb0786cbd04427048d13,0,0.5132168124644158,1
88187b3d8788e30e20080606850f48cc,0,0.5132041598898961,1
72b5a3b7feeb40adfeaaa658beb31a37,0,0.5131944444613012,1
ca803e020942e8a6c8db6489a16ebc59,0,0.5131837059848782,1
b77af26e13c3ecc029a178fa509f003f,0,0.513169803611396,1
c1c292f8cd8a2087a06eb552fcfe9127,0,0.5131651593874992,1
114c786386113545dfaa147d19a5e772,0,0.5131638197320256,1
d15a8f57cbba86bd46d2cb70f975951d,0,0.5131627910373242,1
ca0d71e5ee67625f182d45561ef102c3,0,0.5131593825720265,1
c0b15c9452d7289bf41ba7a6023fbaa7,0,0.5131519278119892,1
4b1544b0977e0988f822c138bfc549c0,0,0.513148698107045,1
192558051845c170249edb8235fe3998,0,0.5131421854977698,1
ba0a20e238448e2ae8bedaf7a8e04393,0,0.513118242171948,1
7bfae7311f8111ff2fff8fda5faa94eb,0,0.513118242171948,1
a6b7bed1a909c5cb063d0c61dc10f593,0,0.5131172527207519,1
9eac48e222d1760dea0deef88c965384,0,0.5131031031673027,1
f73b7f38806bb52ec8d415f0f8178eb5,0,0.5130820029826167,1
1d5284bd00cbc010edbde9788912dfec,0,0.5130173013154976,1
8e102dec62f95d1f442e0d12d48505e9,0,0.5129948814985007,1
e7caafb04b382409707f8653db675888,0,0.5129866545821211,1
caca57a355a5fa42286c0e2a3a3f6463,0,0.512980771779395,1
541c5e3d9bf6c9174523c91b6593ff48,0,0.5129798361034726,1
d2d4ae284fb74a5b0f0f8af418a64b3f,0,0.5129643558874405,1
d6053d8ba181f35cbb7005ba5bcfe005,0,0.5129528408445472,1
1e8f48ab684eb8579e95a5bb8fad91fa,0,0.51292504714071,1
9fa55e5021a8b65ef42cabdea443a8e2,0,0.5128948470143511,1
46636ae16b16848051748f4358d766ac,0,0.5128932614114067,1
0104a702e0f73442fe4dc3bfff6ba373,0,0.5128867784454323,1
a99608213523e724f7aa168995fcbd8d,0,0.5128436237922133,1
e2be74ecedb0b925ddcc1d11da84e937,0,0.5128398384344429,1
89051306ac0f424a797771b57d3379d4,0,0.512827272903739,1
2002d869f3d711ac0a55878c9258b7d9,0,0.5128139006210973,1
ca73b4e71acd9fee1584c6e7d4b3d938,0,0.512805540869933,1
44138344ade9bf748ead9d7d5a58211e,0,0.5127965044732057,1
88f83892541b895d8658b38689854ee9,0,0.5127931662570111,1
457db8fb18e448a5dce85d3971495099,0,0.5127716081036139,1
3dad96d340e339f8730b01c9b679fa35,0,0.5127617879710559,1
0699c67bf57338fea4c2c1a6df0ab295,0,0.5127522623666617,1
f9b5d3c8bd2dc9c26ff00bde73171554,1,0.5127422578484643,1
ccb0d50210917c1efff5d08ee607413d,0,0.5127310797444758,1
ae5b8a2e542058597f030d4a128cf81a,0,0.5127288392830516,1
38da585fa717b63ca1ab0f5e7c06a975,0,0.512727752932077,1
65b20f62ede59d33b626e0b908ac66ce,0,0.5127185202006452,1
701ada356e78d72bfd5b279280762b79,0,0.5127035336444025,1
58af0e5c887a99edea7b7b28038970a4,0,0.512695152168499,1
aaa346447b09efdc442a08b80e86d77a,0,0.512695007732412,1
5ed8835d5dc17db8bee98a07201fb461,0,0.5126841161702215,1
124bc4ca06659f7567ba311be37f2aca,0,0.5126752272815186,1
20bf08e3c5dc54e8aa7f4399acf66817,0,0.5126680850131307,1
ff1365a18f869f23403469811572c1c3,0,0.5126605489724133,1
1fd6006d97db2e063cb7ca06de81208e,0,0.5126406336702354,1
a8e911d5eaf0892701f189303c0e0559,0,0.5126395053801089,1
447cbda062c49d5c639f8f2021bcb1d7,0,0.5126360262689775,1
3d54bf2588901784519da69fe7287c8d,0,0.5126347034308606,1
5f1e5036481a6e6cecde27f3f762bb7d,0,0.5125818981818028,1
3c8272f01e0c4605f7ecec09ec8c2940,0,0.5125802359952927,1
daa95fea6e6c81a479ab2357139c148e,0,0.5125794804148813,1
4fc96b2b5127ac6fad947729eece8849,0,0.5125697079489532,1
15587751b2c24cdac1dd1c8b4647d55f,0,0.5125675099116792,1
ddeb574c6abf389c6ba0d239a6ef8d00,0,0.5125456585320958,1
be31ab006786747df81854035a1960f4,0,0.512538657744826,1
fafc4a24221fb5a48653e1bae9138e22,0,0.5125323281895293,1
3e836d07d636bbea0c2ecaf4acd04577,0,0.512520625913535,1
e51139ab5e2642e688d992a75cef236c,0,0.5125158573603574,1
a9fa065abee7aa69ab5520f67ac9a736,0,0.5125112079106743,1
583b892c000768adec6bbac4633bb0a5,0,0.5124846843305142,1
94179af609c7536ccf7018c42df454ec,0,0.5124765803115333,1
f90f98c415a7290412ced4c410a8abfc,0,0.5124739811306328,1
4d679de4b206350c05fcd2591f162bcb,0,0.5124627289125625,1
0e8ea137b7129210374cb7e4f274633a,0,0.5124601738988308,1
8ea6a7d55ff9167c3e6b68268ea02a0a,0,0.5124342840351821,1
6ad22635edc258d67ded0716daf7a662,0,0.5124287427971778,1
5c678d1fab55c680482163fd14e98e96,0,0.5124255303640327,1
e47c583b91537b2dabc8c565a807b618,0,0.5124104313899168,1
ca6668767463f2dd3896e9395c1fc085,0,0.5123975439249864,1
b7555ea31444bc82b8d0b2b813964502,0,0.5123801332594463,1
bc78253a365ca27ac64b86faa082a834,0,0.5123695845621542,1
62204ea371bf14716930a74c996332a8,0,0.512364730835647,1
294e0922aa06792eea5094656727c0bd,0,0.5123611746312213,1
336a8c5ed580bb95103d60b140da906c,0,0.5123394637211323,1
e0c7360b47451a14fcc4be34b0c0db3e,0,0.5123365274059879,1
fc5ece674dd332ce15465d90145735f6,0,0.5123276954858846,1
06e6db55429bb82d5aabc4b2eeaad5f2,0,0.5123165024300955,1
d87a6a3e1a29f516104cd6ef10d1beda,0,0.5122980094080862,1
16958e0580aabd51c43765569afea366,0,0.5122929520460364,1
035be5f36fd695e22c5438d2a1fcf820,0,0.5122744546168485,1
df2dffd8fcad76ada93db0d7bd22c212,0,0.5122720757568581,1
56feb7485ace57f1566e0eadd2ab282f,0,0.5122486553523545,1
d640cbcd22efe3aea4a346022c4aa8c8,0,0.5122381470901908,1
f576e51994e6d8f3a81d99d9ede79795,0,0.5122236036692388,1
91d4dd867564987abda83ceaa6259378,0,0.5122024054492823,1
47b29e588ab38bd9734d713a831e30b5,0,0.5121999146653546,1
2dd8a6ba66d6e0f4f96fde647598ddd6,0,0.5121942235702251,1
f3db5609a22674ff75cae17015571527,0,0.5121139953750623,1
3fa16d8874f2b067c9349d26dcccb61c,0,0.5121099647543745,1
074f7184fdd96018f97df50380e41f10,0,0.5121098740958776,1
a1fc7f67db48678702d1eb13832aa193,0,0.5121083966662169,1
8eea2bb4ae0765eee4aa7974a93f084e,0,0.5121082553852832,1
5fd1897927609de45b0f55739501d495,0,0.5120924540119675,1
145f044128f4bfb17ebd95ea329756cb,0,0.5120839927960271,1
bf5b72107e67f742048415afb0d9881c,0,0.5120818674215692,1
b9cbbf60909f0c9cf6c6da8ba451b6bf,0,0.5120729510458049,1
27878a3c150b60cf92f5b812998f2990,0,0.5120685173758636,1
6dd5f0ee9c370d8034d6721c4fea22e4,0,0.5120649845288541,1
8dcc705e001fbc7cae07a5c77d013abc,0,0.5120358501086145,1
34589ab6f2b37940e7f5864ed7f540c2,0,0.5120031410220034,1
1276676f98de84f12fa5883c68c38146,0,0.5119927139297334,1
98e5136466f8ddc6e4a85c1f3ea32cbd,0,0.5119875540315044,1
4dd4051cb1709064afe3e4f371dea06d,0,0.5119728010749242,1
f19d8c5bd5205e632cba7fa3c61f0674,0,0.5119633145502683,1
f61a6c9143d5698cfc16cdd6c0fb0d88,0,0.511959758756739,1
60fa2abe7171194126ecb847281cb81e,0,0.5119594995993373,1
8ba1aec4519d0265ae975791ff94416f,0,0.511959284740203,1
08adaa3c6c8a2fe2390c8ed6f2686dca,0,0.511927104189616,1
b1bc8a8dd78dc041e0561fc49ed2b591,0,0.5119045654609305,1
17ebddb6a60530cec37f8b17bf53c3ad,0,0.5118921454289432,1
f38c2ba31f000079afd5a0416d37eea6,0,0.5118904017946052,1
27cba8de86d3af0359c557cb971c891a,0,0.5118875363508847,1
adfad9eabfa696c989f65d11cb7e341e,0,0.5118841312268946,1
3cd65413e3925b64705aa03477254ef7,0,0.5118840676889996,1
6b5e33e3b3037f2aad8f33a7739c62be,0,0.5118810781736413,1
c054a603188a1008d279b98a85e3a0b1,0,0.5118667256294603,1
c113697c013a07aaa9e1e2ad17104f1a,0,0.5118656788297424,1
8ce850b1551ba024f4b3a8f1324d82ce,0,0.5118653368513824,1
ad6ad90e4e55ff563af147b6b9ee054e,0,0.5118564726859138,1
e79f6cfdcc27ec08665098c48ab029e0,0,0.511836125630684,1
106cfa9587e89158ef37ff1cda4072f6,0,0.5118302894492199,1
022b5f96c507ad0530bb7c5a29d00a7d,0,0.5117907628018019,1
19180f668d5586d5d54b009ceb4e5c23,0,0.5117753503588874,1
8d847804b5f12a9f42c3747f202025e1,0,0.5117722289149266,1
88eea50932a35ff33cdbe87b8e1fdf25,0,0.5117491994155209,1
dfb90afc96be29f800b02eb25d876425,0,0.511742501956235,1
18964ae3b00c2860527839fec213bbf0,0,0.5117240405008415,1
e9693a4ecdeff9a711c21f77230c2c96,0,0.511697644852163,1
151dd9cf0af37b5bdd489ab4812679a9,0,0.5116844835442155,1
2da5ee41ace2b004297ab83756b6639e,0,0.5116806940101565,1
d7c4d939dad7aa7c312ac3a86f690064,0,0.5116664017862399,1
136ddb206001812bab8ed623debd7cf7,0,0.5116619442992626,1
3dfbc47dc4046b82ef459423c4bbe54b,0,0.5116549473252112,1
1cd0f75768cb5e08c884390c8bee0507,0,0.5116329451236811,1
a0395992019b401544b972905cff02fb,0,0.5116075760316097,1
a27e5a2cba97c753b515b3b9763c4814,0,0.511600724584826,1
83dfc040da239e9638aad258ea6f171b,0,0.5115995349569417,1
c59b1d2c510f480565966822a6a45004,0,0.5115884977834297,1
5b63d45738df64a3e43d075a2a97de66,0,0.5115829701866196,1
6422bfe69991c1b3c75662e99a9f51e2,0,0.511541608210774,1
c560530cec11624262d9130a3f07a51d,0,0.5115321532240186,1
ec1e120903c5b82b9d8dd89bb4085347,0,0.5115140374317758,1
c3c7224b48e457b76828e0b8202732bc,0,0.5114791605945131,1
3e598d7fbeb3fa29fb9b7d8c83d42de1,0,0.5114721057452087,1
00e6c1a9e0ea3dbda699b60023a194ac,0,0.5114697859154073,1
a387d752d46438289df416efcb368aef,0,0.5114492526605032,1
f7317ae065b8056145476911affd7077,0,0.5114456654386269,1
918fcec0cbd3b82c43d3bc58ae942277,0,0.511439825849061,1
dfc8435ab8895991fd803dde724f18fc,0,0.5114347640176259,1
924b585f6c30a1b3107ce437e1de47af,0,0.5114293088601749,1
1867b5bf33caa2997586605d075f4f8e,0,0.5114002669865261,1
cd25f58935dc8fe6bb693821ea1cb426,0,0.5113335284569083,1
9ba98a3b2aa42ee6dcb06da4ef7733c5,0,0.5113120785922035,1
66b54450ecb6e435d205711757cb76f2,0,0.5112883032151315,1
79efc9cf72a5541b50300206e6e3642e,0,0.5112861049286549,1
f4d29fabe2a1639d5ddabbc4c32617c8,0,0.5112621601392081,1
da897b78bb29cfc840f0cfcb769defc7,0,0.5112379545351655,1
9806a96016a3996fc646461148c7d1af,0,0.5112187588266045,1
933d3e8d1c032768e1a0a98e2fce65b6,0,0.511211063837255,1
ab7d4635c8ab86d344193003bb913287,0,0.5111982687565586,1
058d6b83ce3623b02a4eb4e30e7dff81,0,0.5111768283978367,1
302fa928cdbffbdee2312f4d92de1974,0,0.5111286498192387,1
d4012b60353a88a25a866f83e5201686,0,0.5111180531634971,1
5a6ee664ac58f92ab168430a8d60af0d,0,0.5111107180005908,1
1098a76a6dfe7d525b51ddd8903d3248,0,0.5111100117323346,1
0fd78845b572a38abebfb7418be19650,0,0.5110863062886337,1
577c584d4e793648664d7b39a561d6fd,0,0.5110630353245476,1
407a0311c65a4dd0206f479d59ac47d2,0,0.5110478728600719,1
69625f87b8828043516f9ccc62f8e7ef,0,0.5110376547592993,1
ecac56d9705ce56fb008e8eac521b1e7,0,0.5110269298607132,1
1742c3da0133b19aaa78828d024e69b3,0,0.5110015171292431,1
7c6b2fc91c2ced8d8142ed5072677359,0,0.5109954866454113,1
9aa3a539ee32f0207d5e10354d29c1be,0,0.5109869303568998,1
ecac0115f3d5db1b8336990cb105d307,0,0.5109746913292322,1
a1f237d95266d1e99d17586335debc13,0,0.5109746913292322,1
ab56d7563ecd7aff00cb5fe00db3dd9d,0,0.51091462499866,1
a2687a5a8f7a11752e0361aa0130d3bd,0,0.5109067241465148,1
8941275a22aa22387584f66b3475403a,0,0.5108982595236974,1
dd60451acc6ce301074a48a626b220ef,0,0.510897257626025,1
106f5af6a07fcfbdd30d0b9dc7c31195,0,0.510868014628082,1
7958596630af55cc19f381713019fab8,0,0.5108442745147561,1
134b92863209592d2a044777428cc711,0,0.5108319182580884,1
f31b843c11a4d810ef4517f0fcaca69d,0,0.5108274279790127,1
f6a32c842b68a86a92045fc0534c0a3d,0,0.5108090676659742,1
c9f9a1ba4ccd2044e49573475182614b,0,0.5107959128394941,1
0ebba4fc9a92d220d6f6119272f27dd7,0,0.5107799632056423,1
4c2901048e61af2c43811d47287dc1eb,0,0.5107721736613028,1
d9e9e81bc50c4162ab652bebc95fedca,0,0.5107698706151469,1
7df36cfafb2967a9f6fb8b0dc9b9b951,0,0.510730716149761,1
466731c3fc40a57fec44f98e97e1a55b,0,0.5107240776503014,1
71c3cd6c6787873b6f09bbf405c8cb4d,0,0.5107056139126221,1
72ecfbf8c6283b2d1442feed255814a6,0,0.5106950420844882,1
82a7dec4fddec9bb2e7bab5fda69245b,0,0.5106912916073083,1
bcdd58bcdd3dfb5efa50b742f6f64c3f,0,0.5106472880904582,1
989dc924134fc2704f3853afc960b51f,0,0.5106460798697198,1
4d42230cfc4f53bf3340d0ae9bbe620a,0,0.5106341127110341,1
3046b0bd43b0ea4bc6d0aec70bc96e9c,0,0.5106313140843705,1
a4435fb7411c6506faf957313739d4bb,0,0.5106044699647264,1
fb8b66219808090a349470966f874266,0,0.5105930887397686,1
5882e10ed75dbb86ed6b62bddb146e5e,0,0.5105746463303328,1
79d7fed102aeeebb4d0ffe17dd2ef88c,0,0.5105636433154714,1
fcdb597e82074d5a0c89a0087d246332,0,0.5105326900038135,1
54e1f666a8e47e1c375543e70477a863,0,0.5105270220492779,1
2b985e0810e7227d5f1b7d48eff8672c,0,0.5105173296330583,1
763263570fef404b7201e1172dd23fde,0,0.510509820720452,1
3ac899172053ffd1ab35652f42f57626,0,0.510489664784531,1
b92849e880ad7a764b285e7689fcff65,0,0.5104861736094247,1
4b9d939efeb17c57739ab873b2dd8b44,0,0.5104847247730853,1
40e0ba58cd42a3472b7c726bbe0243cf,0,0.5104749504181789,1
7ad6aaf3b7b0ef9fbb2b3403693246b1,0,0.5104532044370148,1
bffe21e5fcf1018f69c5654bb45ec1b6,0,0.5104164273215347,1
82d5e330a81a4053bffbacd7fee07db5,0,0.5103832496685861,1
36c78d937ff07582adc957d4e91e8242,0,0.5103745282764722,1
a1cb1aa2973cab771138697b3b39f311,0,0.5103706448865409,1
233aea00278924d5e47ec03b2bcd5ca6,0,0.510367443379234,1
4993ac622709f72e8eae01b5878e5c4a,0,0.510366197165023,1
56dfd0cb7bce1329fe8f4766746f0078,0,0.5103553649475954,1
6950432d0232ba68b4f233b6d8f793dc,0,0.5103527192469924,1
d96479a05c2e0ada7abb517933eda12d,0,0.510338994186804,1
aef36fbff4da2bb3001ef080be790872,0,0.5103334388870503,1
16a853c27d847b8331fc1995a143a9f0,0,0.5103327526319005,1
e3535a0059a01d1364e590fcf9fadb1b,0,0.5103187697160554,1
2eb2e86da92529026de1ea7bdf2774b2,0,0.5102907461262322,1
3b89072eb40baa6595e30a2d4ed1f4da,0,0.5102755003387189,1
0014a5a58da615f7b01a4f5e194bf5ea,0,0.5102611399961418,1
1cb4453be744b195f3476f5fa640f085,0,0.51025622671338,1
49e7b8b9e0340eda3efe286a8c35e77a,0,0.5102562099523552,1
522631e0b122753d0330b966b90f6e2b,0,0.5102475798808571,1
1315e12c5054350e2028376bbbbfdaf5,0,0.5102468529849635,1
5840f5f059bef65fc6f3bf1f4eb48e98,0,0.5102225665794554,1
d56262b31368c008ea34519b2e198f9e,0,0.510199339323042,1
5caceb4dfa28e13ce6f9c0d3b4bd0c50,0,0.5101922049765432,1
396f21a331498465cd12c91e57a394fe,0,0.5101870898414161,1
4a8c75646092edfd324a23a675d515ec,0,0.5101662906980934,1
b0ba54f5aa2dfde39043ab0a7e572bc5,0,0.5101453874404942,1
e57af309c40f1e310fbf11e8374b0c32,0,0.5101426872369993,1
e85795c9280a6da16dc81533786c75f6,0,0.510132622425277,1
c230d0a507ccf302b339305e2acf3376,0,0.5101068249516787,1
969dd25b9d814d90fcfc93a163ef5316,0,0.5100807257994889,1
4f850254107aadb9de64a3729c078500,0,0.5100724554041776,1
1a1e56f521a1feded118e92420d3d69e,0,0.5100678356149989,1
25273a364003c6166d31e55f1a26a753,0,0.5100494196109695,1
37d8cb15f748fcbfb0a8f2155bf93b69,0,0.5100459360917919,1
4fc02b98d960de14b0f8bad5fd16a034,0,0.5100398973837086,1
447b209e152bf4f68522087b3076b069,0,0.5100283663145266,1
c07618bfaa04fc9fa7aabffee599757d,0,0.5100277950601442,1
04fab0f0f931f86a5d1eecb8103f2ae8,0,0.5100258640881048,1
2c99c467102be6c281308ee4145914a2,0,0.5099628847654412,1
057aabbda613ce138603880767818b6c,0,0.5099600727779076,1
25f4b3010f62d81c186b611fbda3cf1f,0,0.5099369245186103,1
f102356cf5b739abd755aa98abf8c4bd,0,0.5099330902842522,1
0c7f64065de0b9e719b025ee069d33f8,0,0.5098789070413391,1
274add49ab891c9ce9a13d26d64daad5,0,0.5098646490490055,1
68fffb8a01663d5b45f58783f80528af,0,0.5098643519675015,1
ccfbe181ad7f0c105f43d0e0ec6b1acc,0,0.5098380045267079,1
09a3f87b74828b274d73ee9dfef43b68,0,0.5098156857803867,1
1ce6662e2bd2879094fb4118f6b2d578,0,0.5097856063273997,1
14bbd23c314d9653f13b574ea424290f,0,0.5097812727559978,1
e734176df31b8926be45dd4df2ee30a7,0,0.5097799365685729,1
f0cfb215c2ab08fbf7c3bdc30436ca23,0,0.5097319757230946,1
b3e368643782a907d9dee84bb01205c5,0,0.5097160519148328,1
e1f9aa04cc44070dd501b7293b0ba857,0,0.5097147190292319,1
9ddc4fab5c2a09240c340b84c472d044,0,0.5097137355582909,1
053ecb96d108806e8119d8738e4e13ab,0,0.5096416412469692,1
663e8183eb7e051241a05f44dceaa436,0,0.5096383392531886,1
ec017641dea5a238f7dd66c1d9a58c2c,0,0.5095990561073234,1
e0bcc3b065d0f1e7d683c3a5fd86808f,0,0.5095726676186243,1
035462b7a8b9d16de18102b596a17a1e,0,0.5095631853415711,1
b95af8a1e4210ac231669877aff22962,0,0.5095346993427667,1
12e9ad1112af594e0c1c86a0db047905,0,0.5095280746243943,1
60fc4b9636e847212b8c69cc13f4da82,0,0.509526829762132,1
1736664fe4d3298a7f8f0f637e3b29c3,0,0.5095042469905009,1
5553a7c7bebd1de19f50e20a851c5eab,0,0.5094826455139582,1
cf5948fa9a726717b2264b9acad4f7fd,0,0.5094682878123344,1
88e7bfd576fd00983d375746cdcac123,0,0.5094624517318456,1
bca0b12ed584317fe29ff38a29ca03a0,0,0.509446181105701,1
d01b0183b3634ffade06cb7a006826a2,0,0.5094434341065266,1
dda90bb4c938964d9a9a6f30258e0782,0,0.5094335048574837,1
ba66b6edd0756a62cb11be4d4655ed32,0,0.5093993821362985,1
5d2199b8c1d82768e7fad70f5f8730fc,0,0.5093792987264109,1
dfee3cc1dc586e9da95e7579be5416e8,0,0.5093735636295519,1
196d08c72c20b988906504ff7e8182cd,0,0.5093572497543937,1
1f66a12aca6f4ecbed2c0628570e81ee,0,0.5093397726942602,1
3f29c19532c5b77b04513b4cb14e7364,0,0.5093318087699341,1
6e7502bf4286bd57745a24a55b87d60d,0,0.5093102707056709,1
48a174140ed74945b5caeda85815e092,0,0.5093042811191926,1
7924945bec858beb74b38f9e1345d40a,0,0.5093028667914411,1
08dcc3c495afe4738a4562c5a1bb0fbb,0,0.5092876113330096,1
6c7a57b0486ccff2607a8607155d1b46,0,0.5092690007501859,1
10491105a622d97644e056491929b67a,0,0.5092681087746987,1
a26111a961b62d286a2ad9ff967b49e9,0,0.5092648819573037,1
63b2513aba069664cb6c73102ede2811,0,0.5092546792853666,1
102ede583b4c21f958423ea7f91d3b87,0,0.5092515973637591,1
c2a444c39a2d87b50039f910db917e3d,1,0.5092400424592326,1
3cb7760625ccc233fab4e975e0a9c5c1,0,0.5092096664031651,1
da2bdfa28e41c97daf9e8cb2749bc30c,0,0.5092075160487287,1
5ddfdebb80d2c8965c0d579fb8394c2f,0,0.5091922708870213,1
9685725a8618241ee4b44021b972f3eb,0,0.5091752326543343,1
972f2cec81a1ed8f5117550de1997853,0,0.5091627554647296,1
cdec8fa1bbffb216759b74093f0a1211,0,0.509153085144048,1
4fa7071a973d1742d80811f42c8a5a58,0,0.509118652553776,1
f79c969a1665f477201e86ae6e036c30,0,0.5090509636310047,1
53dce2fec3b6c2d9a8f0d7f4ec30cad8,0,0.5090239527453031,1
7ee3337a3e560366f3afd608d006e5b6,0,0.5090039306632089,1
df275a92340e266588f198c579c08850,0,0.5089959530792051,1
19e6d7335d209adfcdfce3210b7f6433,0,0.5089909569877126,1
dc995e402b2c0bc50fd6806abc56b662,0,0.5089907385916037,1
e603b5ee1479cd04670e612bd2efc91e,0,0.5089790071160487,1
474850578cdbb716a9629a183d1276bb,0,0.5089667957347968,1
4fb7466a20c5587f2b4d6716ee6cab92,0,0.5089646790861245,1
47f17fe9db875f5bbaa70cf314b9810c,0,0.508957185253357,1
cf090c66359b7c942d615d469ecb42f5,0,0.5089447842637334,1
d4fc20e1e64c163d80e25a900d9c26c3,0,0.5089343319250694,1
be3d59feb3e9844f2a5236cca7ea7529,0,0.5089270484313805,1
04701c6d028551e35b43d6a2b181411e,0,0.5089255677141676,1
018c9bbd7d61c91f2abf3cd77b5010ad,0,0.5088975581545531,1
1b583b6ce0cafcf4c8dd8a23e54e07f4,0,0.5088975367855011,1
60712169d25fa7ea44368cdc127d15d6,0,0.5088716463951504,1
273d136f7121c493a5c994c4838fa350,0,0.5087998418508864,1
6fc8237e40e4df95d3ca26b64fa16e57,0,0.5087681476094174,1
de424899ec8d4ebbc30111e35006eac6,0,0.5087479407944837,1
05deca1c689c7d6d251146fbe36d37ae,0,0.5087282185098368,1
97d2d110e335aa62ef0e10d09639373d,0,0.5087150842365765,1
39fec3e583b5cc60d2de505e090d60a1,0,0.5087114688468354,1
5745c77a68b16104f1a3fc9622ba0ca2,0,0.5086951504088899,1
49a19cc71af5703aa8e8bc87349e4c40,0,0.5086923405018289,1
7054e79879f847a0db584ccd27f1cf9d,0,0.508652732710882,1
14aad6719aabc250f03de3beb57ad2f5,0,0.5086446016264004,1
54688ac015c0e130a8e00a28cc34ff92,0,0.5086223769292897,1
c5f0ff39ec5c786fe420616211df95a1,0,0.5086195041068814,1
8c78d2fbdc7623260f382da235ed8e1e,0,0.5086191515124787,1
9cf60f4109040cf85537b7e9d4f91af9,0,0.5086133308800309,1
02f497cc7dfdd937def02d2359f93f8e,0,0.5085951357557158,1
639d81ef92e376197b38521f0dea8f15,0,0.5085910582513238,1
10af83dd4f3867bbd37d9614fbfb0394,0,0.5085557194170138,1
0ec73777b439e9015001fabba94702b2,0,0.5085540907533772,1
c860357db400d72a2497064f8376fba9,0,0.508538088485909,1
9b2603943f002e297559ef949c629d90,0,0.5085265413276232,1
4baf96082c76ab851af408317d7f6a7f,0,0.5085181390985908,1
a9c34d981273dca06c1bb6ef0beb45a4,0,0.5085157984951615,1
75a1b709c42d291828338fb543118891,0,0.5085144981949697,1
a99a3ef19e64129c4a5004d2bfacc9b7,0,0.5084728513121263,1
b16b36ade74a3e7101bc2de76112014e,0,0.5084702364735754,1
6941fdc5646f577beb9c6258cfa95702,0,0.5084674719471188,1
ed776320ce6ea9a8ecbfac4bd91a9b99,0,0.5084363837594342,1
848375c11eaf08084706022c3efccf16,0,0.5084330345689341,1
9a7741744b3760e6ab42c893d1dd9537,0,0.5084188104722841,1
f608ac0878b1a4edd6c861af42ab3746,0,0.5084162151894063,1
41cdec60499a15f95558eaddabee958b,0,0.508390771782847,1
200c660e772c5276e0d0216dedd8ee3d,0,0.5083877995794425,1
5ec1a6a0a71a856148e6e64e9a5637df,0,0.5083826654869784,1
903fbb42dd3425b72bdd238a0cb18d4e,0,0.5083702555438495,1
0c7368c88a4d7cda228e3412bd2824ba,0,0.5083616656403651,1
75a7d872f548c66b47649a8ac547ca08,0,0.508333090936037,1
e74047a9c3d3695325da90d83efc6e69,0,0.5082980161552779,1
5e871c9a2abe08c6315f3f922b7043be,0,0.5082959102943736,1
cf76ef4381eb93e8cca57ff7108cabe2,0,0.5082921873604396,1
f9e44288d7a756814dcaeb9150b44ec3,0,0.5082921873604396,1
546617cb179bc267054ed9e5b262ce58,0,0.5082693406837046,1
57ea1093083f5108f87441bc93e0a2f2,0,0.5082655856243491,1
b01bc12620632dd4e72e5193ca55487c,0,0.5082611760989036,1
cbbaea5202ef9862de6f593cfe06c23c,0,0.5082058978809703,1
52249ff58b2ef32c202058fc2d1ba75b,0,0.5082025952513712,1
ca586865f7759887b50a62112bafecb4,0,0.5081916820079253,1
dddf150df4164dd49f6c7a86c9420520,0,0.5081731885009585,1
7bf3fced4decee3bc4cf1917acccbd24,0,0.5081720693886385,1
0f4fa7085026f7954741aed96a172814,0,0.50816118444451,1
e3e39a09d1b8ba13831288a02a07f01e,0,0.5081430081435223,1
b14ef688a7c1a52e7437298085d9d62b,0,0.5081279323323338,1
73896b36312ac201e74c93940f96a12d,0,0.5081104470693791,1
725edaaf9b82ca7fdb9545c3e913f46f,0,0.5081090907130905,1
bbf69339c712d7d92bf0696c77d066c0,0,0.5081048598273148,1
9222157eec2fcf0b01e35ea4fd5af8a5,0,0.508097098357885,1
e59f8d1e716e53d3abd8c08169a49448,0,0.5080442327742418,1
dcd45e62c1f94ae100f32d88d5f14953,0,0.5080379019779901,1
adebb7a05c428c0b6330f96f3b7f0fa4,0,0.5080108266241582,1
19f5acc3c5ca87411b38a8e942106fac,0,0.5079995705669496,1
b55c4cbaa102fdce0375bc2a92ed4bf8,0,0.5079823296739484,1
97fc8d4ffceb37b85a1286dce44c6a7b,0,0.5079747437658191,1
920ba00727d0508bdefd4168b3a81cf8,0,0.507970027187259,1
68d6c4ef811f2285303128068a4dea15,0,0.5079191967776913,1
91abc55666d21b694f943f540b4a0fd8,0,0.5079147059955683,1
431af5c5638973ed6e431618f318a0a2,0,0.5079143992367142,1
6cd07bbd1c3760d6dcc3320bead6c68a,0,0.5078727437473741,1
af12ef07bc82c2f958bb5b12384be27e,0,0.5078588353432386,1
728bcc9495f951828608dbbf3a7e36b4,0,0.5078525977478231,1
40386918bff25787189628d04176f7bb,0,0.5078407465784777,1
7c5cf4c9fc3f23aa16e9222e4ca63f24,0,0.5078254834795253,1
c5fd9718cb1791bbdb9899214055f991,0,0.5078126061327624,1
a19e3335e944804a2f8b784062d55507,0,0.5078115905738276,1
cca634a5e8cffea413f58c8c29324d41,0,0.5077934898753074,1
962cf08788e53f8b6657b8b346ace140,0,0.5077536129350856,1
7cdd3f520e6101b32546be2e09b22fe6,0,0.5077360786491028,1
ea652b60593a6fe8fe94633ddafa81e0,0,0.5077357294251356,1
fec3ef9962f5525487b628a58caf638b,0,0.5077188143274773,1
3ea35d016eb96bbfede151b359b8da8e,0,0.5077149530659891,1
28ec5bbf2fc9dba70de0e7526ce2dca5,0,0.507714456199639,1
7f19969cfcb4eac68301530c9693332b,0,0.5077050596073243,1
3c6934aa81e9b87adc82413bc4617873,0,0.5077036690624206,1
e4bbcc533fdf3917c56dea2c43bf2084,0,0.5076836831528302,1
55c276c1ea907af3d8693e344a481f25,0,0.5076641220588539,1
809cae6799909f9cd7c3e7cf6dea2193,0,0.5076594345988675,1
e72db37a1bc35d8c18f8418932602f32,0,0.5076550856829937,1
1442fcbc506358b976d780bb7dd31470,0,0.5076445154878994,1
7fbae1934dd59a12e1a9dd69e7d4d723,0,0.5076418186889109,1
f94be6793b2753d7cae83ebcd73efcc8,0,0.5076131173701759,1
13482d6d131905c55ba490e99c3f9769,0,0.5075633465796322,1
eebfd4c05820f493577bde5073229808,0,0.5074990950389173,1
fc58e93ad5f2daf2014c8d138813d1d6,0,0.5074551106399141,1
0f5a5218812ded0d641b87f580c47ca9,0,0.5074483451339479,1
c33083d8e5fc4d5367286d199538c49e,0,0.507445541268801,1
8e4b1a0fc7bcd6d2e2513229236d56d3,0,0.5074430283658019,1
5cbc208c3c4c9a4c7bb48a44b00e53cd,0,0.5074331921848797,1
7c98c471818a9d2284585645a69ff8a8,0,0.5074090569086027,1
9bfbef471a31f137c04d9e5710fb31d6,0,0.5073821714690134,1
bf5de30091dc9930de23dc94cb024ace,0,0.507364314661342,1
5bf9347f1623a50060ce723051f47f0d,0,0.5073573506229532,1
123140aaffe0f903df9e441889b1d27c,0,0.5073563781696222,1
2473904a8137a18d62708aa89dc3b7cc,0,0.5073559295924324,1
2f2fb0ce185e0a8b0f7b54b2a955ecd2,0,0.5073240293219079,1
d185ee4a02326d41327c9f64695397eb,0,0.5073159971899054,1
41a3c345425d98fc3c153e5036837abe,0,0.5073140335512875,1
3c00dc27be37b3446a1892577acd51ab,0,0.5073128811275588,1
97c4e515366dff570902bf8eb583d4c5,0,0.5073110297153228,1
52d72eb3fe4a891ea96ea1d1df1bb094,0,0.5073093057240146,1
6a7aa34b19aa299c7fdbb1a2e0789ae1,0,0.5072889144066373,1
5fd9a899039fd7777b528f91e9f20ac0,0,0.5072873011970273,1
e404115ff39e5242084948aa3e824953,0,0.5072761733256849,1
9d754b13742765ad035529754035fa71,0,0.5072374042617442,1
94650d7da383e068577b1660616d3372,0,0.507218031035499,1
cf3db5f5b177a58fdf0e5c655a20fbd3,0,0.5072116038473956,1
f5928063091f4f64c66c07ce11f60876,0,0.5071941836145535,1
f4ea7e02368a41f87da30e5e64db8c7c,0,0.5071648171232703,1
ce2e0ace655301bc4a8cae4abbd8c0a2,0,0.5071640767860726,1
c8744037ef2ea3d73b723e9ec68997e1,0,0.5071330036071946,1
29c683bb068ef4f95efb6ab8a4883ae1,0,0.5071233745841047,1
4fd70d556edf5eee86f91e1cfca6c02e,0,0.5071214781030482,1
2050d9b9721b1e61a6110666d2b2a2a8,0,0.5071146629879932,1
3d324ba7a5056f4509b6becdc19b4874,0,0.5071079485979192,1
ae73e56ba8036a8511d51039745ea8ee,0,0.5070993703488623,1
fabfe393bf39d86d31d45030cc2d8726,0,0.5070973783364601,1
19314dd514d8043d33f291a74db7fc64,0,0.5070699403057501,1
dd561d9f414811c78ce8723b8576b0aa,0,0.5070336564187613,1
09882ed5bda192dbf6d9f900af2cab9e,0,0.5070109063990814,1
f2d7e42571dc36cf945d2f671c177cc3,0,0.5069960445547507,1
c8ebcbb6e3035c1bd92d6b7de2b9a4cb,0,0.5069286155531989,1
c6f0312aa82a94037ea3c4d59bf9c13a,0,0.5069070216489083,1
0cbfef2a5a413995fd2caf018c7a26c8,0,0.5069051280219061,1
5b3b3bca0040c9b6b75ff16cc7d4347b,0,0.5069006017231358,1
72f4457edfd9a30747e06bdcf34882cb,0,0.5068932019380495,1
5ee21911d38397200eff1595874c66b5,0,0.5068899100669173,1
63a3b7ba2c46b188bd6fcd7c7ff95e4d,0,0.5068806179138201,1
bd52485d06bf58d4601c482697b5d9cd,0,0.5068680996788418,1
126b8242dbf9a47ac84145b2d40f129d,0,0.5068523899904307,1
803ef4dfb95c9440f4e7809eefb90f5a,0,0.5068459522232823,1
746cb64489db5b37e7d7502a2b029bb6,0,0.5068431627890269,1
d98353d2d41f1ed404991d6a4b5ab142,0,0.5068283608683627,1
7c8f8d3ff715607148146c64ecb64b11,0,0.5068065235199813,1
4c69175b81fa47d0c45b98aa8dc3aee6,0,0.5068005455609805,1
8324c8b2c517c5039e0be3d5e63ed881,0,0.5067939719182486,1
44f0ee6c3bf46e4ea20aeccfef9b5e6d,0,0.5067834591907278,1
48013bece02a36468d9765120c6d2c64,0,0.5067545851880079,1
1579c33908bf3784b501d8f4014079f3,0,0.5067475562374181,1
be59b332f5ba71786335ccafbc7a3bc8,0,0.5067360290832363,1
3497996a8d827e81515149d746a4c9c4,0,0.5067304027721153,1
d5190b7d9ad40bdb65be59876a7398c8,0,0.5067163032884011,1
7ab32f5a014504061b56ada723666c45,0,0.5067107599395508,1
014e4042a6b3ed0b1a6cd14c7639bb84,0,0.5067079154093987,1
cb8eb8bac1b1e4a0906a9904dc662d1f,0,0.506693587264392,1
2a6fa2d06c29f25077fe074269eeeda7,0,0.5066860216762629,1
5ea2173f7b46070cf9827102aa248c46,0,0.5066803105896173,1
846d4b5fc92a186683ea4d89723294b1,0,0.5066722931874255,1
0d7458090043dc830ad0a986f3ac2391,0,0.5066721114952155,1
94939fd11ba6e9d9891ad1eef88c4b7c,0,0.5066667365014778,1
cb6c75ddd9a7ac37e415e30ab87607ba,0,0.5066416739498454,1
7ea75f24b48b0d129fb3bc47e9510ec5,0,0.5066213988249602,1
d2d9b07f558db65696517838605cffd3,0,0.5065986643965426,1
bd155cc5b3221f71c92bb6e61318a2db,0,0.5065673908414562,1
bb4a3c7e3bb5e842c83833cf1e9abcd3,0,0.5065591828899203,1
5d4426f75a3df246c4e069e713ba214b,0,0.506558392024677,1
b6b82bdcc537078c30b507632309e9e1,0,0.50655602774505,1
6993cc9545f03b4080afddbf06c2b529,0,0.506537005382316,1
6de78a9681ca952a92d3bca63e44f9c4,0,0.5065254272058354,1
b0aad0b7003ea9500a5635383fc123da,0,0.506523472844566,1
5c6753f93a60d6b51595d2c4804247ea,0,0.5065179401820628,1
15fcdf53d7a8d73fe5e95abe5d965b6c,0,0.506517737813736,1
4e6588068c000d6f539cf24c66a96816,0,0.506514169324556,1
e46db758bd153be8a899f01cabda7612,0,0.5064759378034339,1
f74eaed533215c3f83c9a134eeeda378,0,0.5064633956395186,1
fbe8f71f1b22c564e43ba393205b96a2,0,0.5064491515232538,1
16bdaa5e2c4eab5737d1b2f8795deda3,0,0.5064376878079088,1
1374dc8d69e00b2749f27505a5eb4e2d,0,0.5064144530087399,1
901a3256e6c9c3dc7a8dcb183e6dad6b,0,0.5063972348849862,1
0f0a9438a8f4fb6f9fd50c0df502ae0c,0,0.5063947779355523,1
b5d8ff82acf8a538e18e889d7d348db3,0,0.506394682606555,1
dfeecf0721d9eb12b7b76584d9577d6b,0,0.5063908894553162,1
a5084f04f2923a01f685a0315852a13f,0,0.5063815903923563,1
fec815965dfefb4e300b0c835045b021,0,0.5063808247463454,1
4e86f6830e5b5af7cd841ccc67f3c28c,0,0.506345018194572,1
109971a30c3389386a20317f9404f0f8,0,0.5063394195847132,1
cbee402ebf27180c0e3a44eef1b0b9a6,0,0.506337357751378,1
19348c367cdf408ea7735a14ec5cbf4a,0,0.5062924774270493,1
57b6dc6d57b7e7d0dd7cdd700e2a054a,0,0.5062879589445437,1
8aae1fe1241741cbc1deec6e29998065,0,0.5062773881991796,1
9fc74175f571140da6c160cb27ffed4f,0,0.5062223596307215,1
466b1409c8963b4d1cf4f4f9d9cd4a49,0,0.5062077951616254,1
3f5227d5682445d819eabc3fddfe4924,0,0.5062051734889702,1
d21beb0802dd046077afcb505173bf2a,0,0.5061956553288816,1
16057c553a0253c88667ba82747603a8,0,0.5061955774439127,1
a54b7205fec227b09d408fb0540b5ac5,0,0.5061805048929446,1
6754148c51287b35457237b6fd564aab,0,0.506169466801635,1
9282408e424d4cf8b36858a94e2ce195,0,0.5061606838977241,1
60ea0771f14e51067b1898ff994cf261,0,0.5061488581782917,1
fa21431b716d66188178faaa0cc891db,0,0.5061334523025526,1
da349a3fad7e11fe849673f52aed7a24,0,0.506128247761697,1
0c4d5f349e9b28aaac6257e91f58c170,0,0.506122828006774,1
885256cd91b1eee5335730369546f0d3,0,0.5061227793488038,1
2053bd088d06f058aca86da44532cbda,0,0.5061106543317875,1
90f9795148ffba638b835adf814fd955,0,0.5060867349952969,1
64c6e555131fe9cdb286bf6baba3ee89,0,0.5060867349952969,1
57dc7b74082d29fa68993f6577d6b3a6,0,0.5060438432591429,1
ee37c2751faf0d5964a8e2a67aa549fe,0,0.5060352450894829,1
fe69db51b44ea93a2eb9cd875ed35eba,0,0.5060336439386041,1
c3b229a46d7a7e2f9d63e06536412910,0,0.506030073766329,1
18732136dfb87593d4915dd33b402350,0,0.5060226445372489,1
0c9370f31e3bf20c068a9d9ada3ea903,0,0.5060193442791212,1
e5c9e7ba2b354b23d0757da227ad336f,0,0.5060023838236144,1
bab7e41f034fa5ab6b80206fcf8c6855,0,0.5060016444045543,1
0f443541d1f2127075eba13064a7935a,0,0.5059629169821055,1
17752947437a7efb05a21168f427abb5,0,0.5059448799061077,1
1e7c82a4566c2e1aab297d754e9f360d,0,0.5059390194141007,1
554753696cdfd4aacbe9780bf9630536,0,0.505926612012777,1
500916dd05e1a0eef077815b20b9b644,0,0.5058700657010244,1
938063f64193bdd8a8a87c902143373c,0,0.5058613910854424,1
333116644860dfd23cda707c267686b8,0,0.5058274873097086,1
1d7551408f01fb193e14444f4d5f3e9b,0,0.5057608561262471,1
d9ee904276e298eabdfd0cdb2f03d7f1,0,0.505744547047437,1
2194fa2c1d46723439ad0987c5ea508b,0,0.5057369924178181,1
0f424f4c18f96da61b1ecc28281a319c,0,0.5057193799737831,1
20314b19b26b9f940eb42b1894d8839f,0,0.5057026998375138,1
e79bdfb1975088838e230df4d810ca45,0,0.505698624379841,1
cb694820e4e7256f6a48267abbb50882,0,0.5056943475122471,1
8b9c297f4874622ea42c249bba3854d7,0,0.5056798161942445,1
f3e261bf718cea11c86b06c85b74aa5a,0,0.50567743743925,1
0849ec6b60b2eb0524e162019b1e1fa5,0,0.5056714196452881,1
e69c664cef877ebf383baaad71573e5e,0,0.5056671924282498,1
eef4124a069b9153b3a5503a20ef3e2e,0,0.5056380561712839,1
97f33c3c715c866be7eade4186a891bd,0,0.505637614492445,1
703fe4f9481462533192e56799fc9fd6,0,0.5056249988065685,1
59fb2024ddd74c34d16e3d51ed2960a1,0,0.505613722067569,1
a695332469eaed4d7e8af674d1c0a7fb,0,0.5056074829877423,1
9f206a10a101fe1d9106dedc3f121144,0,0.5056021860895451,1
8fa933b4aadaa7d2c9d6ce7e8d698555,0,0.5055902851314497,1
05395d5194f09d9fbd21d2215faaef08,0,0.5055877248881128,1
d99fc08319dbc8845e2a114877462ff7,0,0.5055608333392492,1
c99b4eacd5588b5793fcb33ef48a7653,0,0.5055590038714362,1
1e24bcbf79c2fe9dfbfc065e1a6c4780,0,0.5055508783700077,1
3c5cc98c5d66e9df468a1149cea5db2f,0,0.5055465031375148,1
8d0f0b9706204fc3c419ce5527e8beb3,0,0.5055075453471002,1
4993527f520f9dd99e490df021618750,0,0.5054678319234736,1
838accaac392df91e07d025f32ee9634,0,0.5054641365792004,1
3d7b5cfc78529ca32eea645f2dee555a,0,0.5053982540367769,1
4738f449248109741f9ef3971d2d18d7,0,0.5053894409322874,1
71eddc0e84d970a4800bd8cabd71dea4,0,0.5053776245930117,1
be64d04f720e2c424f8d0e15765c1cc1,0,0.5053642040885634,1
22afa4cfcc43dc48b007397284d0d863,0,0.5053192653108337,1
8acef68da17b8023883367ebeb54b7e9,0,0.5053047753465402,1
14a97e01ec1bb2f553b2bcdc510744c9,0,0.5052809042160844,1
31e0594ceb5bcb2f0ab698a5ed2bb0ff,0,0.5052635186589021,1
e360b6b7973064d83141753fcbb1f22b,0,0.5052344085637787,1
09318c4f5a667aadf90326318d402946,0,0.5052138321979478,1
d25999d487a001a3720ccee1c853b257,0,0.505213029379625,1
e95604d9da7d8c72fe4335fd3ab9b292,0,0.5052117707144559,1
3d914d0c5f629821a7239567f8dcd139,0,0.5052016371331577,1
a9f4fbc878a70927bf1f47612987c8ab,0,0.505187500133146,1
7708be0184a28acaf3d4b9bb7bb8dc51,0,0.5051599202031363,1
4c80984a6f5737fbfda85463d82823d1,0,0.5051457516221751,1
935e4619ea70b3f57fa7e46d21387e5a,0,0.5051215860828047,1
b85a5b9aeeaa99c68fa77a2f62ccf744,0,0.5051105591087162,1
8a92424448e3a0e513968a6b1a565c11,0,0.5051076537047794,1
202516dc06481598c2cd322fe68f5ddf,0,0.5051047267920664,1
5cbb48126229b0f4f6f000dd00c8b698,0,0.5051013458434207,1
5b4aa71818edd3af90c3118ff11eaf6f,0,0.505095050030989,1
d554e471b3bbb124fba7ba2321fc2e96,0,0.5050894441770557,1
f8aeec5f2aa9a0c75a9f71140ab94cd3,0,0.5050887229283502,1
39cf8faf26661df0e27872cb60f9bb50,0,0.5050783139254139,1
d806b2a50d10abd760f44162c49eea48,0,0.5050743861789668,1
7281c10f5d4ddc198070f2b6a09d7aef,0,0.5050652951264738,1
f8b06667d3fcd80d576c5402652b35d5,0,0.5050454439405073,1
5178f6720d4bdd39cbe882321a37cfd2,0,0.5050440130447501,1
0cb95f1e2d716b9f4cf002be8cee2d54,0,0.505017813010383,1
131d4febf78fdba6b3b682d856412ee2,0,0.5050058443739975,1
d0d3fd3a6cb03b855223ca07fca00940,0,0.5049897168385116,1
d15093ec7ba3961aef7dc940689a5413,0,0.5049892639320631,1
ecb4681c419c0c4c6983b85050877110,0,0.5049754644092123,1
80733f44df69df7dd5ebcea62371a9b4,0,0.5049685480704357,1
78787e78a8acaf21fb4cf0bbb39b6a48,0,0.5049460404634287,1
f0e4503675216b3763cac5b231b4c053,0,0.504942420130199,1
62f1e9dab5ffbb3c4be216c1a68840f1,0,0.5049341762605538,1
b2ebb0b81ce42f1c76e8c1f100550464,0,0.5049168329000735,1
fc0749f31ad83e47f68714daa6034e96,0,0.5049067170964355,1
37cc3e75e39bb11d75a1982ac0d07c17,0,0.5048865112050824,1
510dda23465adfaed4ba7f32e0e09a51,0,0.5048422565501758,1
dd86b18b85b92a24f5f76f52576b48bf,0,0.5048330349288241,1
77bdfd6daf1f8c734874e469950614af,0,0.5048277373277037,1
48a91a904cbb4f4f4de08f6c74f39407,0,0.5047933829111066,1
a77c5403d6e63616dffdeab9af21cf7a,0,0.504752282577826,1
d08131c06e501d17b901ba51546c46e3,0,0.5047513149302046,1
2fe593f7802e5a4081ae50ec31918a5b,0,0.5047385375364433,1
b4e9b707c8e4df7d8500e81c6e8b18e0,0,0.504728685537375,1
f23f0d559d56c42d76ada36eeb3abeb7,0,0.5047121286339852,1
ebd383b2bba7c0ee97a636f11c3ed146,0,0.5047104920253342,1
00b21d737fc7f475c145ca292832385d,0,0.5047001956580474,1
8a0bf5d1cb7b355fef3e3031608317d9,0,0.5046764585610146,1
6769eb7521ee404d87ac6d26f09499e7,0,0.5046743226462485,1
8503a6f694706c9dd1c3b567ab0e3a19,0,0.5046690153953827,1
a54ff9cb5691f3de0ad67974bbb905fd,0,0.504648120446497,1
447e2e8ba78fb1a08bd071fce27aeb8a,0,0.5046449314384255,1
344141eaf792762726864ba90bafff13,0,0.504642851234988,1
ea0f13c388c2ff9af9ed5b5058ebf083,0,0.5045783641025899,1
ad9f17317092cd1f0c69407fe5e2107d,0,0.5045658942284159,1
c21a03e97ae6aa0c1774a9845a94e440,0,0.5045470465846628,1
2fc5e667ccf2a1c87a798be23f1c920a,0,0.5045374633749384,1
579e29145534444eb1d20a7ce35e3310,0,0.5044745328188609,1
c08179657fa088f274b0d24ac3993c01,0,0.504468544925332,1
441a1955fe5e041bf92298b9f99bf424,0,0.5044661042141891,1
129be06872afc8a36cc1ddbc4cb04600,0,0.5044470791181517,1
94c56721aad10773d45b0edad65be0a9,0,0.5043946228570082,1
79312826c4875b770055b1e977d0075f,0,0.5043940399036678,1
353027c49c4fb3c827f2745b44ebb3f2,0,0.5043902338745102,1
b8d5a24b75c1001495f32b01bb45fb54,0,0.5043658973766697,1
5a16f2e6b635a8b5a137354d7ddb2913,0,0.5043523661860748,1
85c86d228f699747072946cf865e07f1,0,0.5043519380455902,1
49d500030b7cb6787fe3ce9c2bb33185,0,0.5043265949910044,1
2e668c7866b1637ff7669046a2107269,0,0.5043183321602404,1
b01fbdd64c82b0015f3b87dbb57e21a8,0,0.5042910376797837,1
b55fb2799bf92225fc54fdb4cb7b82e2,0,0.5042894067255428,1
4de1b6eea8416cafb949c76257effa1a,0,0.5042864849238129,1
d781325f36e9956627097ee9687ca575,0,0.5042704003330234,1
ceb46be019460f3052bd4f772aa0cf86,0,0.5042537378062623,1
09a08d4d219b77c4ef423941bc0d686d,0,0.5042474861292745,1
5c3890b29b887edd93c11470aa1d0c7c,0,0.5041795102207893,1
2005f0ddee9cf831f31bc3e2c56a3fd5,0,0.5041599579841868,1
857c955ccba8278c84429f96b5911fb2,0,0.5041184872699329,1
96078e4c3a88f57ff511e2ad3ef51f72,0,0.5041086672670525,1
d9cddea150b36f64c9cbdbec1e5ebc8d,0,0.5041021629776538,1
bd4921913ad497847f113328a746efcf,0,0.5040964861869126,1
e95ab7deba0f46265254e71e6e6eb815,0,0.5040699504169234,1
196a0e7f3563c9de2605b2a753983846,0,0.5040577207622566,1
368c9c0dd3a4e5fa331d0a1fc0c1e6fa,0,0.5040411909540037,1
ac0651cf284cc653d37a4d2178ccbca2,0,0.5040361867874673,1
4735373c70fabcc3c705771f828362d7,0,0.5040231167094653,1
5c09246f8bb77c0c244f283b456010ea,0,0.504022931135924,1
3d8f6eef546513dad3d018c20a994ff7,0,0.5040187882257376,1
7bf9c3c4bf8eb97a2c66b2ee15a9bcbf,0,0.5039996512328329,1
612dc2246f3f59e4908bcf6b80825c9a,0,0.5039799620811676,1
83ec837051b48b7b5bd1c090ade0b5ef,0,0.5039269814581041,1
4124240c9ffeddd7074ba3535e6fcdaf,0,0.5039236809247721,1
135635093bebc04b4b89ec10d4994fec,0,0.5039192155103381,1
12373dc83d9c052f14c972f235f75064,0,0.5039033806104158,1
e7799fa3c474f0ecaea9a6d03b60b959,0,0.5038917579634321,1
944b31e72098bf995392fea4debf05a6,0,0.5038601907834931,1
e2a4a22121088fb0e6d7ba3aadb3303f,0,0.5038512363744491,1
61db1b8cb5389823ad0d2b60341276d9,0,0.5038498686457251,1
5502ab87c2ae71e04c15d53f98b68b0c,0,0.5038382128226533,1
56a1bf72414c3241bc94fd3f9b43e235,0,0.5038176702566999,1
8a952080ec4f3f0bdde1dd93620ffee7,0,0.5037928682849839,1
4d881f96bad182e8853def6c3453c087,0,0.5037910296277838,1
39b8513b07dc4cf2299ebeb41fc2c10f,0,0.5037861357503757,1
0bcb3e81d072ed713829e94af9cf157f,0,0.5037680155683445,1
0e6381a288e73b5f9d64ac699533ad57,0,0.5037464656490741,1
1af9e09c5069223f8fb24c5f20fcbe74,0,0.5037384070916178,1
e6daf33c992e2b3c73e692b916972ab3,0,0.5037289589098789,1
3a2681b8e4c9f2171aaade5d578f2cb7,1,0.5037173822747046,1
4783f02ed6fbca3c4e321d029826dbf1,0,0.5037098302243129,1
853fcd181e41947a9c087b464811baf9,0,0.5037043759557908,1
7a8b629fdcb9a6e024b2ccfacbe4fd3b,0,0.503696421815767,1
b63c17b7096cdbd2b1a896ce31385753,0,0.5036673860165537,1
b782ec557dbfa2c05508ecf7f3537324,0,0.5036564820520614,1
98e0f427c57bfb3f1eebab526e100d7e,0,0.5036362229554107,1
290caae6401545a3337819493aaa8163,0,0.50361753328614,1
92c50a9a268f9f35ac5e97abf0de997c,0,0.5036040520873478,1
31c9035341cb7e0645f2f6531616efd2,0,0.5035848735846188,1
9c84075902d2c7cc0a2392856bc5f884,0,0.5035665145464001,1
7e28ad57ee5582553ec32fda809372e4,0,0.5035240766495621,1
1a871dc1de3ae88bf92c8d94ca34fa9f,0,0.503523818166864,1
3333cfd2805254710e2e46f4943d2cc0,0,0.5035179298521849,1
1c9c388b08a7e68a20cff3c7b7f2afe4,0,0.5035139277241764,1
fa3c137688cc2af4da09367d90fdc788,0,0.5035097228609542,1
c2d1e7d0b5c738044ddb4ddb0ed1a16f,0,0.5034979985129284,1
6ee2f345f4f2fbd1cafb6447a6b37642,0,0.5034823019812871,1
3d475d7512c4e0be707b8f092f49e95d,0,0.503459508968393,1
92ec3f8437da666fa8697aa03a148089,0,0.5034552669806305,1
cbfd57ca77942412f139a414e3013416,0,0.5034211335932973,1
a08c31126f854a190f90b423b6423e25,0,0.5034028858605544,1
eddcd62347237badf01afb155eaacc1c,0,0.5034021128344918,1
b62777d3969196b3329205b4d8e1ba0a,0,0.5033940462962003,1
ee0441e49d6a79a3b60f0d56ad879175,0,0.5033915683693683,1
1d1ba2c41bab908a576c10f2f602626c,0,0.5033904199858455,1
5d015eb911244b84cf8b5aedc7fd6f04,0,0.5033892545012074,1
949970123579e8829ddd1ba3d32ac18d,0,0.5033721251447818,1
acaaaf3c264707b8563c243c40481d0a,0,0.5033610653226946,1
d72e37623b48c1e2b6c8a4703a73d2e8,0,0.5033482283274952,1
480ca1a9f688a4c482177efdeeb5c3a3,0,0.5032989752970387,1
0a6d75a522ec78c05b429c2e2abddc72,0,0.503267287182423,1
45fec378a656a14acc8905a78e477cf9,0,0.5032633377855996,1
9bc618f4342f7a10359d134f63241aa9,0,0.5032632169184215,1
bb10966dcf4d13066528b620ca430902,0,0.5032344166272782,1
41ffe05b7ceb249599c73eeecbf19c5b,0,0.5032209631371599,1
cb7ab27579bda3363cb3cc39c7f0bf25,0,0.5032144640620435,1
e9b82fe0de63859e8606d95a923f0263,0,0.5032005951666808,1
3277891bd580550e931b09b683cc4d86,0,0.5031984508617765,1
65fcbdbc7a49aa2464ace43850e11d6e,0,0.5031959053421697,1
9da9fdedc4814415367b1caf679f8625,0,0.503188339201443,1
9040ddc851c413503667ec98f02a7572,0,0.5031355040636448,1
29b5825f7138d1010b5bbfbd129104c9,0,0.503111953356489,1
fcd1b3631dfdcc9d196732a828830c29,0,0.5030680188047847,1
728c6a3b4c03e58b40127480f572dfc5,0,0.503059472283461,1
96b5954cbfd85b822464b6cd1db6ef1f,0,0.503012996074146,1
adea59a1abb5ffb0a7ba18bbaa63277a,0,0.5030042489382882,1
77478d54ce0ee01c276292d8579f478b,0,0.5029988839421315,1
5ba506364a0106b979abf923322e28b7,0,0.5029876346715908,1
bb64161e20ad00ffad5e2df2d5a3a9dc,0,0.5029677474159132,1
ff5fee5ea06a350eb0e9f1fd59776f8e,0,0.5029636931212613,1
558df3ec109ed75cbbde14f3e7620d1e,0,0.5029412952633541,1
23185cfa67fd0ae69594ed8f9abbb4c7,0,0.5029412952633541,1
9a14a8bafa4097a68f52dd678c82aea0,0,0.5029266646972154,1
0367726c9478b302a7cb4b2b67f7317b,0,0.5029002946708158,1
10350b4179fab754ccf7d22dc5cda91b,0,0.5028914293792637,1
05235d1ffbd134eb43c951e1fb34cdd5,0,0.502872010060738,1
eff3ff2aa1b985ff8d7e5b51d96fd384,0,0.5028695661373019,1
252e3abb3ca9b61cab53c6c4a65f756c,0,0.5028586935325032,1
0f1b8ff0352fb8a4cc5251bea600734c,0,0.5028262452875171,1
0f3bffff7387cb92c6abada7908c6e1e,0,0.5028151464740063,1
a014d7633bd0ccd53f42a643c6e43985,0,0.5028067865889533,1
cf9125de408c0b29f2bea0d39a9d1c77,0,0.5027962289358101,1
c840f9f9c5d330ff128d68d8fd543ed0,0,0.502785617954093,1
8dc65474d70bbbe8c488dbe695bd0e23,0,0.5027839357197872,1
c4adaf32cb962c5258f2ba63536cd955,0,0.5027736536913511,1
90dc9fe88420bfa6d4c6fc121b6b2afa,0,0.502770516849638,1
6c9f2e840a0f3b9ea036262c6b0d8676,0,0.5027694555949584,1
15953271a3edb45285e9eda56b41b393,0,0.502749226003374,1
cf30da57bf8666fdef741b935e8ebfa6,0,0.5027444205166004,1
ae1098f4b5a9bf52cb5cb2127082635f,0,0.5027239840206661,1
ed392bdb968739afcf1a11bd610a7886,0,0.5027109815329124,1
e9bd209e4ef386de8d26f1f402a31c22,0,0.5027046246221508,1
591373b45f940c1da643522fa4300753,0,0.5026888089911531,1
79427e2162d316b713fc8c37a16e7fb5,0,0.5026850678887774,1
7571e21572ea726ef7e6fee3602450c8,0,0.5026826538846433,1
afafa66c33b0a2faa7a44479ac846dfa,0,0.5026739700701529,1
6b8dcda5256375b9362002d57621fa22,0,0.5026643932625343,1
ec15af4d797ff5fcedebd6f1e9199fed,0,0.5026491067954191,1
bd6edf3d91f94448b859f6938d7c8369,0,0.5026374584365737,1
f7c432d19ee5d05b51a25ad54236dd72,0,0.5026266351425508,1
d07448b2437bfe83d9b7e226a9809ff7,0,0.5026218150312195,1
865beeccce9e5e942d09075165302d8d,0,0.5025752145125526,1
039024d7c7249fe937d2e306af33e446,0,0.5025700478949056,1
dde1a757068b4924710f9ef6d4378c32,0,0.5025403025501719,1
148a35e3469010c9753897362d1eb8d0,0,0.5025309582835086,1
678f55620ea0eefc503bc2ba3f5e20e0,0,0.5025306778139211,1
53e1ce362c6dd77493eaeeba9dae986e,0,0.5025184755587948,1
6b8a67d3ed07e4c5db3b85c36a1cbb5f,0,0.5025151791630568,1
955435621c6d60c448485988349b7522,0,0.5025078790842111,1
ec686a7968bdfc1e0d6ddf56e75e8eb3,0,0.5025014942507916,1
d35126a4e78f10f881360f8f0492a656,0,0.5024736939210317,1
daa568f5999003d872a237be0434b499,0,0.5024599203974031,1
dacdc17685f4811a3529ca7bf0744325,0,0.5024588777993929,1
bc43178baed117c53a910e91d4f9a014,0,0.5024559749270866,1
22ad9e811b0fc0e074a40ebafeb144b7,0,0.5024423760942858,1
b801b3fb2ebcde305031a5d45dcc311a,0,0.5024349404376569,1
9601a8cc22ee0e8b594f6890afe17f1e,0,0.5024324872419845,1
69d2063cc402ea1402ec57c17d71ad57,0,0.502429494306467,1
8f3dd46f9a43cf436efe5ab5582ac603,0,0.5023977231508242,1
b47e648ed6f1e3761b1f2ff0d623cc72,0,0.5023842961031649,1
2c6a43ddee87c8dd2169e28b191479ce,0,0.5023835828603604,1
975d5d47c685c273279db384704a5f34,0,0.5023646386121322,1
cc086e1370c1b8891f3df560c359ad62,0,0.5023436664078398,1
158193c2f219288cb8d771154ab539f7,0,0.5023401806524815,1
7bea9fd3f21a7a4c2907a11d03f67deb,0,0.5023375854451618,1
fb22cab15a8656528c3d36648860c9bc,0,0.5023086639612788,1
e5c9b56c3f3620137a63bee392554552,0,0.5022997384600653,1
38b4470d64fabed66ce747ebabae730e,0,0.5022874368057276,1
d1b289d4a3635a495f8a3100e668aa2a,0,0.502282333550548,1
ac986f7ba1b566e5116f30662a1c1d41,0,0.5022167339918746,1
5839e67f7650a7425c15bd84f55de91e,0,0.5022142776748781,1
ae6df562c9f3d3daad30fbbf68e47fca,0,0.5022104393998675,1
8de77497dd79867f19d911dd859f2e45,0,0.502181707108569,1
6f4b96e335b7cfe89b40731ea58af7f4,0,0.5021526887668548,1
519006324ed2926a8bc03f241ae81712,0,0.5021082219638372,1
7b3539f34f4a40a23c6a629e047b5179,0,0.5021050212583742,1
8e5102c8123b48eb09d2362c18337d4e,0,0.5020978583433056,1
1ec6c20e33eab249a68194eeaacea816,0,0.5020859586878733,1
30e9a737d78837aa7ec75a9332964964,0,0.5020842199302571,1
a9287a04b9afabd737729cb3ffbf53a3,0,0.5020779644834215,1
b50c0066bc676e6a5d4a0abe1413023c,0,0.5020317004669916,1
990e9e5aff5387a6c9cc79d9c4a4c5f6,0,0.5020257006630222,1
fe698f543a90dd31d997b24dec8c20db,0,0.5020163909483593,1
77ae20566a2c220fffc77a47d8591fea,0,0.5020024844455052,1
d682fe4612915c050609d077c3dd2463,0,0.5019703983848224,1
b2e803d748d08864a69aa128447a1358,0,0.5019553569094006,1
eca1a84a322b3474608e815f580c9bfd,0,0.5019098291451529,1
8da2a3746a8895677fc6e666ec04278d,0,0.5018905154742903,1
2a63862c48140ff3de7e30f323eedec6,0,0.5018843049551638,1
a92605ec492805540520d3a73aaeeb6e,0,0.501868764292616,1
ddd6f16f9c6bf7becbdb7cde411c18ec,0,0.501860600763337,1
a601a970485c7ff0396bbb60146723b8,0,0.5018453317996354,1
409fcb2cab28b569f410d1bfe4918a5e,0,0.5018411762743142,1
36d58e02c47513de021d22889fcaa757,0,0.5018291926585738,1
0722dc95b7fc36f3e1827455e5071eb9,0,0.5018197071306635,1
942a51dad33958da2f641c42fce62f47,0,0.5018163680322125,1
5a343a06c98ea19d963edfc4a0126e76,0,0.501804997410831,1
d3812cb687a600c83ae45552cf81321b,0,0.5017758566995673,1
9e64f4be8f489777a028e0e37825f3a4,0,0.501760577011975,1
4bbc3672e57d465b08ca771be0844ce1,0,0.5017540639039764,1
55c8aaae36c6381c844704b1180ef21b,0,0.5017520954345488,1
c03de2988b6725b520eac2f77e2b1931,0,0.5017485881956484,1
9f027be653a629d52c3378ed80327858,0,0.5017407025242322,1
3b871341466dd076796af63ed0893fcf,0,0.5016999251419079,1
6ec219f9ffa6328adeda7331aefb6224,0,0.5016909110203596,1
6dfd53d0b64aa10fd66b8a7a4ad4461c,0,0.5016699061370706,1
4867378aa2b93cdcdcc1911ba28beec3,0,0.5016432016592632,1
8b0ac1a4b78316b6236267eb9488dcb6,0,0.5016172921092561,1
ac8d8e9cf18c3f48c3fe17d7910a8902,0,0.5016140190677286,1
f7b21bd1e2457a8011c46f11e2bb6a8d,0,0.5015950702336733,1
99179def136091447796d5a6ac793cc2,0,0.5015791548718473,1
54f3534b06647f1edaf5eea3d12c698f,0,0.501526818754914,1
1bb7abb3397238391b218aec1878f0a6,0,0.5015263863070283,1
c8f5a894f02efdbc00a61cb31570cbaa,0,0.5015205599230589,1
655f4f1277487bf6c86c673de5e576a1,0,0.5014857550502532,1
b1fc5d54fc2cf731201d449508cc9109,0,0.5014839145881709,1
6d27cc86d536498b20ac94ccddd3f63d,0,0.5014730316629512,1
0fbe12c8a62336c20652dbe8b2266f99,0,0.5014585825136282,1
bdcd97bbfa0c4547970136445e9ace7c,0,0.5014474022791416,1
d09cf1b9d17de33dd213c1ff533352db,0,0.5014411233318855,1
fef4049e57292e6a12d1aa76fd65637e,0,0.501388971152566,1
3cfbe790a05c2d302c768b447864d7a1,0,0.5013845552404146,1
eaaa260fe44cb741ea47c8a61749b6c1,0,0.5013804057651109,1
48c537971dfcd2f7747d8804c47fb2b0,0,0.5013804057651109,1
1739a2922b63e6c1aeefc48664bc0be5,0,0.5013506279419153,1
d9ce62d1130ac5f3dd0e496e74d22fd7,0,0.5013258645549276,1
f9acb1bb93748b26de86d3ea0240e2c2,0,0.5013256325603992,1
c00e8c86d3cf99dab1eb1f028d0e5ddf,0,0.5013003589046033,1
9d549c634d92fb0055303b3df02cd01f,0,0.5013000101730182,1
aee22b44bc0887a6320fd0a020b28eb5,0,0.5012762998713656,1
16d913dbb6d7cd6aac5e54910b078d02,0,0.5012236609564586,1
29fbb2801362f8857a80e4c1a0c74aa5,0,0.5012228579343487,1
eb083c5c5524d5fce420f43ddd547726,0,0.5012162096748942,1
06a8f60ddb6457808b21134ce74f2f6a,0,0.5012077086030811,1
89a6a9b3727051b241240bc96cf77efa,0,0.5011626653029922,1
14a16e13f36391068ac8d51b7436da7c,0,0.5011577541593791,1
241a94d85bf8b481f76dc27eca67d320,0,0.5011042714397216,1
f08d2a2f590c97e28d4a7fc27586bb51,0,0.5010986157523988,1
9795a7e06175b49c6d9dacf5e400aca7,0,0.5010914121492441,1
778e15bcb99f09e7f379ebe87cf4ff7a,0,0.5010900545395153,1
be2a480d70fdff4114e76b63201f6706,0,0.5010891648418877,1
8eba9df2f5375c3eeed88bef18f442e1,0,0.5010836774036532,1
17911c0c8ba0fa37547076ac10eee3fb,0,0.501065322197208,1
60407605c43a0ff96a026b72b9369e24,0,0.5010391016335551,1
1fecbdd138569a232889e77a0a30f08b,0,0.5010370651851589,1
7cafbc14c3bdb1c8ec3834196f2137f3,0,0.5010258609441086,1
491bca87133a71aae594774a0176417c,0,0.5009898857045437,1
f9e8fc5cd9cda3d485692b6dd3fa662c,0,0.5009752045954492,1
79b624e95e6b275e051096fd2aa11fee,0,0.5009677210617259,1
00db0070b3c3bd0215072323c8499407,0,0.5009602976002486,1
ace8151b75116413fb94d215def27c68,0,0.5009509299776498,1
7f6b5df9c365fd7f174995b66dda1277,0,0.5009334479333708,1
413dd02a8d4e16b658fd6d8d4bc23fdf,0,0.5008853192353643,1
7623a77452d70b0794b8d4d20a2366cd,0,0.5008819619062166,1
c528f9cd00622435a3b8dd4a8f6b01b3,0,0.5008782126430039,1
3a3e6f90946944d654b42e6d3c3e9a9d,0,0.5008686677121736,1
7a6d7488c35231fe6dd97fe9596a0440,0,0.5008673402670636,1
dbb907c9d3b58c13091c58c4863be4f1,0,0.500866105641887,1
f13c04de2167ccb85daeb3a9a1a446f7,0,0.5008380163227316,1
7250ea789c07ef9a8ab11db148f08e1a,0,0.5008346402998612,1
ab3a92a02a01c0340763e5018c13088f,0,0.5008120481689858,1
5bc38558c3a2d35e9106c1ea2401f706,0,0.5007908867738211,1
f08a6495969239c36cd3a2a572bba447,0,0.5007906814108315,1
8a8c4ce38d2bbeb157cb04e9ceb19b80,0,0.5007668010818469,1
c8babdfe577a3902d104ec0dfbacda05,0,0.5007498852101974,1
000c8bdb58a29e7115cfc257230fb21b,0,0.5007202237337913,1
b5b126735fec32e7e73faab5583ff083,0,0.50069224322381,1
db7928a76b23f1fc8703953bf73cdd1e,0,0.5006814180322586,1
4826ee6e1e5a8779b343bd3f9ad078a5,0,0.5006646344484319,1
3e7688aca4163064b392dba8b3184807,0,0.5006344607978865,1
a4f7b546acc92f8e5e965504663631e4,0,0.5005813709378407,1
3841e1601654a5e39f3455f9c8a14f41,0,0.5005633037943072,1
8e5bfc9e8afedc782d1b98bed0728fd3,0,0.5005492331864969,1
c5edce1ea5e9de057e5adae8a3b54a5b,0,0.500546011414655,1
5cedf45c32b109d617232373027a8959,0,0.5005265550197767,1
38eb70a866b9fdaa393d4671b48380af,0,0.500470950975467,1
5f9b7a59c5913f5978c826d4a7e9188d,0,0.500467198926829,1
2476d7ece2a612057413907e779f4837,0,0.5004444965401595,1
9646f9a3dfd2aa3e1cd8f0d1162e0164,0,0.5004444965401595,1
51601e58354758c975c5e878a11b4352,0,0.5004334214977687,1
653e0e845f4cf739fce07a818ac93f49,0,0.5004300589555087,1
0ee57f62666561b72f2ceacad0230cbf,1,0.5004267531349098,1
ada075db68fd3e0c522fb5a9e2b26805,0,0.5004199567515195,1
fb1b89a793a98f9bca62650397f19ad2,0,0.5004066193907828,1
17ca979a63dda173f34124582b248b5b,0,0.5003726027391439,1
a84cfb595b67b68c6f3f3c6f0b019c80,0,0.5003562680085245,1
bf7bbf985f9e27b2348987ee07ab9260,0,0.5003407072020905,1
c892916c1b11b0da2c1acd0798d58faa,0,0.5003363776116396,1
6b2b6929b713a6d49e0796ab61f09188,0,0.5003360488512686,1
51c8b414e1ef1c0b681b65aaa49627a8,0,0.5003321334891704,1
4a87e667294a7e8c18a5656a3813e24a,0,0.5003095769162823,1
debfd498dbaea30ddf7060085ec4beed,0,0.500305536755942,1
4e802a84ac937d5126335242702fadbb,0,0.5003051564540556,1
3ba7b54b7a052cbadaf74548d4f20b2b,0,0.5003034249283815,1
e81d500c869aff794ce78f4df24ee946,0,0.5002966242095541,1
76fca38ece69dfda0d52f1043a5a9a23,0,0.5002455066733897,1
8fbf6ea3ed2dcc9a1284e74264d0c5a5,0,0.5002408661605563,1
8066fbdade39660254866b743cf22ec8,0,0.5002100428611892,1
575663cd603bb183e0050561f801e4bc,0,0.500203828475404,1
89dedfe3145383ccc0d7be54ba4da961,0,0.500194537101802,1
b7dbebc38f12098e6256143044f18823,0,0.5001873638083076,1
c6ba690689624400c05e4502dd69616c,0,0.5001761393258671,1
d4324c012f50de08153c745e1f15d49d,0,0.5001724747777119,1
85e070e0eeba842c9f6de3f2641e2f66,0,0.5001713674924833,1
a54dc5848d717c7deb89c309c08a3a1f,0,0.5001641617672262,1
ad7aa80b80e2b1850511ffbd79bdf896,0,0.5001457769040842,1
88ddfd52d6fe67c57b246311521fcfdc,0,0.5001387376443761,1
b4757ca32d6e9f8a00f62ed95a485087,0,0.5001235232416366,1
a31ef19138e1e8ddad1c8c30612a044d,1,0.5001027017753387,1
322740034480eb5fe9d14398aee49d4b,0,0.5000748170382948,1
6e24b7dfafa4be3c48d279cb085da0b9,0,0.5000743116095628,1
c750ff098b5c9f148c6d9ee88124ff5c,0,0.5000355687466618,1
a99939197c6ded5e68f1a552b2a53da0,0,0.5000355365320995,1
09367346d4d846e5f22441ab3cad7721,0,0.50002928954641,1
9ebf9860cf4836868bb0bb92b24f9366,0,0.50002928954641,1
9c33af5031131ab2acbc8fe5619340d4,0,0.50002928954641,1
5fbd25db0138045fc198fd215d236767,0,0.5000103098794183,1
d59a95b04f362565e898b4e30a3f317e,0,0.5000057610459628,1
2c31eb62ef5869e069b6702ae943e77c,0,0.49997767026676293,0
4ff0c5bf5ff939d3ed476462c42d431e,0,0.4999675887998439,0
f718b45ca5694017d340095c7ae81ba7,0,0.4999298381170602,0
f2cb0a40a1323af33946e25741177d55,0,0.4999123619670362,0
b0d106613f3f3e5a398b06bbde83f394,0,0.49984899023961715,0
ccf9cfdce573bd339349628105059967,0,0.4998378884528367,0
7d0001ddcd3d9169c7d7630e7e792445,0,0.4998327021479465,0
df1b06750f1f779cfc50dfd3ac735816,0,0.49981230163855556,0
f7c7677be77763b1b2cf982a5e67fa61,0,0.4998117376435301,0
d6468de8d8e1ecf694ea63ac408613b4,0,0.4997815724423127,0
a6a42f5b3c306b2e7359682414015bee,0,0.4997778766570812,0
bbf28b01eafff45c51fd9130ab1e0c6d,0,0.4997500933966125,0
f6631c3a50c50e5ccdfb090c09031c31,0,0.49974076083476304,0
df9bd60da4a8f8945d2b862aebd3d418,0,0.49968518543449153,0
d78e5dc48b5665caebd1e77284296ab4,0,0.49967991268398604,0
215e81304459427c1cc8a7390754a4c8,0,0.4996743603525558,0
0eb12c9b8cf4ed16ca5dd595f979eb4c,0,0.4996522297326774,0
022ac7dfecd0b4f6019415c4a0fe6d03,0,0.4996293353478923,0
822db05746574009191b5c68d455cff0,0,0.49962879993120896,0
e672d4ff4cd6cccb3b54444aaf6f9c4e,0,0.4996268409609448,0
9295fc2f2f8647c5b79752e79826f628,0,0.49961490791796337,0
2620cc038af4151e5b9c53db3777178b,0,0.49961489261970404,0
2eccdedb9a1d92ebdd256f549e11c55e,0,0.49958810016893623,0
a9d7640f65d137f82bafb3cc0e226a2a,0,0.49958353743995715,0
3e0ba089192700ff8d5db9cb4a1e77d1,0,0.499580506553813,0
e88b14e28d506b282a9a54db6e999ff0,0,0.499576021190454,0
6e55113346cb7cf3989fdd61a41152a4,0,0.49957433000495816,0
40c1a702053d8618481f681873de0f41,0,0.49956715484261766,0
f27b718e16571eb1884dc04a84a69752,0,0.49954821792937,0
2e4a58e5806f654199b348347a7efdeb,0,0.49953467915391514,0
57b0512a3f1ecf2b77466fd825f26f43,0,0.49951160049462623,0
cc3c59bf00ad116276de76e154b866a1,0,0.49950364878312375,0
49bf2476bcd8446a1b33728963072fad,0,0.49950104954034025,0
09455bae1d5c8c904d67d232798fc849,0,0.4994987453652275,0
c70060001d79adb03983ea75cdeb6c4c,0,0.4994980320656388,0
a4d348f760d23103bd872ae0e02b39d0,0,0.4994840525419878,0
cd7b33ed99da4f4027d6669f34badbdc,0,0.4994748651594599,0
88a5a7f256b418b0bd27e935ace8e572,0,0.4994720020777633,0
6e66873f7efad91115b8c6b7e566c6cc,0,0.49947094751571985,0
42ae3e27ca2c9f32893b22fa8c784e40,0,0.4994704003111178,0
c7c498ae877d5b8716fb02ac89d14fe5,0,0.4994693261783367,0
63606d6ecee30138790da5be23cac8e4,0,0.4994648001813334,0
f2bd7baf91b52d05cb2a572f19bc9b1b,0,0.49946195230542845,0
35ea487e68cd06d7b2f01cd7b3daa0d3,0,0.49944962353365163,0
2c3abe11b28008b0881b785a844fbb8d,0,0.49939106559866386,0
8db8b0e9a58fba958f90525a7c72b0d4,0,0.49934754039402895,0
77547e3f2640245b0ae634eb1e3e75b1,0,0.4993335833680578,0
091e1631c6f743420398dd62ec58faa4,0,0.49929606850906544,0
c87782178caffd5f144489db539f644e,0,0.4992911282670562,0
415a0a08d8f5c559724ba7f5b5309c57,0,0.49927102784893834,0
b8f2efd945f239559e5d0685045803e3,0,0.49926530765012783,0
b90f8350a21ce2d3e3b179194223d4e2,0,0.49925891981250875,0
fb20bf5c01fbc8bb8ab3ec1e4104c9d5,0,0.49925814062176965,0
8d07fe9ba5530c446135db1513c7e8b4,0,0.49921201317310127,0
40f94a38b9e0e57adccb0d0b2811e56f,0,0.49913668446868,0
3fbba924a0d59d3483cdb5fe5234445d,0,0.49911881902517036,0
3defdac1cf5b779689353f537aa723d6,0,0.49910984202983844,0
e447b61eb2c970fdc89d681d79b01765,0,0.4990736384536378,0
df369ca5c612b816d4c0fc3641703aad,0,0.4990695583228577,0
af80cd98f2dba639dc43b4e06bdbcdca,0,0.4990508458079251,0
30e72091f438f128e3d468846df8ae34,0,0.49904194186801304,0
2310a3f40884b2b439de161bde572a85,0,0.49904097997215463,0
1c055b4938986049c0c2ccace93b3c2e,0,0.4990258612654585,0
583acdbf670a4acbd42fb951a037953e,0,0.4990174958626986,0
7e803b451f1af52da8f07d76046dff0a,0,0.4990075465669554,0
3bf09bc70fd7722cf5d9f48503375cd0,0,0.4989813541409053,0
eb30f0217407561f744d4939fc5df48f,0,0.49895920845249847,0
714108383ccc5666c68e454ff0a9c975,0,0.49893716688381146,0
481f9c20ac611142924e15eadf505d2e,0,0.49892559904655637,0
ae13e9f7baf274cfb271998626b10ee6,0,0.49892056092657017,0
69e3d59cf220b33fad1116336bc741e9,0,0.4989183214663798,0
e317f87ef6a591202eb17fff79e3cdb4,0,0.49891797899953794,0
5674ba4c78cc9a00b85be9af1f954e3b,0,0.49890338288200214,0
9a3eec9d278ffda6c1ab93877ead27ab,0,0.498899074780165,0
1ac114b9858e5e52dceac97ef523c08e,0,0.49888977558851916,0
f226c02ad4d24f635a6abec2a517fe54,0,0.49888857718110496,0
fd423df38d5ede9f0affa56544b49f44,0,0.49888798742213064,0
9cd9ceb92b924354f445bbd452c4c462,0,0.4988826236776604,0
1d6f7c413799e94a179e9c079908527d,0,0.4988711790492233,0
7c2d59bee4efdc79ffa3dfbd0a1113e5,0,0.4988470298847988,0
7365eb2bfba49ab120bf649243a4cb6c,0,0.4988345578518731,0
7f7f2b51ede08b64c24f0b64c9dfb9e9,0,0.4988120098278287,0
073037acc049d2be44730a7e39836046,0,0.49881139061600643,0
2ba177926f4acf1634e1227b4446e6fd,0,0.4987768276014893,0
5d1e0993152cd3281cc384879167609c,0,0.4987662416692496,0
c404cd92e93fb64212484abc55977d38,0,0.4987495845391156,0
4e32a7b0642d79b341c8fb9738846b4e,0,0.4987387701203839,0
889a9e25aaa1d879dd16f63375d27040,0,0.49872548007256906,0
7d2625e87726e734415fa5a81d08dc60,0,0.4986880042243881,0
624efe0d20a39773fb86912608e69d2d,0,0.4986865210658709,0
1d2d9bf60bb8bfd3b4019de6584ea8f4,0,0.4986667841738511,0
6b8d17c965d9b0a131f7eecf7617eef8,0,0.49865560571230527,0
9dfe23c51c1758f1904a3fef4421b168,0,0.4986435853125856,0
a31841afa2eb3a0400c4531b816b4486,0,0.49864259891327806,0
03cf44ca098593f8dab43ab78f01599a,0,0.4986404517694516,0
d24aff1ad0f3ca3e1a859f7ab3134f2b,0,0.4986297301863847,0
21d2d2a8120b8d9a6b5642ddd53d14fc,0,0.49862486989581667,0
655329aaac9d6377d42e6f2ff283692d,0,0.4986154621335844,0
06b9d6221ccd83819ac6ad3f352854a9,0,0.4985844469597998,0
b947b8b75b0ba7db508d01717b9f5f28,0,0.49858121340117123,0
93fd59582e8689d3079bb69dae1cdd06,0,0.49857826167867314,0
bf4625d3d2f0c204c7472eb69133ff1d,0,0.4985125624880987,0
776ee5bc6481dccd38adbd26f6d78ce4,0,0.49850440956723274,0
07ffc0a2aee8f8f50a47b9a4787926d3,0,0.49845709632127555,0
5860ea02a41f785f1ab02e8427bdcbb5,0,0.49844880764126137,0
766b303e0dadc92d997f5253e541efbb,0,0.49842979558655065,0
39c0512a456668b494b135f75e6583fa,0,0.4983973901683755,0
911e22d1023e50bd7e42d9096d5c60bf,0,0.49839370844539554,0
e198955561e9a9524e4c3e8dd140c977,0,0.49838933264362895,0
f2b8ca4a11f4e1157411b038448f8cba,0,0.4983662179225467,0
b585f93cc708cd3d76b03cbf776a4e97,0,0.4983640230193724,0
157876073aaa5d005e429235e1d56983,0,0.4983334475624319,0
5ac93723c391241928f3c16f2149fc8a,0,0.4983291914003203,0
5db5395b7721454236f9999bb0d791e3,0,0.4983219141653161,0
9749e3b7d02a7194473d5a6784071186,0,0.4983023022355911,0
4bdbedb4f04d2ac7e400c78e0fd6672a,0,0.4982878204465,0
d194eea5b8f6b67992f5a3ca32ac401c,0,0.4982700011316273,0
591dc0f2de23dca0916a96a86476dc24,0,0.49826599017665757,0
9b390e923bbf7e3edc2bcb93d8707355,0,0.4982532462853082,0
9a6cc6130f9a98cd08456a26fd5624c5,0,0.4982431982067876,0
baecdd126aa539b19fa13809d307d168,0,0.4982423679811013,0
e4af98d8ce32c48b6a5a18f7850616af,0,0.49822120253737573,0
5065acda1beb44289fbf3f6b396d3685,0,0.49821640122539385,0
2649819070c2be85f8422e396c220270,0,0.4982097272618101,0
0abe5d10704d109ca08469de86025b9b,0,0.498204395202949,0
ea5285161c5b3fceaeb2c38b6c9b6da2,0,0.498198379607644,0
a7bc069d832786d5e0230ef0c6ce236c,0,0.498191646458294,0
afc400a201303b0b8b2d3150f316556b,0,0.49816248953715603,0
1602747068caf924d678df48e2232494,0,0.4981589163147271,0
bbebe4b8eb77c193d602f15005347dd6,0,0.49815565166351994,0
4697e625af65073d5d5223f663c2d5ca,0,0.49814282114764813,0
6efdf32daaeaa165270d10a2413ecc4a,0,0.49812908173562553,0
a3be48d3220bbae396f9e236e0dc0b94,0,0.49811312109848926,0
cfd472b63cf204c38bc6614b64e379f2,0,0.4981067940220057,0
6222ef69df52b4ed71be551725551cc0,0,0.49809953541664476,0
e45b77caac022beddffc8357ffeb8448,0,0.49808979445005186,0
a58244ef7d22d3ee4ead98be7381299d,0,0.498077702611722,0
1f1ab870f9037c07127853672afec70d,0,0.49807459111007246,0
2644b5329dfabfe49dd9df61bfa66817,0,0.49807087811251494,0
12613f1b2693e38c011a5c20a9e2f2a8,0,0.4980680921401301,0
a516939bb16628e9d76e3d1334ad07ea,0,0.4980661265943891,0
837660857be979dae54fd10cfae1f6bd,0,0.4980613585045006,0
fcaba43cfd594b9a6e1389bcbd33d5bd,0,0.49806048449836504,0
ef8af440b8dbf5ccb37adc3d31697eac,0,0.4980427315469332,0
b0d2130cc62a4845632db363ee163e97,0,0.49802163075839395,0
5d4860175560b328f70a058bf6fa2278,0,0.498013674077992,0
518fe6f62ae326d330c8f6576e062994,0,0.4979941038905389,0
4aabb23e9cb86e4831214f60e00a2852,0,0.4979940146434718,0
864a14bbcea040a685ab646731e67c58,0,0.49796201555187897,0
09f926099a35a4780056a8948b3cb38a,0,0.4979549958445418,0
e34ed94ad627a5025f7dc91ddc8ef4d3,0,0.4979504796382398,0
83d69e7906d1e6b9e05eb4841bf1fc9b,0,0.4979429603563492,0
321606e7fd388f26b3a6ab005fa494f8,0,0.4979390715811533,0
71810b03e97e4f34a24c7e09393d3a23,0,0.49793708442863893,0
52b5b573f94e98a9284069557f5bd750,0,0.4979194594076441,0
0a03bcd725fb6d109ac5cffe3fe3556f,0,0.4979110323283238,0
bd0fe98c1a0f09923e42f1619b5d15f9,0,0.4978958735131916,0
6add2ee9145fdcb0b914a3fa1b2bc941,0,0.49789483683087177,0
f00e7984c3364ec425d0c9d2e9ba817a,0,0.49786573166002956,0
30e240eb07efbf40cc4e1851d9dbb54c,0,0.49786361614413704,0
ec39f1e8b8321e93194fd73693d4f920,0,0.49784987303419226,0
d57b24494af90d1e145fe6892401bf9b,0,0.49784185035161715,0
cf95722b5b59a95e42d73a83414821ed,0,0.49783804882211796,0
8e2256168ae549437d667b583fd0be28,0,0.4978245594137735,0
d47f5eaacf2b4d3e082870095322b0ed,0,0.49781152065505313,0
51518b9e6a57ac66243c0dc4b5c27596,0,0.49779931063642363,0
be6fc02ad3ccde9632a496c819cbf1ff,0,0.4977952061713945,0
e79b240559751894db34062c2b93b2d1,0,0.49777904651919297,0
70fe79f3943224e129dfe2e9176635ba,0,0.4977749738873726,0
f7a6dc1d7567488fcd27d4d02ca2587a,0,0.497768729903288,0
bf8b1b6b7a19dc79caa3d1a02a2e00ee,0,0.49776410744842176,0
72018bf053f2e1a34052550cf276b030,0,0.49776120747948005,0
7a2dc4682890550ebe3b8befcea3d55c,0,0.4977471456250121,0
683aded122bfc82e610e4bc7777f0b4a,0,0.4977301184412844,0
c7fc1589a4a1a86aa412c7e097304d56,0,0.49772554261351104,0
137cd9c50de63a0c754445934fdc0fc3,0,0.49770608681653855,0
e14b02e4cd8aca2d19d7fac116ea5347,0,0.4976972429067346,0
2c68315641c7820d2843884397d944e1,0,0.49769441129033026,0
1af9a07266212c15da8602623832778f,0,0.4976518163686777,0
249752dac15d9302f0b43aa25b261c64,0,0.4976202606755912,0
3cc132bef12cf61d577a0b1100a28d17,0,0.4976051229108072,0
097bafa0b6b397c9695473e39934bdc7,0,0.4975959223493266,0
23543f7b7a625dd5f72754ad1382a55a,0,0.4975926645880772,0
8855a1f48c0ea03eda049ae80ec56bfb,0,0.49756721450167724,0
5bc7fc55deb1fc531ebc689a23b5c380,0,0.4975616848756333,0
3eb24ad3b2caaaee3c6f071ca8d7a8b3,0,0.4975485887088718,0
67ccad24eb046586fb8e75326f92294c,0,0.4974832875644381,0
a46694e76f745720cdb94a059c2f70c9,0,0.4974762152037658,0
be3a287de205a01bfd9cf65fe8bc8848,0,0.49742578090248246,0
75d0154ed5d24c347fd4c5bccc050e1c,0,0.49740943314616587,0
be625075a2477b0eb34c9c781ad51bdc,0,0.4974042074373882,0
ca347bd19a9d9caedad0c48674e24f16,0,0.4973750978034548,0
c9b2c8ff2db79162bb0bc1046c59522c,0,0.4973728530533492,0
b9748d249c4f7906c4e869972454eba0,0,0.49733934551882275,0
4efc6e35a741d44ce0b6851d488f1fa3,0,0.49732762185118257,0
e0ddba2f90c646e8a37318ca04a48119,0,0.49732038563394493,0
8ab72e88f448da0413411057c39fa310,0,0.4972884582204433,0
ba750f8222a1eb081c0e8d70985a5cc5,0,0.49726978795403487,0
575b187a8fce085360e2f499f1c70561,0,0.49726110837420084,0
539cbe23d0b09caad7653bc782ce0e88,0,0.4972035248221392,0
565811ed44e539a14bc391cf57373ed1,0,0.4971975308066921,0
998a00cc08b2cacdf7155db8dec88160,0,0.4971250038526952,0
3f3e4f00e65a3ae4e3731cef10c91bb6,0,0.4970984573818596,0
ec6113d0c58ee83b4503b13c94930c56,0,0.49709510488448966,0
a406fa3eaa04115a211590f461e19fb8,0,0.4970888909107815,0
9eba60d6202c93f02ec0694deb8a25ad,0,0.4970735284784605,0
a9ab74fb1f68a684f04a5f812efa4e4f,0,0.4970665565214514,0
fd095bb7ea8bf82fde1a1c1006d4774c,0,0.4970546262564939,0
90b6f2b3714ba160278eb45afafdc8ba,0,0.49705436305661305,0
b65b6c94e3c9cb75661c49eebf1e6da3,0,0.49702408347530114,0
eefe1ea56c1116469d9f0a77b903a188,0,0.4970136751128241,0
fbe49892ed2dede08af3893415b21eea,0,0.4970136751128241,0
aab7b1bac22bbdd1444b28a6e10ba4ce,0,0.4970125735055424,0
d95bda34cd620a375fd8b4bb2eec82b9,0,0.4970074282564514,0
aac8feb8dfcef01ed3d7751142d2d6c0,0,0.49698933061785594,0
14ae99a8c9f2b81b9947c53e597f1ab3,0,0.49697812705398603,0
304fcbd92f16bcb2c4dd1410ef5d481f,0,0.49696500613098477,0
df409b946825741811dabef4815a2eb2,0,0.49692570521393303,0
7ba686b47812b130642ab6e74edf9b4d,0,0.49691988279677635,0
c781b8a6d69bb1d34c9a1392255bc0ea,0,0.4969165615996334,0
1f6d0e8b368a3323758d0bc3e50a9070,0,0.49690690971816914,0
4ee589f9106af7d7ec3ec8ab8c1bd7cd,0,0.496898598446422,0
dd939e1237618ef4e81f1077dd8a06a5,0,0.4968968321063848,0
9a1d3ed366221e01cb6bc9252fee220b,0,0.49689425527866354,0
40654830cdca92052fad5f13d092c65d,0,0.49688823054914705,0
903e19707af0d27bd8e152f24e040ed3,0,0.49686087977230464,0
2d9611203b229e9cb67f2233522eb915,0,0.49684796603354325,0
70f0fca2435f0fa72fe85699630791fc,0,0.4968447935855222,0
436655c311c4f91bcbceccedd89cda32,0,0.496835187998877,0
9c68d1eb4ce88ffe6d6fafe96b47a6be,0,0.4968344435779707,0
c8d183727fc9b4dcac256fbe246d6270,0,0.4968032429303346,0
0c51f8d486aa3baded1b77aa5439812d,0,0.49679701387057407,0
458e482ec6d834e9f8df09a05feeb9d4,0,0.49679197564912614,0
9b54a46b943ee3d1ebc2a2d1bc79e0f0,0,0.49675503129962206,0
364041409331dfeb6ccf9d99d1eb70b2,0,0.4967478265650562,0
0a8c3293ea2891c7d8cd81ecd9b4f718,0,0.49673521838990636,0
23a886ebce4bc86212c72f669a9bdb31,0,0.49671010910041546,0
e72ed956534642d2d41d7b90dd18f378,0,0.496689523973545,0
0c408490d833fcce64944726a4cf9d8c,0,0.49668798013339344,0
128498d867a54913fd7d7fc9bcde6cee,0,0.49668507149528834,0
b6946c3ac9f79bb4333b6f739e451176,0,0.4966511027289055,0
b4c4754a008dbca8a2322d131c6b4a1c,0,0.49662433623523355,0
ac1a52818037ff903c67c316eb872581,0,0.4965824974976456,0
7dd466ce70871be5aba0ea1a43df6021,0,0.49657410403897784,0
a282511ce18d1873c639c926d1d8c3a1,0,0.49655627796533547,0
8d26dcd57028c52b03c6b57fac350467,0,0.49655535783046467,0
a1376042f98448a726eca6cb9415a026,0,0.49655334846216986,0
d6662a4edbf6f8527d7510ce70cfc03f,0,0.4965171342841351,0
08fbbc6232ee1ecf44d890fbc9aee34b,0,0.49650475286831197,0
e63831fda4513b2d962ea7313c8612ab,0,0.49650410272981355,0
c92ad7e7b17977fa4299eb7017ae3b1d,0,0.49650108259785125,0
e241a12e3ca17c9e19fbf98c33c820c5,0,0.4964920528435784,0
8d1a2e101cf7b1718f7a0193cd9e3cb6,0,0.4964886122542798,0
fc7f8eff1ad8ed82b2b7638303882662,0,0.49648422897553846,0
30ac64930dd73b700e61325b39712e95,0,0.4964672156894413,0
33351d84f63da65a9dc89b97d0d7b1f0,0,0.49645391492543667,0
4284e178d8b7b5653701d00d1ae8fd05,0,0.4964438774963949,0
ba98dc04cca1c4918ab4dd32e44a7bc2,0,0.49643075841425,0
daae9198478758240e3e2e7b83a7448d,0,0.4963854311985841,0
2b49a7afa2fbdd41d3b30a0506f29e95,0,0.4963711825398189,0
b68973d2f28dac42cff128bea2e56564,0,0.4963615749177748,0
60e11432710ee550fccf4ad16e8c767e,0,0.49634983819407,0
19fbe39e7242f3402afb00ab0811991e,0,0.49634331892844674,0
9d45542d3d4b9dbc754a65f8850e5761,0,0.4963323667026126,0
f4e1ffa5c2042ce07aed52d6f949183e,0,0.4963100978935624,0
937ba8d1f2e92c9f64fd44e778bcaa3f,0,0.49628371525031695,0
c07b5683ea7097bb37e20414d341cf05,0,0.49628197938016394,0
3a8972f0a43553cd60ec7fb208f2a795,0,0.496279299643387,0
29869c1422b9c068973f8e44575f73d6,0,0.49627303144160756,0
6d67308fa65cf5fbc3b163b980538008,0,0.49624174512715613,0
7160de3316c05aae138d7fcf5bb12520,0,0.49620132400390715,0
d8578e261bb0f0da49e8512d68f356f6,0,0.496187479685861,0
e1282b21a0d9e540144c2888a4ad3cb8,0,0.4961867913518071,0
308abcd36b8ee155c308c009e0383dfb,0,0.49618260080672116,0
0299711900aa07c0fe4961eb253431f8,0,0.49618260080672116,0
c374c0aea41e41c4ead9275958d1e4eb,0,0.4961600059371424,0
7ea721e84afb092c2ff2608af6a63b7e,0,0.4961594028186486,0
6bba76149cb0f52513ff95d502969893,0,0.49615660189083577,0
1b66e3cf11c1ee85b0f7081dbc023a0c,0,0.49614061109642466,0
dafd3545d3538dec663e26b09fa4e47b,0,0.49613522302449503,0
cd075a6a1a43c9bf18e2c2cf6a210275,0,0.4960996244683978,0
fbcf3e6638b9bbcf521e8c12107077b0,0,0.49608276598060136,0
968436577c1e2073b28031261cb45a24,0,0.4960724784020257,0
5656a8fabc8629ff96b2bc14f8c09a27,0,0.4960632443028092,0
81bee27acd561903193b1ecb95ed9491,0,0.496040761419124,0
a984bdee77eeaef1add4419d4d994f0b,0,0.4960352884326727,0
554e8da6cbb595a9396b3804c5866834,0,0.4960313634999701,0
3fe3e0d408b68fa56e91134d1fa11b7e,0,0.4960305897596678,0
b4aa04dcf89afb719cb48df21fa17972,0,0.4960203463202722,0
35757a3cfd70b9aeab443c4dc1d8ad30,0,0.4960193148481657,0
4274c9d2313a7fbac9703456d8a788f3,0,0.49601488055137866,0
fbfb964c4d34ce4c6b203e0443a16ac6,0,0.4960147704863678,0
310f9f6d2ece6f501dc93c32ddb23273,0,0.49601284564429593,0
0aef107040099c08391f73e81821bbac,0,0.49600917594477956,0
298462967bde2c5c6eafebd07c0d0719,0,0.49598732326670214,0
48231ad5b4e5b8943d02ba5ea6e4a56b,0,0.4959158493283543,0
85393211a6d5e0c9fbcd4bf5650d0c0f,0,0.49590101799383696,0
415268098f12965aabd82f1efbd5e59f,0,0.49589819695441373,0
44740b1389cb6593c9f3c578d257e9cf,0,0.4958957437915965,0
3ac3b01377800633adab4a68b1c296b0,0,0.49585176785417634,0
91316fd0820d2c35d8e6685d4d2950fb,0,0.49584409073567026,0
aff69ad5207a78d764d70e6b7e672b8b,0,0.4958298364781123,0
93365b38e56abac3d02bae772a2c6f58,0,0.4958121463009595,0
38019b1f69a4650e3a47d014d3e7ef12,0,0.49579951787741205,0
3db0941b5a608b57454ef89b0384c8ad,0,0.49578140340322735,0
fe2517f53818830d508656b7f68d1fae,0,0.4957792172351418,0
4620aa87a466822bd4bd3f69e01e1d5a,0,0.4957777751478724,0
ebefb707a0e21d073dfc5b0a1c90f4b8,0,0.4957553645279155,0
7f909384e8c77e263a09439147d90bb4,0,0.4957465481581885,0
dac4c0ef5692bf93c259a5b264ee9807,0,0.49574473208317144,0
e16bb75215e3c2628f071f428e4a49bd,0,0.49573596842699996,0
20fe2c0c8076da1a21ae3f3108844fa3,0,0.495719214726559,0
245d26278365b988453ae961bd473817,0,0.4956656097349063,0
3e36ebee541f59e4ef0cd93a00ae6b66,0,0.4956495178430084,0
0121107a0cebf91b6af74f8a4ab3c4d9,0,0.4956480607548244,0
38a8a8a3cc79ff5d25f27782a62ae933,0,0.495617669023637,0
53fc6138881d003807518bb2f5041c07,0,0.495617669023637,0
51311827da3ef5b5814be3d4e7e7e1ba,0,0.49559982518522705,0
fe856d7e322242cbfd59ab1cfcc78066,0,0.4955626730610691,0
5e03021aad6752d847889591da50ce92,0,0.49553918431610516,0
ff2f348807a83992e92cf2ead3769a25,0,0.49552200476097913,0
61e65a8282833fe8aa8d7be296a1fabf,0,0.49551717126425787,0
da42590d5fb158dedc2996e0cdf95a58,0,0.49549284203489996,0
5b9603bf6b5ba113060bd41f770c725e,0,0.49549241985577835,0
630f664ac3b2844e836d10abf880cd47,0,0.49547563305598064,0
8990154c8645a3efadc9b01e1891d255,0,0.49545491889304544,0
8d441896b30e021e8c4cde7ac7b76b77,0,0.49545321400310105,0
4ef21f52dd7c061a646005b11918cbd3,0,0.49543502149511237,0
1912afd96bbe171633bb73727487ef85,1,0.49542651578858493,0
bc9e47cc8bd57d131b5ad91bb6ad40bd,0,0.49541797417502687,0
00a9fd000ff87bb48b989df819c418f5,0,0.49541472836696393,0
309f02616f34bbcfe2f58d13818685b9,0,0.4954096722564034,0
86d3782e8a110fa56891948af93ba096,0,0.49540400218609415,0
d8fe76ade1c2ab48fac3affa57ff8753,0,0.495396010844604,0
34ca895cda66ce10dcffff0f639e7c85,0,0.4953896855763114,0
22c05efd13a78e3d82eca52589e0313c,0,0.49538096729799685,0
66eaa2ba32cb330d28add7d852e265e6,0,0.49535558624169845,0
bfa705815b5e0cbf17b29d4bde5a3b72,0,0.4953040056258255,0
d14bc874b72ba5360520a7f1a84e82a3,0,0.49530032276933006,0
a76c64588c398d43d94c3a62ed7ba7dd,0,0.495246237802989,0
78c29e3657617fa139ce31b9d7ae46a4,0,0.4952333810870946,0
3132d86f62f32c88fd171f0a25012699,0,0.49523143873444136,0
111196f9a437864a2c6cd3002a02d997,0,0.49520410551652794,0
7a508bbe19e0ea98abf3df3c6b704740,0,0.49518565564717665,0
ec2e5aafb6e1a4832c297bfa2b9433aa,0,0.49518497046318677,0
74b5b001e61c4a829aa9a0ebaa779f18,0,0.4951801529110942,0
52327e23bc5c8a9564962854d49b38a5,0,0.4951034530055849,0
73091b670dda09eb7a0ba4878ae77094,0,0.4950962810526139,0
b0db0d467d705af7ab72d9aa1cc88394,0,0.4950730079926222,0
e2cb1f94316636dcba4ddf72e4a89180,0,0.49507296444650944,0
1431b66e9a1a258f8e724e885869c17b,0,0.49506779285345404,0
7a9f8e1de055e7a5fe742e4de5c28d19,0,0.4950631707763109,0
83450bc87c9135bf76eccb936c559f8b,0,0.49506272544752605,0
60f7ebe1122afab7bfa6c217ac8ea164,0,0.495059377077678,0
4a57ee1913f92b43d095a1a8ab9b30f5,0,0.4950466658655731,0
5ef5f96d508fff087a06648c19201333,0,0.4950138479320025,0
a7548fa253dd4bfdda3572a252e0bfae,0,0.49500531406601256,0
f513f43c38ae261dab254c60577c21f5,0,0.49500143340881714,0
8244a208606e3ae694173af499a6773b,0,0.49499972505076195,0
026af3cfcaac056ac62feb8457cbfaa6,0,0.4949883659457588,0
c209709f857255c80d07a0be8c630b0d,0,0.494982872290428,0
c5257bce98efe41e2fdf190cb5ce0d51,0,0.49497978558342937,0
26a3c0f046180447599506e1295ddc33,0,0.494954107970474,0
3091200f8c2e1070cdce20e0446f152a,0,0.494950026305558,0
709452517ebe527d5efe65766695b86b,0,0.4949202648414658,0
057ef0b5aa3ce2afa4394072a4d11c7e,0,0.494875696093224,0
51adbbb7676c874825688d58fba789d0,0,0.4948722869648342,0
9e6fc5bc922be463389f7ec3227dfef3,0,0.4948685166143048,0
9fc505667c278d9f7999320a93474a1c,0,0.49485285408612745,0
547fdde6b7e5be7b9ba8a6a0296e347e,0,0.49484634577159536,0
86bad679b2105392469601cac375740d,0,0.4948440809111561,0
82f04f173a9cea307a6e19dad330b86c,0,0.4948174078736301,0
c7cbfcb8dee7ddc7cae233ac314ca3c3,0,0.49481192646072275,0
a289a8514f6424ab9019078a7bfdadaa,0,0.49478254853357767,0
7be1172558c44530d93512b000bb9524,0,0.4947715390962627,0
7d1bdf714530faf2db78556bdff7fa3b,0,0.4947344824401732,0
b246b9430aa5bf06109d85f7409eb902,0,0.4947196746812812,0
30e075349ee5b47bb5f9028ad62cf20a,0,0.4947134254974383,0
b2f91567cea910545e72f203ff7f326c,0,0.4947075234134037,0
4233e4ccb431064a07668aceca004f08,0,0.49469800623899823,0
4972d96e925aac84c049a47da7053333,0,0.494695574931956,0
3a3e48040eada9f191d9cf503c167f9c,0,0.49468492335523284,0
816d93c61f38b7a4cebcf5e5bcb32d03,0,0.49466483837376574,0
139093b1c6e7e3108ac0469ce43bfb99,1,0.49463472280160176,0
6e11e16d3462b2c39fd10e642654dedf,0,0.4946342833275317,0
39e99ddb5ae1904f14cf42243a6641d4,0,0.49462023039152364,0
c0bb3fab86d495a29eab17cf7d5506fc,0,0.49459811511757423,0
2defff2e3559949b21a9b551b46ce59e,0,0.49459519346193026,0
1a9e2569c5a6ab5e906044c5994e5609,0,0.49454342023931236,0
457ab5dfd477fe2ac53e051f07d4c0c8,0,0.494537642846716,0
52395d8ded324e582b696c94430e2267,0,0.4945132467563522,0
3c857a6f7828bfb70fb712e2393cfd1b,0,0.4945119008642787,0
460c23c2a127058a285280f9e44b92d6,0,0.49451100113100827,0
b790d203457725109c094a893e9cc28a,0,0.4944901065395169,0
66980800215cdd2e8bd9aaccd7e7953c,0,0.4944895665871962,0
1c83b776b851b057dcc32bb2fa5edbdd,0,0.4944895639677816,0
b20a79d27fe8a421efc278c4d6367ea2,0,0.49448686157983507,0
a973871a6892d06b2af8ff17739fcb04,0,0.4944825718182304,0
e3adfcbfe437714a4f8660e2189171d5,0,0.49448081395000804,0
910643cca3fe574589d1e0558f482ebe,0,0.4944556363591965,0
bbf773b15a7c742ddccc3fa3ef1b583d,0,0.49444798096777726,0
1ae30e98d81bdf991fa25b52b8142308,0,0.49442807395569527,0
0b5441ba8ca3c9edd474fde7f2b31eeb,0,0.494426680960692,0
d01945e39c3efab4cb031657ef8f2766,0,0.494415344938405,0
1ea90eacef417998418616131b63ce69,0,0.49438938577422187,0
85bb903b8ba3b442328816bcb2f9c159,0,0.4943719831758952,0
9c589f33421387a7ca24fd1327fac265,0,0.4943481846370251,0
0eb2889f466dc1b6f3556ebfd9d7691a,0,0.49433506656901044,0
2c32927381d240d6ed1bb6ee1572f1e0,0,0.49433459711568356,0
5cd4500e20f9e6983a303a91922e54d2,0,0.4943296546387374,0
9049f1d2b2361e33e5104ed75d81c1fc,0,0.494304246198733,0
b3d058d052b1ca40cd60c15f71a29a63,0,0.494281662075022,0
d0ff1a7468fcc46b8fc658ab35d2a12c,0,0.4942787166898466,0
321e9b844556d1c6967fa890e63f12a3,0,0.49424810401777153,0
72ba05263486b6f3bdc32092f2f43d97,0,0.49423257361843165,0
bb88098cfda49cd99d345221c3e348db,0,0.4942169276316748,0
c6f839e63b212a729c82e57ede430d12,0,0.49418949318808114,0
fffb09418989a0dbff854a28163e47c6,0,0.49414674516393337,0
f8871db62c0279e97c74c0a6e7602578,0,0.4941303580027152,0
8c195e3ac2081827508533dc3294e76e,0,0.49412391011332985,0
bc129fa5a30c1e9f64d840dd6d0e574a,0,0.49411082080943514,0
371beb9233022ec6eb3b3c0c7e02cdf9,0,0.49410584266724283,0
ee1cb6b6e68e5afabb1d4cee7174a4a7,0,0.49409387065049326,0
0c1f1c10bd715fe624982beaa44f9090,0,0.49409173199101164,0
111d66d3907db5577e964943c6374197,0,0.4940799949048584,0
4c614167f7ca7d8faa4df573874d5621,0,0.49406799041511656,0
bdc8a4e28fbf79bedb432525edce9054,0,0.49405531840863665,0
f2969e79bd568a2c18bef335493532d7,0,0.49405369603925486,0
13b45062bd5c0eebfb27f49e85327701,0,0.4940502353270574,0
9d1f4d137b3e895a7068c74cc1d2711d,0,0.49403018276865296,0
cd4b4c44c089f1a8edfd147684f54106,0,0.4940251961078639,0
2880ad42ad0b51c90d580f1160103ffe,0,0.4940198454469908,0
74d1a8720681a24813147f548b68a81f,0,0.4939943648098476,0
f22bc808c3eb91b7f9f301a243b7383d,0,0.49399094067100907,0
1967f29e41f6a2550554ca05b5bf4b52,0,0.4939544846676652,0
14b2ef9cdf543e90e098b8b670169b14,0,0.4939357039097921,0
03c00b674e1016c359386f94cfdaefa5,0,0.49392888137837315,0
89be3e46d564731e646fb71cebd2dd43,0,0.49391519276106166,0
5f5c63b8be5d8accfec392c0c9e071eb,0,0.49390716275401075,0
d5d0403cf00b945253248bccb6f998c4,0,0.4938913102543647,0
8b80399e05f96f4f96df8c99714e227c,0,0.49388732450825973,0
9229fd31a6082b07a556ef16d1465498,0,0.4938861296212818,0
dd64cd80139b747a1e303c5629835ec6,0,0.4938844415435667,0
c0d3fe5df1e0d9f039d407115d15b0a0,0,0.4938638404252169,0
11f0ece6eea1d300714d6e89b863db88,0,0.49386375044709374,0
9ec142fbcde3077350f40e8f6885d5d6,0,0.49383621461824423,0
034f3cf671ecc03610f2ce339ee72f4b,0,0.49380334769572115,0
c3856a5af4849986cdf5caadd0b4513c,0,0.49380214718399085,0
5179b7b48c149156cb51eddfaf06b712,0,0.49373331843710433,0
7bf123bf9763c4606d3bf1423de0462b,0,0.4937159333896463,0
ab2cd5cfd198ddfe26f7d208905daddc,0,0.49370868145095786,0
afef01a341902c1db434e667c062b807,0,0.49369750536849455,0
51b61a36c3d2972ba2a10db944ede6e2,0,0.49368587908593253,0
4592c0e0ef2c11893f9723e4222690a3,0,0.49367668267129583,0
3c53f54916a46e0c961e0343bea7acb2,0,0.49367441783576965,0
1770f006974ee2b72702abd4094f5ab4,0,0.49366967790681887,0
b73b575cfe44692948a64dbdd55703f2,0,0.4936559502374628,0
fbf5f5ed22f15eb7193f445430db6ad7,0,0.49361881625038073,0
46b40b2b51306d8ea18aa1a98453e744,0,0.4936088049593764,0
c8200be463def4509137904848cec71c,0,0.49360570126414444,0
cb1773ccb80012b3cbe87a1eb8c17428,0,0.4935895510115892,0
4796d2d1f7f723558d49471d27a03fba,0,0.49358952924798577,0
565482c4a27a7c7f86870a5ab4ea0a85,0,0.4935699820288198,0
6019a3ef0b1ab2d5e36ee4de2d269758,0,0.49356226658515495,0
95cd3307a9284d501115da7611ee8133,0,0.49355062527117766,0
f71b1891b7419536fcd70055efaa6951,0,0.4935437627207304,0
2f9f2831e2f23274802ef653e9840b78,0,0.49353700778676685,0
7d2829c2222be0a081bcf2d4d3d540a5,0,0.4935302720041298,0
069e47b09df9c9e04e44ccd5e639b92c,0,0.49352204566296404,0
1aa85ba28c3cd559b28ce5f7f147eeb9,0,0.49349563373044225,0
94e23fc20748ecc14d742fe5b68703e3,0,0.4934734468973114,0
9e5e6c3acbc7ee451dd52c0cddb575f4,0,0.4934718178310186,0
32ba49ee642a4d52b545acbe1c32ca50,0,0.49346113701348027,0
4f2ab786849663f70ed0dbd4d2f5f530,0,0.4934508401583428,0
0bca8aada9a6e07bf544ae6e4e611131,0,0.49344285093374796,0
eff3fe4c7f245384022a2c4d7105e055,0,0.49339244108969316,0
e6ab41e2b2a14272f7e03b91b5b6cbc4,0,0.49337616205785284,0
c18f1eb84239d11f1baf95bcdfcb2d46,0,0.49336241039062045,0
f570b19aff008c6e1676c20e2598238b,0,0.49334907265339184,0
7ea594c84734eab39f86b4cdc75dc6d1,0,0.49333172577847156,0
de038c878113042bad53a835ecd65502,0,0.4933279420440588,0
fc3ca3cb4da22341bcc3feeaea494821,0,0.4933088690380051,0
808a74ffa0381f16a4a15cc3ee7007f7,0,0.49326639632379404,0
1571abf1c1e0bc173267ca382ca94d8e,0,0.49324571566789627,0
fed18cac60842f3e18f69218ee25a64a,0,0.4932437772526861,0
8f6b853d7bd8510f486b322143086678,0,0.4932321115562931,0
d8cf4d34a2c3fd3fd1ff3a55422dcec4,0,0.493230454505895,0
c7a50df1fd95fdb4a18b705add162612,0,0.49323010949932705,0
a48f0610309fb6fa2729bb9743da26db,0,0.49319914003115156,0
504fe8ffad0f9fad2bbe136cd6157925,0,0.4931957245875486,0
5788039949fe58b4028aa9b4fb850deb,0,0.4931684235410297,0
777681f9b9224be7805d16ba1bb73b6c,0,0.4931592496923983,0
1a908dd3452fdc766476d916d2d12d78,0,0.49314490851522974,0
ebf92f18f7a148f0511a4e532e917e82,0,0.49314015909907766,0
41298a23ace4d95a8a1ec4681b592386,0,0.49312390422057495,0
dc0654eb4b744b2c238dced422fe1d54,0,0.4931076787500231,0
2cc63ed1634fbefdef65393d23c84fc2,0,0.49310643377977564,0
be1260dad3086722476fab71d901e890,0,0.49308613331683615,0
c2b731c7f1e1150ff35ba9dcda1bde30,0,0.4930639475763308,0
d086da909c0fca61c4f78ed8d58e2613,0,0.4930406352962112,0
1ff84fc35d497c84a22e3540c5ec01bb,0,0.4930370330683348,0
85c783172258a31a5f689352bc9b637c,0,0.4930156793835051,0
9f2f5021076171f0efcf196eb7695ef4,0,0.49299696272428994,0
8c9fdd93b77b8164ce7ac6da44813fb1,0,0.49298120252883276,0
a90bbf7b5df8db48d17feac3314636e5,0,0.492977171462683,0
8186340945b0be4093153f9e51966e42,0,0.492977171462683,0
8c9944d49c9d38ba8bfb9a784e18b76a,0,0.492968736377221,0
8a97a930c86c83b79d033300afc68fac,0,0.49295867666066456,0
d4a89ca3e6dd577dbb09c9cfef80a494,0,0.4929320581823234,0
0b2cd89a7b3c4a299f3634228f41cd2a,0,0.4929179119195071,0
2327fab9d71e77c65ed8a2bab5c2b258,0,0.4928615511844649,0
8fb49ea1ad7041840fae00d1d771a3e8,0,0.49286030122775104,0
359bacb2b5c52b4287667a7bc6c7bc63,0,0.4928366353493192,0
e25fe6a5bbc82838befd082e0a9448fa,0,0.4928354420726868,0
db87b2d3a402cb2ba81431679fe025de,0,0.49283341098276356,0
e2ab3a921e9060b900aba73bede6e85e,0,0.4927833298331826,0
26824b7428732490621d0a8e92d6a95c,0,0.49277370480121474,0
b65bcc31f839009e5289f7c16e36d338,0,0.4927556005868324,0
0306523eba173aceb52ad42fbaadcd0e,0,0.4927556005868324,0
2444e57c718501efe5dcdcc6576f57c4,0,0.4927555952268367,0
3f56ce61d22fb96b6a215ce2b052a35d,0,0.4927449951898227,0
7cd6586113a33fe9271773caa96d1793,0,0.49274138228002,0
9d0396c38ab1738aebd1c39754a4fd69,0,0.49271694691399204,0
5e44fc472a1f02f6de6ebd191f1efa46,0,0.49269425182462795,0
1a14d22cc86107dd05170d20f7feb1e0,0,0.49268700705104684,0
f0ef6034aefd5c7f6c3162bf49084006,0,0.4926632849849235,0
1c721d062a04d51d8d3887dca3571cf4,0,0.49266093971312214,0
c59f1c7d4d0ec84a1e1d7d6c2bdfdc42,0,0.4926459343241263,0
421787fea291a962c1ab57a6b26827ac,0,0.49263421838717675,0
e1522db691cee70a610d98e7f6ea7ec5,0,0.49263293056596347,0
aa30c27dc2f31ddae72a8d176e61e817,0,0.49260247369701393,0
6cfeb0d60f06829e81e8cab82cd8f252,0,0.4925355995437154,0
e60511f7b1f8fe31832ff8e7391028c7,0,0.4925342825978627,0
47bf616c3a65d30c9e8c5cd34118757a,0,0.4925254032781518,0
5565d43d43220145dcdcde6cef348434,0,0.4925201849885782,0
c9c5982911c477da2947beeac60ccfd5,0,0.49251453330236705,0
632a40b1c55feba3a59bfbaf8ca4e3aa,0,0.49248405699489606,0
08cdced37283598622be561526da1cd4,0,0.49246683793095253,0
23caccaf9e1b269680d808b1c45c2654,0,0.4924653706168518,0
259a0ecdf2ae510fb368704926f1dd2b,0,0.49243350880680176,0
c123dd2ba483725b18ea404a6a986dd3,0,0.4924172653540412,0
f21b311edf78359967c818edc33d83b1,0,0.4923759659698694,0
c00aa9a5a9bf82a02e144e2f46f62bda,0,0.4923475048374149,0
c2ec80a103b7d5db864d5fba0ccc13ac,0,0.49234531820485533,0
432bbaee2b6efe0f52cc5fbe03c6074e,0,0.49233795965152655,0
c2ddee887c6027dd5d19603be6cfc6c6,0,0.492337055436064,0
f0620b33e896c7e699472c9e12c1d3e2,0,0.49233628610501357,0
50dee0f0f4c9d0d69da4cb4155da0463,0,0.49232043210186816,0
4acc0fb9699727463a16e94be5670204,0,0.49232043210186816,0
61f53a955923a271a5a805c3ec1d67cb,0,0.49230690118205567,0
acc4ecb785f1c2e406fbc327f4afb150,0,0.49229994686272427,0
9852bb26d3046fdff9d75e996aed1c44,0,0.49226255918960243,0
6d4e49445659c484d507eff3ffcb180d,0,0.4922611508128498,0
418694eb3e3096c122f74b103ff603a8,0,0.49224676607749734,0
4b855cb19adce3763ce1af3acc2aae0b,0,0.4922270121371146,0
eb0f4c15143a2b3b219816aa0431b57d,0,0.4922084609154069,0
a10ffe9b02bf8f42943187b0172a3d4b,0,0.4922064250928543,0
64820f85d78864c55ae76d2d55d0e845,0,0.492196345088799,0
cf48760500cfbe80f21a40d744d6a0cf,0,0.49218553340088217,0
4c59cf3b8144893e300fd7c3526ec377,0,0.4921832302594607,0
52832e2d43e2afc66377c52f26dacfc4,0,0.4921668285002305,0
091041f5d9e33af457d2ff5dafa2c082,0,0.49213894434891303,0
d105d31aef44b0173dbf878d2d93a6a7,0,0.49213632386903056,0
ba9d2b737f5a419f3645ab098409ebe3,0,0.49212970948341267,0
d8e902319a9ed628de1ed00785b9e09f,0,0.492125052742458,0
3f96ec9fd3b78b09de19e97f366189c1,0,0.49212498973692,0
0a8de09b646a1b7be89b3a454e30930c,0,0.4921119126768125,0
69173628c3f6d1c28d6285dfdf9f5dcc,0,0.49211037196959057,0
d1360c2c706f607745a54d1631fd23a6,0,0.4921045364897132,0
79f025a102b894e01f5ec27f3a301092,0,0.4920884355793306,0
c56092d3282662a53de1634e3041ba67,0,0.49206797255984086,0
469f25e16ffc539fd8bb34bb7b99920a,0,0.49206145395792433,0
38933a82e1ea290b1d558b9beaaae811,0,0.4920446176009017,0
49afd3c23241b0af0b035001c508eea9,0,0.4920240403924643,0
1b7bc2291eb877badbe688fe1b509fc1,0,0.4920198472890446,0
fe5b50581a1dcd4707df3fc10376329d,0,0.4920176984180469,0
e62dfc5c6c621c53845d9ab498a16f3f,0,0.49199626707460015,0
9a176d6883a469743a27791158707f97,0,0.49199146433201024,0
f093b2b2385981bcc809a365e306465c,0,0.49199069074148155,0
09bb53b69206dcf2a8fc66b3eab2735b,0,0.49195363117422747,0
c3d7eec78d52a03d9524c49064b55a33,0,0.49193966763947344,0
6be9721316c4b18ab264218e97c1a89c,0,0.49190508490025264,0
da5ee76f279505de9d38705577767346,0,0.49190167839913135,0
7cb06ad872b656ba082615bfbc6cc0af,0,0.49188423839633083,0
c8b743276cb7ecd127e265d3faaf5e77,0,0.49187200317927354,0
7e306a7df32b2e8b890c0522e1bb0251,0,0.49186825193845723,0
dde23fa2daa6c7503e0be6b5ea199339,0,0.49186790578098166,0
048018b271de8a57850a736e1decab48,0,0.49186026982940956,0
57e55b8b76e3e05a0604698a4b3f3243,0,0.49185731018973905,0
5dc5870d0866ee7cc7c0db773dccf49c,0,0.49185024411376077,0
a1c7f46643704bfe70239a680a3ce2f7,0,0.49184689718341623,0
3420ecc1371e17140c73a1dd148b7390,0,0.49184602943867783,0
bb9fc56355bb977fe213512abc845212,0,0.49182894078517664,0
6b665c73da554b10f620bac8ac2b7432,0,0.49181292588304515,0
63b0f8b7cd9f21af858dd7e6094efeec,0,0.4917585555372185,0
6fe64f1493137591beb91d4f7f53994d,0,0.49175648009248685,0
5ca67c5cbf18b91e7bd892e915516425,0,0.4917433213448059,0
71ac63cf26120dafb6d3c73aca37376f,0,0.49173945362792526,0
32c4208a5e9c5043b971d31e4a21c8d4,0,0.4917372037915541,0
cfa9130eefbc3008102ccbc4889cfe5d,0,0.491721431031565,0
3df11e3b6c22394922f7918cb3f0e406,0,0.49171996427701753,0
39c27daff7dd7ad6f534c53970fe8e3b,0,0.4917031144568747,0
3d90370e0fc43de068cdcb65400281bb,0,0.4916858738357443,0
7fc2e54bf3d557c5085b650c943d0fef,0,0.4916749628848562,0
62571cfc1e7bc956d34304b50e67167c,0,0.4916677880510231,0
5440f70cf3151fde4f095aa7e9b5c4e9,0,0.49165530615532504,0
c9789f8b134367e211cec3d8c6478b10,0,0.49165455124439283,0
0b17d18846ac5162a2940577e8ff15aa,0,0.49164928287227705,0
3db553f2f06164371a33b0bc51084a01,0,0.4916373285206339,0
9224cb2cd931f94531d064137e8a25c6,0,0.4916224783305046,0
46f40961423812c64201b6ac9dc1f658,0,0.4916122081711017,0
fee8ac95346307f8076c4c7b26de5404,0,0.49160264059129455,0
25aa02f546501be15ab22b19693517dd,0,0.4915853595238997,0
33f95dd167f149460ff8823a314e5ea6,0,0.49157943950064026,0
149ac78d24cf9dd780802ab6504b64b3,0,0.4915498350146198,0
caca4ee1e654062eeef97972b8e24807,0,0.4915267699409897,0
75c1a606a83f2a3105f04081700cd69e,0,0.49152566863054814,0
a2aa8d11bba1578adc79385521420322,0,0.49152134540811965,0
51fe2757738f23ff266c8f26c9861bef,0,0.49150039023725595,0
e51a69059febdb417ce8df47a58aa668,0,0.4914941250148391,0
407a6773db6e845737d04a6e27e653b4,0,0.4914818638169222,0
504ae60e8a78d3dfae72226af86680ea,0,0.4914453774284053,0
725e7189b1c60964a244d43ef0b83d29,0,0.49144491905273485,0
7a7918e12ba969acbd0991630e822efa,0,0.4914431096007893,0
92e6b1a7f2ce6a0d8cc6ceb129d1bc34,0,0.491437179458386,0
2d71a995badc0a7743c78644184141c1,0,0.4914258501296122,0
9ccbb5f759db041b2db8359d71c0547f,0,0.49142533551865764,0
04ad599aceadb8ab943440c18a87c99b,0,0.49142378384926444,0
5f4039e5919fcd7aad44678707157660,0,0.4914109020348456,0
fa20beaf1f3411121968ce0546c75e06,0,0.4913902559578092,0
d888af68574687ee61490379f13f687f,0,0.49138545340874,0
baa692fd284fb31f63a6043aad620e1a,0,0.49138209473789224,0
65e43f0a771df20fd154bd6071356b2d,0,0.4913728128404549,0
ee57d2114c202ff5b2a2c97d73180c54,0,0.4913540265879998,0
c74b56adbe9e191733954bb614513c88,0,0.4913352504890345,0
99771669986400b3c91ae293851b4c66,0,0.49129230249169187,0
b0a799ebe4cfa1bf4fa1b0bc69926c9a,0,0.49127663888602036,0
49bbdba74838070fe0bdc269cf217cde,0,0.4912727777573483,0
b8cc8bf5c9c45fefbcdffa0ba61001ee,0,0.4912497532351927,0
82bbfd611198a89d2be66389d603e4ba,0,0.4912455699937865,0
f84d202c33be18d8facca7d51592a51f,0,0.4912446350785728,0
62bad9a1bb0e66d97d1ec173cf406f23,0,0.4912424046325306,0
6d81cb71a99fa540f649afe49a4c8671,0,0.4912320675092583,0
1545c5dbb98090668fae2225ac8237ce,0,0.4912082196329994,0
a096deeb6ffacc02fa4efedd3c855767,0,0.4911858066072708,0
d7058caf943240f4367a4655b6a5ba72,0,0.4911840053908205,0
142c276eb948e03f3755b804bcf11109,0,0.49117438410851266,0
3b7db2193ed15f85e6eda7ddfa2ead27,0,0.4911548609561734,0
ab17132562436b8627dc90b683ee2a7d,0,0.4911500412791814,0
a0527540f53842b5e705b3f7c245dc13,0,0.4911340691613113,0
145e875a57ee60b324e31dd3d6b24a3d,0,0.49110037089705966,0
e1729dcf4518b4ef2913ca065173d641,0,0.49108945084745426,0
80df30f0d6ba1645c5c2810777c73539,0,0.49108945084745426,0
cfa2652966bbc756e9ea2beacfbf61cf,0,0.4910856513392273,0
4be2cf6ece132b4da60c899c866e5ecf,0,0.4910835217952428,0
8b116b6c7a709e52e83ff5d68d4f01fd,0,0.4910835217952428,0
83bbc81472296b7b0d3e4e40675b084d,0,0.49107864790336125,0
ead41c944830a7027216fcf8e95043a8,0,0.4910369041860194,0
16c8f147b88e1fe764b93887fedcf5ec,0,0.49103135454060637,0
ba197c8e73ea6ad47bc05321325331de,0,0.4910080072751189,0
10781139baee5b4ca3d36d419b870204,0,0.4910054245419661,0
a09dc88c5f272c2b4a3b54cc15bdbf1d,0,0.49100401572389496,0
8b2c813f715b59ee04ab0139bd9da817,0,0.4910017823602711,0
d7538b573179d0bc4ca666c03cc12d55,0,0.49097046677632195,0
34ef3afec743ed13ec047986e2490f96,0,0.49096789402359614,0
10f31bf1a6e4ca208d738fd5d453c9e6,0,0.49092492290205686,0
8860815b8cf19603d76e32cb79f3c7c5,0,0.4909190052728851,0
8320b7ee3f8c74fe3b817291f375bb4f,0,0.4909056206679617,0
a4aa60f9714f059fe70e99d63f65ba35,0,0.4908975034413236,0
79b45e709f02ba57fa940720e346e59e,0,0.4908907751816614,0
7c778e5a4b3bd2bf2baf60e8ec9c50ae,0,0.49088169593827496,0
161a24b37c2040a1a6cba28e417684b0,0,0.49087888867028895,0
78cf129e526bb784c2d9ff1616c40f50,0,0.4908595213179594,0
7e3040c20b1393e5d1fc3689c6b5b02b,0,0.49082140067507635,0
77f76d4dc64277925fe3a7f74c2fc620,0,0.49081989102424706,0
aadaf4df591a00f298877637a0254700,0,0.49081741118498357,0
a117fbc2530e3b766f4f14f27cfe3c25,0,0.49080376582945545,0
17a3560319f6de960be6ca4034d1524c,0,0.4907624562008169,0
224986d9e2bbc1eaeb9b6c0ed42439fe,0,0.4907379492655553,0
5acd65b5aca9647231421838e17adf78,0,0.490721796849812,0
cf093e5f45689d7f7e4f885638ec863c,0,0.49072172911162154,0
49775316f12383c6fd30504f0922b7aa,0,0.4906940036442395,0
ac584f04e3bf59672590df9e6d99bb5a,0,0.49069316697561366,0
8b4d7eb805eedb49802152652d775164,0,0.490679115595802,0
826fe81cab42b7dafaa39d81a7551bc5,0,0.49065842095781553,0
d5ae3fe5bdac30fd7b915d1c69aed36a,0,0.4906582450152066,0
94df2c0c566b7339fcfeaf9c901b9f00,0,0.4906563676338762,0
9c387eb39c289c9cae321c72bf38ea59,0,0.4906561086976106,0
0ed7a1764f310e4becc0cba01027872e,0,0.4906329721867902,0
da084ca75160f5a56be294285789035a,0,0.4906310665184647,0
b01595778cee75ac9ae774075ef11904,0,0.49062722831936234,0
a6168cd79131e64acef92e3c74d6cc43,0,0.49058421170956007,0
571f07d1b5e420f64f26a615c7a3e565,0,0.49058292481512944,0
68f996b25ce65102866aae09a641b3d5,0,0.4905788238473426,0
d297387def1be804d618e4de90861d6a,0,0.49055699905976885,0
78814f76f9211ebd44f6e962d643fcab,0,0.4905504914427448,0
fefb51ae967d1697fdbd24f37d6086b9,0,0.490545029004287,0
3438b8441c857ae2e12fb185b58ec074,0,0.49054410445408064,0
0d03df54fa1bc915b35ab60dde36e6f3,0,0.4905378183983314,0
25a125f23f476ca50059c592a21e8363,0,0.4905305803349138,0
d91a33d16eb51762c15ba0a16816b0cb,0,0.49051795277736615,0
70dcf88bcd194342f831ca90699732cb,0,0.49051668877169313,0
70be06cb5569d9a52f8f4fc13068477c,0,0.4905165477175549,0
06e6706cd5fc45a1157b970df4b88b4d,0,0.4905139305815476,0
69f2b91e480abdf906b7ea6c430397d4,0,0.4905103017993904,0
5719f174d975c4f7b6a06e7c0a50401d,0,0.49050590944031436,0
22cad44d0b2143de8b14473e32e1c3b2,0,0.4905057695082119,0
650256ffdfe8e4453069e80a6108edec,0,0.4904895013314119,0
b4b4e3fa657ba4ad44f874d6e0cac1fd,0,0.4904745787090868,0
f9f0bc023adc9ac6a45ba459611d752a,0,0.49047271627125905,0
7dc4dd74d322e04c249ceabb0bc1c39b,0,0.4904460657459745,0
f6b599d7e212c63cc92c6c81450e8e18,0,0.49043857756564707,0
694cb45ff29b603ac2acd51016770097,0,0.4904381104884052,0
741183200e7b7aa48f6eb46ef620542e,0,0.4904353736827779,0
26e7f29d019a18ca03fcdd0104432829,0,0.4904269870672554,0
6081b3edd5c34496e8826160190d42c2,0,0.4904237384096922,0
9ef7342827bf423b936bb90a23a12bb9,0,0.49040763420934963,0
4a209254be80c85fbc7b0138a4d5f52f,0,0.49039837196187513,0
66f81d1a26906704fe31bde8bffd4fa6,0,0.4903649875769592,0
e1320c85377b62cad93bbd7ec7cfbdac,0,0.4903583281878972,0
88649e41fbe394406a26172086142a12,0,0.4903580629905623,0
5f64471ba8b7cb7766c439e59b427d13,0,0.4903526794969429,0
65a18aeee777ca2721b30e3ad1ef46a6,0,0.4903348316530813,0
c90f4838718f64510792abce92a1a7b5,0,0.4903316493607641,0
ace5e84de1329d5ca890a49ecbe8881c,0,0.4903287116670185,0
f5b4f7a0a21131d5cdf1b3f551c5797f,0,0.49031478439457077,0
b4326179b03c9ec3794de963bf6e2f76,0,0.4903141403742497,0
0c9c69e1c09db6c3891e0cfccfd05bcb,0,0.4903089729246185,0
0a49071dae14394fdacf99fdda9dedb4,0,0.4902834243782379,0
5c338ad93413c3a1b964e7ca78f22e22,0,0.49028286312135044,0
b3933f964971e7e4286dc1bd8dafd851,0,0.49025180711320687,0
b1897726f090b033d93dfd645e877754,0,0.4902393234593496,0
8917b14ff5f8730930f1b2c98c7fc81c,0,0.4902342349537925,0
900b7080ebbb8928be56ee37b2814953,0,0.49023320656959946,0
b6638d73e7a3e1395cd42da18fce57c6,0,0.4902264148878516,0
9e5b538cbc34e0a47723c4b0eb8ea6b0,0,0.490223542786858,0
d6e87dfac78f0e6c83cb3e8c935f3346,0,0.4902217566935095,0
7d524d0d52f498e17582ace5affd556c,0,0.4902212655080836,0
ce8d54c038be090b45d38395bb014c6e,0,0.49018084540373147,0
03c8ca2c50b62610046f79db89de75b5,0,0.4901808317208292,0
7d7e9471d4de3f0db5c14313fd0cc282,0,0.4901574682727628,0
d53ae17654f054da7669ac5ff839134f,0,0.490152108810135,0
9a267bc97bca41367c6451fc3134c392,0,0.49013490265259185,0
35ce6fd04c838f77d9c7ad7031b18168,0,0.49012842450054656,0
f04f1b463f9b677d1014bf7529ebc5a9,0,0.49008164379343566,0
3b82895a22644c49d4affc9f7e52533c,0,0.49007920491187235,0
00eba9372ced7769c4b9f234923d73cc,0,0.4900501125994877,0
d06bc817cc4b762cda894e380073aad7,0,0.4900424020678013,0
d5a5133e87d3fde908a4f0f501353fd3,0,0.49004083336475873,0
7f38d02baffe26c567bb9a37c0d08104,0,0.4899972529503479,0
876ce950970e67cb731e5f668ee4b523,0,0.48999046628145887,0
b9b1eed78d397ed5e859d6a8ce9ca3ca,0,0.4899893450156692,0
1e2eb954667dbb7e10080a97247b5de8,0,0.4899882583960379,0
d8819afaad0c37b1b0b2040fb3fb9095,0,0.4899640920629636,0
580ede5a44a53752cbfe26f593e4136a,0,0.48995909752667166,0
cd062c3884b87e326a97e54d838480b2,0,0.4899564591736996,0
e3405e8bbd4b26de8e5dc6c17613ad50,0,0.489930815299084,0
30808d05b361f15d12d5e5057aa2b34e,0,0.489911195627594,0
b1d711eeaf05deb00e2e1259c14ef83b,0,0.4899050353834793,0
4949d80cfc48df4f86a72f07821cbfa6,0,0.4898856782963621,0
d7fbb11974d2c2abaf0ce7fb0ffc3f85,0,0.4898717608905135,0
a375d660daaeffaa316673543e2d5338,0,0.4898628211954066,0
fe8a3f7661f79b2bb6e2bf0a0902f549,0,0.48985524617290166,0
d7f6e09c024c6e524d8db719622b7446,0,0.48985430636575444,0
6c5cdbf69b86d886a91b3e872cd15f60,0,0.4898509734064947,0
c6115c3232e1f595e4dff9042f37165e,0,0.48984157875277134,0
8f5b9dd8e6bff17502e06b7d31e4ff68,0,0.4898395507043761,0
5b74b56a35acf00c721835c355c2c47a,0,0.48983661266978995,0
d88c9fc62a77d7da24759ba8cd96a2a8,0,0.4898345653925096,0
f6955f802b2c8d4d88d57fb384f049c5,0,0.4898111668185363,0
78761d0c2d365eb550a618345df5f9c7,0,0.48981028050394204,0
535e76c08668acc7f9c8dff6161c866d,0,0.4897955469677993,0
70e768f35394e68b31cb5605023486ac,0,0.48978778803499706,0
4c8caa9fd5a07b2cfdc2f9cce7ad4f77,0,0.4897852121831884,0
48cc37105bc1569214a5477cc801e1e5,0,0.4897818792426943,0
cf26c0ed98d29abab5c9fe2643f88d19,0,0.4897794355454579,0
a32e0f2e2d2b43469f4525763796e3ad,0,0.48974612740240614,0
4476e2dc7b55a04ea38cea4a9c710f76,0,0.48972596998677703,0
b61de7fcc331da9b8493a4ec5ba50a51,0,0.4897144762457122,0
2478fd4bc30a8724f6513169153e5670,0,0.4897132193687023,0
2477493cd0ffd29ef87933e32466fb8e,0,0.4897043836669818,0
cfa2f237bb69bf90590d25553746e604,0,0.4897014428293593,0
66a24dc088bb1c8be023564c5f698f17,0,0.48969978562480104,0
7f14f0141917d360c6ebab50c74ae87f,0,0.4896974443120521,0
04f843a271266e791f33eb73fa352514,0,0.4896789044705557,0
d1d16513ebdc77db7d43e484604329e4,0,0.4896757544230883,0
6b52c361ccb2a01ae01762d5becc66cc,0,0.4896405438450568,0
51b6e965d6bb81ff0f5bc5f71421f2bf,0,0.4896175986001867,0
d3e3903121c9c1e9a9f111e2601b03c8,0,0.48961277783516227,0
9f0d211a0fcd270d5c9397220d318cd3,0,0.48960173305136295,0
a2f8f1f8f4ecb24e5d416bc3195eb21b,0,0.48957563507820256,0
4c9097671506eb668546b2c1aaea3c83,0,0.4895461845024572,0
d8a89aaa59ca5fbb3831547f7eee1a63,0,0.4895290567792278,0
d7618a73e45f60539d9eeb04c5bde1b2,0,0.48944829680859603,0
8d4fe7b4e4fbb484a3b7e3193c6cb74c,0,0.48943564750575963,0
8533a540818c6fcd6c1eeaa4f1a40d45,0,0.4894327133992939,0
f2beb52a2427676390b75433a5a03bf7,0,0.489431320875872,0
e890dd153c9d49c005865ccbeba8979e,0,0.4894163045580681,0
52a1083db4d0d0e365033c941d3cee38,0,0.4894102938255769,0
02c3fe273d4f8888613526c3a3d808ba,0,0.4894092841500753,0
21c363cc23467c0a77e0b8f34b219875,0,0.489332327465991,0
a4351635fc12dfd9a54f38f799a5b32a,0,0.48931753162666625,0
c516ab5d3734828829370782add9a630,0,0.48931560476801195,0
e1715ccfbf7938afd9885c65d097b912,0,0.48930896584685935,0
a110a3eaaec5a03917b96c452c705efb,0,0.4892909683309668,0
5dd6aac1a7d7b9d52d3ddae570301a0e,0,0.4892800501086128,0
0036d365b138cc0ee06bed755bcb5044,0,0.48927816890957004,0
5a864ed43d66c0df7fb841732847b343,0,0.489275280303278,0
42d07f9538ceca728bff607681d046c0,0,0.489268123360163,0
da781728efa581d1eb0906cf3a064071,0,0.48926193405149143,0
113ae50e040db6763fc77e16b7e3f7f3,0,0.489240638059688,0
eab79251f142f75cac90d0fab01c9b56,0,0.48922236371040384,0
109b305f2dcafa414eaaf922455163ab,0,0.4892187511320087,0
d2fd01ccf79a472224ca397cae3dea23,0,0.4892125481819149,0
ea5ba533074aeff0844eab0c690b2c7a,0,0.4892097442313053,0
4c43b3b1f461cbefeda06a61e97a65a0,0,0.48920417166712715,0
c7d6e2896234cfbbc5b3e51734e44169,0,0.48918348468618944,0
1f6669d922106a5e761cfba1ede22a1b,0,0.4891793557216602,0
4138b55ed3e3f0fd8251985618514529,0,0.48917892292895987,0
056c58156ca6fd3d045cb72a9c9f89c0,0,0.4891585548860152,0
bbd45d363bdbd76fa2b8442c06bd6e24,0,0.4891508577352235,0
89a5a54fa3680e2af1c9e58057376086,0,0.4891477977697751,0
3d7b664a655e81ab09be4aad1bd186a3,0,0.48914042846759853,0
0aa6ab94804bbc055e5bae5afcf5f5bf,0,0.48913958654248757,0
404e06330a17fcbf34d1e64651e822b4,0,0.48912836360197876,0
eada36d54431c3fea3af17933c7db143,0,0.48912382906000124,0
dcc6ccc2be5ce00756582db88d58a4a6,0,0.48912180143138995,0
09ade7f71421811e0f29b115713ed463,0,0.4891046232887792,0
2d1bc24b43d17b316e19f87c1291c7ce,0,0.4890917166791314,0
0d3b0c3dc72b06709d2e076067400685,0,0.48909075137330454,0
5a30802342302d5bcef2bade8d40d847,0,0.4890740405980833,0
8fabba01bdf76fa17ca1bb11d4ffa2e0,0,0.4890701395614696,0
fd5044339824c03f3b89f398840801a7,0,0.4890417170028405,0
09b496dcae2c6c126812d20369b44bf8,0,0.489029808454141,0
7f1ffcbda3100e51936cb80d6d591de8,0,0.4890221761645381,0
87e50b384de51c545683a2892b111bf4,0,0.48901413172227653,0
435615550ef4aa0b8e484c055a42808b,0,0.48900174039551053,0
4d40a08bdae00bbe6bb0f97877ef6a43,0,0.48899839589326843,0
cdc69d19bd629d9087f32d67e15a39a4,0,0.4889592836091803,0
1aaf4012c7e44f934af17ec7338166e7,0,0.4889408811930878,0
f163f5e7679d74abaa0038ec6544a20c,0,0.4889327175860474,0
867ab3f8d3ca7c9a3f6795bf80f439fe,0,0.4889252918426992,0
7a95712c9290974ebc0dbb956ac27837,0,0.48890568032091763,0
2ce3418cd7badcaed052068125c64b87,0,0.48888090452292676,0
5bef53f126380b6d5e5709ce9b802064,0,0.4888372866401365,0
48a3b4f59eb228f2e80ec7e8d88fc2a8,0,0.4888318073661886,0
87cfa19b98c059fad565c97629f9f274,0,0.48882382318291523,0
3e1e65dce6ca95809bb8980af28d3317,0,0.48879902677888426,0
53dcf03d15f1b83797235d58729448bf,0,0.48879381430740204,0
2fb1dd4f2ed092c36907a880bc0c77ec,0,0.48879321161737993,0
e382fd8d3ae96b8df427dc2df59f55f0,0,0.48877782520782825,0
8a635a0457e2fbf70e027d44f9bea9ff,0,0.4887697311406392,0
1ad90be6366fd0f8683464292bc9cae6,0,0.488766649428133,0
f88d4e4a9125083a65e8073383c81d32,0,0.48876266811720087,0
4219d1ebcfedd1e6082605ba42d29040,0,0.4887490276353972,0
46f6d9edde823b57360186471b35d4ff,0,0.4887464815721409,0
2854ec45024367d1c3f4690485ef01c4,0,0.48872905982443354,0
acbdb96ba80617e88d7aee420c0a11e7,0,0.48871349524569224,0
abed9862c4d074ff11ca43acb962ebf9,0,0.48870889947771884,0
c892b9c8c0e93ffa414264ba32d6a2c2,0,0.4887077155784465,0
331b42fa305e26db26e50e92344f6730,0,0.4887057029995764,0
14293d8b2ba9f88d1905c83adfa9d1b5,0,0.48868817884789123,0
6f2f8c29381369806e0f93391ad6812c,0,0.48868773603911697,0
2b99c2ba00b6b2290e1853833a1d4cf2,0,0.4886539973432085,0
a7d4bf537dfe277f70e1b63a2ad1534b,0,0.4886482128451335,0
c2495d0891221237c0146a60af8dd684,0,0.48864050417855615,0
00762eafc5dac5fc1574f91e9b7c9b67,0,0.48857516638676396,0
0aba2f717e52db1ea90e281ad9b4d5a9,0,0.48854954770942544,0
866ce518090cb08bb2e299fef22a6424,0,0.4885294699507438,0
be1d0995c5d2e3db5a79087d9590eda9,0,0.48851353873679976,0
7ac51a9e42528f933b21dd8be915e774,0,0.48850766581203914,0
979851d650459bc5f67ad8ebccd5829a,0,0.4885008142768658,0
50e0272e769198f7a8751339e98c38e5,0,0.48848387205874455,0
00c4592dfbfe06775ab582d7a2b8dddf,0,0.4884738622721666,0
58d28f6749df928db4d0b9c12aa0d331,0,0.48842551958095887,0
a8f99afaf1e6db5d6ab8d43d4f5b18df,0,0.4884216608209708,0
42ea4f3c7910b52e6c81ced63b335289,0,0.4884151809276506,0
3e43fc8a00d1e9ef2879b0e842820155,0,0.48841127454510236,0
25e6bea0f352b9c61d1bed324da0f5cb,0,0.4884038420798682,0
023571745d76e09f8bd5477af28f605e,0,0.488400081246817,0
448efcf5726e932fa4b8e5e11898aa49,0,0.488366908438871,0
24309b7b0b9526c167f5b54c302dde7a,0,0.4883631570891144,0
0bcb3aaad5749c9a59a54d772d44e83a,0,0.488348105544825,0
80e545fa344d06cc848bbe3b2fac30e0,0,0.4883416406228101,0
25220bbe438a290a7448d2ffd9d68938,0,0.4883342250015469,0
5e6e38ff8be0698d61e10c26e92dd432,0,0.4883318080020608,0
1a189f701629ed12afdd77259dcbde0a,0,0.48832380003148945,0
282ae7be3c19b39aae6600da3258dc2d,0,0.4883127127123601,0
a2fc44e0bf084ec8a39a5f3391a80d7d,0,0.4883093839050435,0
ca93f64412721568b7661eeeab085f54,0,0.48828991150376644,0
4febcf117fb1744228c5c3fb7e2a1c76,0,0.48828341798964,0
20cbcc5bd6db8b17d7b024228a221e65,0,0.48828293462357086,0
e292235e98592549141195ffb566d456,0,0.48827701612788715,0
49bce1231132a5497a18f9259f03f4d9,0,0.48826794908517396,0
11dabe1669e29dba5a0874caa569be29,0,0.48825887690578196,0
b7a841426e4064cb67f12e9e4fdef49f,0,0.4882571366740322,0
2c03431d52e6ae4479a2a2310fb2e481,0,0.4882413735638725,0
b4b5d05ad37bbedc757f400434454541,0,0.48821613410820597,0
ebeeaf8cb797f6b00c9170a18a7b7ecb,0,0.488208792087102,0
c47781b9cde8aaf98066cc94064537bf,0,0.4881932352697658,0
4a3db5579b3d8bcb6923779323e0189f,0,0.4881871473821811,0
d0ddd4b9b7920107716a259664962c47,0,0.4881647802633083,0
009dd7b313c04f4ccd9d4e423bc04ba7,0,0.48816203648881984,0
7b631c599738c7860f228fe8a4c4d220,0,0.4881618701252602,0
93de852e696fd919a7de0d683840dd26,0,0.4881402858192837,0
3262463604fbbe0573882299d44d8917,0,0.4881383164424422,0
d3f65d801db8575f8c7f418a72f089b6,0,0.4880751497132494,0
fbc56033bdc4a266370de69012019a97,0,0.48803714218739835,0
096a473366157adf8a459627f97bce1d,0,0.4880320692460199,0
d3a8a767ea6c6ecea1af7bcde1ba1248,0,0.48803060938008974,0
b718fd0e105ff7f926f719c85e994568,0,0.48800858805165176,0
af891fdabc40f3e11c5813f876b5257f,0,0.488000124160322,0
e5778386b970ff1eda4936754219c1b6,0,0.4879831655382007,0
f8e69e86bd548c0126ac624355a9054c,0,0.4879815163453281,0
aabb72e2f3c205e6e6b286966775e81b,0,0.4879710912523953,0
d5737645cb2f0446e7d739aa92d0bcc9,0,0.48796675057195843,0
4ee37991abb735e85b6965adfb0316cd,0,0.4879610145195124,0
f46cd8e8279ddb2ce406d91793f879ed,0,0.48790467250458375,0
49616117027655eef4fa46a4db852ed0,0,0.48790467250458375,0
5c06277d20503caa9cb14e73fa109302,0,0.4878931612441138,0
4780484c22e46768f073e9612950111d,0,0.487891266132799,0
248ff30aa493195570d2095f6138871a,0,0.48787210169929446,0
697ff93787acf6c3bf84f58d88f41d7f,0,0.48786164161885487,0
8828868edd8b70cfd28432b5598f1842,0,0.4878562332677576,0
bf4862777db128507e9efcc789215e9b,0,0.4878521530471184,0
ef885eb5f7285a17a8ad732fae8af8e8,0,0.48785133687715954,0
a229a26e52759c3a1dbce7030ed633b9,0,0.4878322769386962,0
529ad41749c0aa139b22508ab4a696aa,0,0.48782879446071276,0
a5e0c7e64371f5433e85d01dd9c2419f,0,0.4878160649160605,0
45e1383f68227bf259f79319dcba791c,0,0.48781268836331504,0
af643c89c99d58e5c15990f62a320f02,0,0.4878108611369252,0
65a7f11f6dce46ef1804aa10d1ee872a,0,0.4878062543593039,0
ac4608633d6d8d850b874a1a7d17de4c,0,0.48778379657392373,0
d7f3402390973a7dac1f4c618889551b,0,0.487738382772535,0
d41d40a2d2b1007e6f09f376c68f3281,0,0.48773498987178093,0
bb6acc4233d0bdefa0105ce60a0aa4f1,0,0.48773410147912705,0
af970f53e00859c46fde6307e8986a39,0,0.4877144817978996,0
cfcadf97c3ae58050350449f27e129ff,0,0.48771307617634,0
cd0e61e6c8c905a17ece8ed5b2cab62f,0,0.48770399874557335,0
8bfc0e49e20da0645b97e16c723de07c,0,0.48769467439613945,0
1aa6f4e663c92842d75df617ccd2f4c9,0,0.4876932110025539,0
77af37be174597cb532a499351dec559,0,0.4876900572271724,0
ab8e23b541656451d44079e20347f571,0,0.4876770098325575,0
7ae8e196478928ab8223458a90681d26,0,0.48767009310908144,0
a27ca82e1be334b38bed939304014219,0,0.48766163595933104,0
0204f3da94dadaf3fa21305413e02d63,0,0.48764390808203,0
bc0c41b70e1126510082daf85aece147,0,0.48761262587320875,0
c515e97349f153be6e4d1d85c037570d,0,0.4876035432155536,0
6dcfbf03e3b9454a0a0f197f6eed055d,0,0.4875973998965493,0
63590d97e0d4877dc3e33a332876b7bb,0,0.48759253134967995,0
80ea96959a0e0842307e1b4ab4c32c63,0,0.4875623071502962,0
e93a8bc2dfece11ec9cdef4439222acb,0,0.48756215334316716,0
66a964d70ede2f23250aa6e57a568ab4,0,0.4875453842102549,0
50f0cd4b360ce6c7027e4a7055592d36,0,0.4875417440127375,0
a93a36ca041983ea058179dfb0eb0275,0,0.48753893547686983,0
d1d94c88646c70f52f7082d7860ce929,0,0.487531512640932,0
2e761fd73d8e33f996bdb5022f146029,0,0.48749635851686407,0
c33680dce5ea39d46d1f5c3f6c30a120,0,0.4874959551923789,0
e210ba7ec6880abcc06096731feaa8bc,0,0.48746944512158846,0
4e88baedfadd384da318d6230d8ae553,0,0.48745125854664595,0
cb7f1c2abc34c1c6b371a305b1edd668,0,0.4874494383385975,0
3b55d03bf003a04f9e63d73b3761d270,0,0.48743281450582715,0
15fd3a159a9f61c5fcb578bda17dcf57,0,0.48740658136145537,0
17c943e1b22b34cc6bf712e9c623ef62,0,0.48739793112257085,0
64fea8f835a632f5380fcbe463524004,0,0.4873787578658933,0
ee95e177ab3f145dbe033160ced52d68,0,0.48737819667539617,0
f5e127d63aa0dc285c7336c96d04f4a6,0,0.4873744913077119,0
1ea77707c286e5de1d94243406e1fb06,0,0.487374005481418,0
5f204b1b51e0c802a58faa45d670d7fc,0,0.48737015635836906,0
387440ebe588404c0dd61ccebfc65e64,0,0.4873695135194376,0
dd473d247facd88bb1d5a4816b99c7b1,0,0.4873512234995688,0
9f77f8bd03a40e40de77fbd4111fc329,0,0.48733848958977843,0
eaabb73ed5cdb66c90671bd99e9336ba,0,0.487337080964433,0
40408a392234feaa78f1c57ca5914b94,0,0.4873365426324321,0
1e52d516902c7bd46d0532ccd79b1913,0,0.4873303746084414,0
ce8251a9f8544b727db671f529988f85,0,0.48732850745203543,0
f75d969ab1bb9e98db3e1a8329953b26,0,0.48730443550459035,0
68f412bbb674141ab49ef13b501baf45,1,0.4873038356809079,0
a6dffeb9c9846f2b1afbf5f8ced6f84e,0,0.48730007091499217,0
110c5487163d40f2af24d9e8344107ca,0,0.48728137456531195,0
090f946db7e506e40b54285ec53dbf81,0,0.4872688812264493,0
12bdc2142f466fba74dac445250b9e0c,0,0.4872546473512043,0
b7e21bba748245af706650e48b36e1b1,0,0.48722789317355913,0
a942204dbe5292ccb73d3171b6d03d54,0,0.4871836111987684,0
c2038b4d8b01ceb6b509e4fc35c543bd,0,0.48717981044182573,0
0fa4a064989236797d08591a95b05311,0,0.48717981044182573,0
c4dc608f01a1f50ac458d2ed8c1c01d4,0,0.4871789686731462,0
ae58e00a7d46b5ecea59c3d61fbab7fc,0,0.4871780346383023,0
e5500e25b05cdc41ad05df9cb17ac25d,0,0.4871680808181266,0
2f4b12b7c1337b764b0df07e46984191,0,0.4871591059815113,0
40de78e4a77f3e6d5fdf4c5ba07809ee,0,0.4871399941604427,0
d4b57ec91daca087ba9b388cf42c205b,0,0.4871392592970385,0
331dc230afcd2ee9910c68f1790a0582,0,0.48712766541934155,0
1414a9595feb0039d2d9cc169e284d95,0,0.4871100798522581,0
a5314b9782eadf829791c1363ee2705f,0,0.4870855450150784,0
2811bce3b9fabf7447f2e1485a7f1126,0,0.48707193519674213,0
e068acf8f9183375b8dbcba1c7ccc143,0,0.48707174551665544,0
5a34e8aa2bc2f5ed47504807061fce82,0,0.48706192216254196,0
dd9adaba239fa74b163997a874959dfc,0,0.4870456701680672,0
f676ed47d492247956088aae351e1bf9,0,0.48701316464461525,0
d7ca1f3f3a0c3d354c7c13b3a414ead6,0,0.48697665462119827,0
c94878ba8984da578f5b2674727fd748,0,0.48697502888846234,0
52fd49a9e404c6a5aecd183430698b63,0,0.486947341490469,0
fdfb46b404448e4d1bd4361ae1236489,0,0.48694075613811133,0
ac509a71d7cf89fd9af2cf7b7629fcbf,0,0.4869405962156652,0
ce2a106d880254f0fbabf6a2b82f8360,0,0.4869294819724409,0
9a63e6f409edc461d17c76f033dead5e,0,0.4868994623589017,0
3d99c2d51c16a9c900b74ba30301ecdc,0,0.48687739577681133,0
e1bb89e184a3ee00f67e1391ac497fab,0,0.486861934769783,0
483bc92f963bbc90c3006e11f9ac552a,0,0.48685457620480205,0
cef354e35d130e1452229886c37e5b7d,0,0.48685457620480205,0
0a33cf6799b4df9890e2319f566adf63,0,0.48685457620480205,0
8858ebdc3765f9aeb72a495bb3b2328f,0,0.48684877960060474,0
7dc55fee6537505b6303ba7419d43340,0,0.48684877960060474,0
dd40cca4776a4c919c238c96f298bba4,0,0.4868048896700029,0
a69bc3bdf000ea4e9d4ab48291597c2e,0,0.4868048896700029,0
7fe7f4e2d57d156e3f5e291676efd9ff,0,0.48678081902875275,0
4b4ad67ad2088e78616a7bc2ab89bdb3,0,0.48678070485333863,0
011d6505c026d200e75cb0b6c47da758,0,0.486776125809043,0
0de9c382f7bc3608d4d071894e09eb82,0,0.48675587496381156,0
0a56b53b96fc69f9d9aa8a0d4037c900,0,0.4867158396809682,0
6235498857021685bb9928ad1b4f7ccc,0,0.48668014109585434,0
2ffb1cc8ab89de76ccf843557070432b,0,0.48667525821295987,0
61ba9300de4f65dacf5282ad4aa3720d,0,0.486638496539771,0
06cc6c8978803b38a4ea38013f53ea6b,0,0.4866381544966545,0
dfaecd6ef4d9bf884a89c1712968d69e,0,0.4866040586098267,0
ef22c3bb2d1a88107c67d3af5400b6bf,0,0.4866004756709018,0
1d08a6b3a9a1fa43a1da69984ece9ef6,0,0.48660016154642866,0
579df47dbf5b1a6a8ffb448bb98e1796,0,0.4865755937078692,0
4118b91e5342b4c4fa0192a131cfba90,0,0.486574149179503,0
9980000a70dc1fe2c480b353bec7f470,0,0.4865711485749675,0
10b7a445344f48224549eba018862570,0,0.4865612508413885,0
37cc82160685ecacbee8ea034056ae44,0,0.4865554171147439,0
72feb591ae452672531b88c4fab94797,0,0.486546482997562,0
f8c680f325076e63a1d68880937258b2,0,0.48652836616195183,0
0f546eaf66eb19369deb8b9eda151b4f,0,0.48651067463140396,0
4d645a79f9e8db4f4ce063f6fdc1556f,0,0.4864886158194253,0
79c992b34800f7c200ac412a676e4808,0,0.4864550438863175,0
3e0845420cb8ea26325cda9cb7cc4d8a,0,0.48643788679762273,0
c51163cdd2b6424a8da364d10874d7e2,0,0.48643664101924594,0
b210912672cf72ad8a2408b009fee65b,0,0.48642235478611245,0
ad67869b898bbeb8fa7b8cb5f6106b7b,0,0.4864080412509659,0
c491d7725de3b32529b2393247767d55,0,0.48638617139586166,0
827475b6b295e186c7b7c8eb2199039f,0,0.4863766791851564,0
3d0fec9384669a8c09990be52ddeb363,0,0.48637077903344755,0
68662748141dbba8076b5d0e10565c2b,0,0.4863702960385983,0
f64fecaabad93ae626f6dff9c13ecb86,0,0.48635587946106174,0
497543c6a3a99234d606cc4a9fec386b,0,0.48635195732659925,0
2e2bcfda0974fc6ad38a009efaea8285,0,0.4863240428609124,0
aa45ad6fcba95488ece6beda576c7106,0,0.48630770928413186,0
5d0a9c06d5c91117e621b874d8f60470,0,0.486301961999686,0
ea8c130ad7f684ae458672c78e0dfd00,0,0.48630097770620945,0
d8fb48b62a7c18c993d0676109c4ca02,0,0.4862813008487555,0
83eaf03b228046b51c0e4651b24475db,0,0.48628113807241075,0
f982a8f4e3f5bbdff4419db9d9c1ad93,0,0.486274735946015,0
520818de79209b5919c03986f6bea909,0,0.4862162880485606,0
c2bc57ea0f154bfbe8271a8c5d816d24,0,0.4862102209958081,0
49910372b68e54a7d85f83ab77637810,0,0.48620671308720653,0
2a910efc136042a1dd32dc916878be40,0,0.4862031358635459,0
3cbfa8093b3ae36fc7a01c0a263e0389,0,0.4861920241356408,0
b0fa48301348e570d1de128c8b75e9f3,0,0.4861734476414003,0
25c69d0f4bff4ad0b1ef59a2c17e4d88,0,0.4861410895330083,0
f2d9562362aaaceb134e071eacb37915,0,0.48611881429372006,0
d687c16dcf223790dd97278b2cdbe240,0,0.4861169784543814,0
bd025dd90706f85a73f01b3eacbc9666,0,0.4860880508717586,0
a955261f6d0390e5b5a6d0b2698d0918,0,0.48607839656272644,0
c17dfb6f0f59de912f9e565439a0d68d,0,0.48607689846747343,0
f1c9156829d22346161f6d319013b1a2,0,0.48607047874505016,0
1d9787b5bb0f84d02fb97846970f5c5a,0,0.48606229481125013,0
77f34ca3e12f5832d6c2119ee5dd4e20,0,0.4860471461611278,0
9742cc7599fb25ee8555efc615ff013d,0,0.48603674455772544,0
319735848583373563cb47f6f112b6c5,0,0.4860235029581293,0
3a524315e7efeeb4fe2404c3a694b270,0,0.48602152443593355,0
a9a8e12cff7baec85574adf13b864f86,0,0.48601420138175705,0
af32334783564756b0928aac81c2606b,0,0.48601291286356874,0
fd1df4bcd96b397659b947c5c8508c1f,0,0.48599554740976153,0
e3e71c3b7aa717572a4c6f4cb48fe71d,0,0.4859764778854136,0
5ad58a4e6a1a656b6bed070cadbaa003,0,0.4859681348325499,0
0f75936e0dd48370f4bc9296c3d4ffef,0,0.48596714265877694,0
31ecad36683b9b0ba61de1140f4857bf,0,0.4859664623723883,0
d318d1e80634c32132b65b347403c7ce,0,0.48594619676331163,0
a52b3ae9d3d7dae0c9e95b38df437a30,0,0.4859386675588126,0
4cc8d0ec7468ce7c4a92e850bbfd4e29,0,0.485922897636643,0
39dc893707cd584729686523e0eb0dd3,0,0.48591431895994414,0
2035dc425578425047457ca6f2cbe364,0,0.4858803563226518,0
f9675a69fd667de8b891bd7506f14a4a,0,0.4858626065604169,0
2558bbba1bea96f3f4de39bc5426d173,0,0.4858585113560613,0
36bf9f290293cce35e02370a638f8665,0,0.4858550047566676,0
0f06bc7e3909f7f41618ed3483f1e8a3,0,0.48584357867127825,0
272f7bf024e5f4b217f341bdbb0e8aa3,0,0.48583743992244977,0
16c4edcebb2afb64c6f3a896019cd7e8,0,0.48581622997998214,0
d15fb07319a69b9ddae13ea902e9b15f,0,0.4858136345593857,0
342468123f8c0d1745e0e49784e876f2,0,0.4858005262687468,0
1e3f29ca797d6c0585751cb4e10e1be5,0,0.48579395827172417,0
a74e92bda70cbc8b4722c5c8efd08528,0,0.48575550477959045,0
c95700aca24efac8baa41689f42adcb9,0,0.48575261582965956,0
414de8d7982266d94e969dd4a8f8b0a1,0,0.48572730231295264,0
d1025ab695a5daf2a5252259f8cfecb6,0,0.48572312506305565,0
55ad76dbbe5e81366ed0313659bc2f44,0,0.4856900732934222,0
954374e93a9fe26229f11c514081053d,0,0.4856815309718278,0
e16e99889e04b64fcd49b596afab2a33,0,0.48567264734403026,0
944468e73ac0ec81ddd80c7f0fe4f952,0,0.48566693718837517,0
58ef66208225145b718a2c28869ead2e,0,0.4856660352204868,0
efa7866912c827c6bfbd48f2f5be3676,0,0.4856264612994049,0
be2b2715ea6493f6dddcb063b482f04e,0,0.48562452488800273,0
655fb4f5aca04feecb2f00243473b2c9,0,0.4856182155610275,0
fae50349197fd922f4487e4000e2112c,0,0.48558451315996215,0
82b6bf4a12cb4cacd01c660e419ddf36,0,0.4855831724902307,0
5ca005699efe663ab589ac804b36c9f0,0,0.4855831050573034,0
177a7d8fda10836f71eb1be328c66e17,0,0.4855826029750276,0
4760c4078dcc7863d1973871094b8fd4,0,0.4855704931270463,0
e9921ff47a215f865bd152ce47637d65,0,0.4855533518202192,0
bd6e919ea010cdfb03825ac482546540,0,0.48550786841604465,0
1999ca62a980d1f0c69f31820b758a9c,0,0.48550733842429666,0
d7431cae71227169e2c46d240285c24b,0,0.4854592094008072,0
1e1f53c19aeedb5ebfafc4e87c5aac37,0,0.48543277627461406,0
eb43f4d7946924b5c15a69421ed93730,0,0.48543247654979554,0
3c784e5a869bdde44bcde14b7471bc4e,0,0.4854316541313457,0
9241793ecddc22fd6563685386c85eb5,0,0.4854309536898762,0
8b529b20db109479d1323f42e6ab9956,0,0.4854237736834393,0
24da7b2fbe0a0cbc65c0d732e2a9e762,0,0.48541018555887766,0
f7b8e66ce4e958b120376498e38a44d7,0,0.485407439622251,0
1a9ad53e97d6d91cd3b73c942eb19295,0,0.48539979363121327,0
4dd4862366d29145386ec1c6ce5852f4,0,0.48539164614125807,0
0fb758803f59157ecbc08969068ec723,0,0.4853056584185735,0
78bd92e122114e2eec82bf20012366e6,0,0.48530539289596114,0
4abe169ffe947fd9a577e51e6c19e7b6,0,0.485259855891879,0
9d5e7724b29739c763ee8a7e52689ffe,0,0.4852426063500743,0
5bf17ccb9d018be3b0c2c1987d681352,0,0.4852319774581223,0
75870d5ee2589a06f53a38026a4ceab8,0,0.48515922159059516,0
56dd0c5f1af835163f4189ff016173a4,0,0.48515108073795926,0
8dab20f4be782343a1ebc4e2c1eb85f1,0,0.4851410637572396,0
0a4e9baf87eeb07bc32e09b711797cd8,0,0.4851193277119293,0
d6c1a200d4b872e9bd1a4e2690dde786,0,0.48510670571164655,0
cbd0db70716ec3b95d0ae057775ecfed,0,0.4850881627163505,0
f04262ae7b441d112b817c6ff5dd6b60,0,0.48508555205285986,0
1f6367edb0fea9f9e46e166da67406ec,0,0.4850372673058963,0
b18336dae806782acf95a0c0dc1e267a,0,0.4850339813784565,0
c0f92054b870a4077638e6f155101184,0,0.4850028990453609,0
3c0b1de96eda92c3108a3ee0e4d37cc7,0,0.48499895820983197,0
de2f388db6027d874119e19f1074f080,0,0.48497994607052836,0
13df6d58662d1821691cdd8d36d984e9,0,0.484974666900042,0
671e410a93b9302f68d852a0c8a1d8e3,0,0.484939654379596,0
09510bd709d39e1bab645f15701a1b51,0,0.484936568646747,0
18fe26b02e8ae127687aa3e764c51a93,0,0.4849199792430018,0
122069fca3311a187c778eb5c822b43c,0,0.4849179970549989,0
c1dabb09b6c0f5d17261004e32802efd,0,0.48491751384367876,0
c48146190db73c764378712df6db4014,0,0.4848993620761595,0
43eab98315ee581137998c88396149b6,0,0.48488827692292646,0
8dc064a641905645d3f763322821aa47,0,0.48488546266759175,0
6c2945276e9222a1e14e3d367b901cc7,0,0.48487272629951533,0
6ad7f988a8d4cf14bc53155dcebc30ac,0,0.48486991597265,0
f0d32a619ce0d4594df9a57fba1a3a6c,0,0.4848397742242182,0
2eac18b475d7d985f0ab52b9c010f59f,0,0.4848330562043926,0
de655816b1be6bf6ed0865ec9cbe2d8c,0,0.48482525463479004,0
6b44ef4c4a50d85e5f74552882776352,0,0.48482200661738645,0
3c60fd15725bb785973c741f4b97b3bb,0,0.484815571113687,0
8a6fcdcd69b688d63ab6f124a8a94925,0,0.48481209214223525,0
adf208f77bb92d647117adaa1a7ef566,0,0.4848038472184915,0
76ba7990f4fe3c00bb2786fe11167984,0,0.48479702876886777,0
da2168560d23ebcf1414078f7a5a5997,0,0.4847960299752084,0
487ddca2a6d9494a4f91494832d4fcb7,0,0.48479294991463134,0
53cf397c4712868e6befdcdbb2f81f7f,0,0.48478244915742896,0
7b3e5c612ecd15348f4ead326335ff2e,0,0.4847632209976296,0
39e8d4c774173ccefd11a79927fec342,0,0.4847461548849462,0
58f58e001ee9414b521c2dc29632f0de,0,0.4847430375535244,0
ccf97b95d310edf490f1965592b110a5,0,0.4847411771817023,0
9b89c6a907672e04c34a9dc69c2f3fa8,0,0.4847293570284184,0
70fb0ed2f1a54b96f98763fc86199ef2,0,0.4847187913313142,0
120a6e1875940fe48a44d6cf30706230,0,0.48470068744930217,0
d7a827cf81ecfb347df3eedd1df46e90,0,0.4846761068404451,0
61d35cbf1edc461d853a4401e5212ef7,0,0.48467340375015017,0
16c5ed163d09d02ba10a18898be7f621,0,0.4846694419789586,0
30d2beed036d709d9e6ded9c08496981,0,0.48465021227079325,0
c2c71d0cb91780737b1ac2a93fea7d12,0,0.4846467499703175,0
fd365df3a117f34442836874e6cc22b4,0,0.4846345179171023,0
e9e106a3223495b9c7bfe80b84a5c293,0,0.4846316016171192,0
6e00d78e8b8a72aaddaa0282d94e12f1,0,0.4845720575546763,0
8909a7693ff3690ba586a5c17a09b3c5,0,0.48456789561174507,0
12d60b3f10be6303d4ed41fc27a0e490,0,0.4845620664083067,0
23a944d718f96d95c768d97f07b330fb,0,0.4845486800518992,0
c7d6a83992fe23fde708305e84318074,0,0.4845423279649314,0
b37c9e5bdfc418299ce8d765db87e076,0,0.48452005651722585,0
6228d10671cfab8f33b25b1cd09a3c2d,0,0.48449486509580236,0
5d60c6925979ce7923d72a13215fb74e,0,0.4844687520871952,0
b279e05336c3480829c44eec89b8cf6c,0,0.4844575832209241,0
aad49491b1f703ed0454c27f0c7a07a6,0,0.4844424069619585,0
f84b719750891eae0599adecc8c25002,0,0.48443569369986067,0
cd0681f9dd735d79fc45ab1c5b8e6de1,0,0.48442852649161855,0
3b17560bbda3f61408c00babc964bf1a,0,0.4844132668180516,0
f712378e09a2445036ca279348b5a1b0,0,0.4844094245806517,0
248c6e95bd58d148fb635f18165484ce,0,0.48439403894767247,0
43c9015f472e3121916f585168caf01f,0,0.48439225501823835,0
2761b9ad516ff6a8a35c784254ec6209,0,0.48438671757425017,0
901612011dfc5e3b9da79cf76f72f974,0,0.4843350505080588,0
1bb986e8abaa9271acdc815a41b02528,0,0.48431262064429287,0
d06ecb8ecbf9f74d51e9247009bd7397,0,0.48428261291924646,0
a80d09f2b7c2e76ff8e22be10f468d68,0,0.4842729040098735,0
8b1ae0abe817918d427c11e7885d5ebd,0,0.4842600078637486,0
7f9d6c6dd077d663837ade05fcd8ea07,0,0.48425672389256486,0
0fae0fa9c3b2212e6efce4edc98d2d34,0,0.4842299213203275,0
f75d280e67adbfb5959a3782fa91e2fd,0,0.48416810297447405,0
e695bec6e792cdbd8dca818004d1c0c2,0,0.4841595511168959,0
7a706c9b90e36b7cf7706e439d0435e8,0,0.48415840560512086,0
88d083c794a4e721f296f8423e68821f,0,0.48414114875401143,0
d44af08e4d64c9d0293247a42022d45e,0,0.48410831933548276,0
9256f26e99c25928eab7f63799ec4885,0,0.48410003223779535,0
469eeddda756ff1cc30b9b85d1496580,0,0.4840766029009335,0
15a6fabd8c57509ef6244ef21f9aa892,0,0.484069868285028,0
ad1ba362b0121447945a47fe07fef188,0,0.48405600219559153,0
3a5af37b62b6d963e8813dbac7763416,0,0.4840367025109531,0
9ca25c67e315e2a59b00eca2d4797734,1,0.48401840491683634,0
4a60461ed6324f617857f7f09e41c629,0,0.48401440694796316,0
969a073e5e07991b03418169d7fccd36,0,0.48400004471086644,0
a00d41a2686289fdbeaedd4477eab594,0,0.4839985909697252,0
01762637819e8e1cb4093ff1589b0f00,0,0.4839864885199264,0
b790018858eedb8acf351b01ec841ee1,0,0.48398548636612826,0
a0aca40e882b86571212d7a22f4363ac,0,0.4839823133706778,0
2eb72565e574f6c2206f209cbf3788a2,0,0.4839562190039753,0
5c1f0e9af062b1718a3c94f8cd6cacad,0,0.4839499758751454,0
17fd7872cb8d645f2421b63582f3eab9,0,0.4839213892021223,0
bad18f223013bb903006c5b1288129c8,0,0.48391755423829497,0
35a1bc3b10285bac477591a09cf7abed,0,0.4839160172969909,0
bfa04e2d934a65f28ba3fa183680d4cd,0,0.48391366882861897,0
2997144306ab86134c8c5030107b19da,0,0.48389426044075184,0
4fce8f0ea64e65dd25dc41241966a7f0,0,0.4838741704461203,0
1afe8fac015d11cfaef0c0896c14b687,0,0.48386245605017236,0
f4622fd1353fd00937f9a1bb0eda8293,0,0.48385920838540075,0
59c7d1615e0fec0aaf2fcdf9b1dd2960,0,0.483852058147528,0
11c345f91f9c76fd8d8c5a9dc888bdfe,0,0.4838369026918023,0
53ba3e9add3a550db5bcdd7c446d6114,0,0.48382817561237096,0
c852a4b54e1f4a41fadb53196316ecf9,0,0.48381543257303183,0
0ef056a9273f4997ca722041d7b7341d,0,0.483796481598881,0
68639fcde01876e0194320a18981b2f2,0,0.48379560262206805,0
f3ed27670a94de4b074661b65f9880c1,0,0.48378567845732534,0
8dc9e0c901556a0fd2fddacf8bf22897,0,0.48376787424629963,0
ceed4f47b640b4d7119112aff5c3750e,0,0.48376787424629963,0
fcf38c68b308ef4f51873eeb966ceb75,0,0.48376116004866243,0
fbb163a516fceac80fabc33c0e0453ad,0,0.48374434872835775,0
d0ad4835472bc6937d187584dc5b34c1,0,0.4837013224795162,0
db777435b3f78e1e30b7e70984742a83,0,0.4836849473481199,0
f8c9db34d72d97c3920bb983be83900c,0,0.4836710619007111,0
d91abce0ac51d3f11cdf76b3608f9539,0,0.48360289660204636,0
b56a9485cd8a9ec00c366912cd29c809,0,0.4836014593214367,0
fb6ec8f4bc26e87e5f9addb7eba4cda8,0,0.48358718328413003,0
903610f2b30fd33df103cd2b8476f086,0,0.4835606542762848,0
0809d9060d9962684da1f2b7c1f32b00,0,0.4835520561121329,0
746525301ff1ece09ab6b7f5a1f053ba,0,0.48354962311076644,0
6028c86d2020ce92bdc75b3c6ab04769,0,0.4835235972515141,0
527ad406091c2733785d4540c9b328ef,0,0.4835220126121728,0
1c3e4aa255e596013fc2b6dffc8041bd,0,0.48351519788943,0
8426c1ba4c8bb532a3d527772a9b46e1,0,0.48350792984674035,0
79c7b9efe38e564b3e20e45a92a64cdb,0,0.4834937927721349,0
215d7119ee04ba8fdd85407e222b90da,0,0.4834717349047156,0
7df74e3e408f487202dc06813dde83f1,0,0.48346997426929217,0
6ca9b0b650c85e0371633ed9570b76f1,0,0.48345565599767826,0
9c0dc67fc74d6f2c48d65220076aabf2,0,0.48345077671350456,0
651cdbdba118c3e569357142e032f502,0,0.4834480469670692,0
fb0949346a7f2fe991579a1261fe6c41,0,0.48344781600186293,0
52bd0e20be70b7722238e8e402c7bc35,0,0.4834471641882447,0
5f2e12d6276bcd42023882803d427ac8,0,0.4834447726530892,0
4172c15937506e4cf9c00fe988689c8e,0,0.4834420500755818,0
1b20b9cd7fa5f6dda29ec4735029f5ad,0,0.48344096421236543,0
ee94e2204c097dc6fe7f938e6d264059,0,0.4834329936289741,0
55f8517e3e572aa06923169cf5d0b011,0,0.48342399408915326,0
f6890d4fa90bf6dd5eb20e7b7c7d72ba,0,0.48342059894211,0
9d548607aaf242f7c925bef5c5a27abb,0,0.48339950533733306,0
a007cc60b9d63f637069859037070d1d,0,0.4833964026227209,0
15b1bfc0bcdc26d9f785c0605bdf9e87,0,0.4833857853086618,0
a89625469144c9aa4be0f056e99ce449,0,0.4833746083305003,0
71f6e6e2d7ebe8069e4ad85c083dbb59,0,0.48336365556427413,0
4ad75aa0c2e7ad11c9f1b613e935f3e5,0,0.4833594742946727,0
b5541d9a2ceb676fded2babc9bd9f9a7,0,0.4833537843497746,0
c3759dbf32d8ea08bf87cb12b92a1f64,0,0.4833483819780492,0
f06a1ab06893b6c407e57dde5b62fd39,0,0.4833217421438965,0
e0e0f6ba16a5348ec87df10c47ae0b4e,0,0.48329572108967156,0
0634b53657c5b19176c731dab0fb45dd,0,0.4832817399745403,0
cda1f27bf14e3bbd1cd421700c34c67c,0,0.48328038415223373,0
730a46b912e512b3043622335710507c,0,0.48326329518453065,0
21af08ef10f59c706596e765903a2cf2,0,0.48325931374780284,0
b34bf81e5f1110343af6fa26710408c8,0,0.483246439273743,0
b846a19ce71828a54b2e888c455a7008,0,0.48323421455819526,0
00377a18050b898b93e2c774be9947db,0,0.483233114170058,0
2b24e40c0a1dd4aca48fe3b3aa7aa615,0,0.483219507549644,0
ba51c00331da2443f7bccb1f07322147,0,0.4832115997286605,0
875118b1dcd48f69f97b99d67a5ef50d,0,0.4832115997286605,0
dc5167d9e627d3d027404e50bf25089a,0,0.4832027405766803,0
15ac3ac6601f5153ede0908075185e81,0,0.48320096899449133,0
5e15e6aa831179d018ee6caafe4ac330,0,0.48317361347374554,0
fd5233d2c8437ce53379939fa12ad908,0,0.48316010963501854,0
789a1461cdb1ad5720115b4f07cd115d,0,0.4831504347283142,0
49d51ff1ce1a72888b883deb6c3f5a01,0,0.48313261604150787,0
52aab659d461564a0d0a0d28d2374e72,0,0.48313261604150787,0
3078dfe83b099ae6ebe055be3abe0c0d,0,0.4831160355262707,0
a39c967d9cc336e258954dc444525d51,0,0.48308042077558394,0
e8e2ebd9428c8ec572b61a8b0065873f,0,0.4830789704003863,0
3a9bccaf4228205ac9b6696d7258e494,0,0.4830362597725621,0
51bca9fb39bd861e1f275e69875bfc90,0,0.48301333812113506,0
c6fe47b07ed75b130d71f768b07b68b9,0,0.48299988324654064,0
89d98f92428e1ab7fe3e3244efe4b2d5,0,0.48299720112336103,0
4d221875624017bc47b4d1ce7314a5b7,0,0.48297843368273563,0
b662f2900642f8b9fdda817ee3684e48,0,0.482966702130519,0
3c0f2fac33b61ab0a9b41c081177ac4c,0,0.4829421539758989,0
56a0870853f2644c202dcc24469e5e42,0,0.4828975135789216,0
07bfea3f3c0a8a0a5cbd4a78de5ad3f0,0,0.4828910786728886,0
a656863f6ac6a31a997514e757a236a3,0,0.48288755338552125,0
0724959b2a54f37d4999e4cacf8b12ee,0,0.4828706837398904,0
622c271f9f492a6e405fa99980fbc4f0,0,0.4828659535612835,0
4869e6907b413e6850f5421b5bb4aa77,0,0.48285871699048,0
a4b0d2e3f025a73485845429f9f3a7cf,0,0.48285868237126134,0
ed865b778c40d0f61b68bd0dc768049c,0,0.4828519852114985,0
d4f3e09a54bbb119aa1aba9159cce869,0,0.4828493630692592,0
aaec5bd8971bcff98276f504acb38929,0,0.48281645211230606,0
a4522510cb764ec153ac9971375794ad,0,0.48280553770051116,0
ce7c016da2db9c0a9393435b421532c1,0,0.4828032876299013,0
aaf22868003377e859049dcf5f0b3fdf,0,0.4828016773115366,0
0d9ecb9ba540f4b7d8f3c115d6fb4a3f,0,0.48279843859187077,0
239eca76b80e32a2d564284842d7ba44,0,0.48275648636422264,0
f804ed90360900357b6db9d7635d275d,0,0.4827540114876039,0
823844a1234ba2724b5f2d73ff191869,0,0.4827425062744009,0
bfb550a534d1e4081812bc6e3c4229e6,0,0.48274209813050356,0
3310988a92663b1bb728e6764cb1723f,0,0.48274209813050356,0
91de4469fbb92fe5ae4a3aace917a864,0,0.4827334299901871,0
04e990f9e49b538e1752899ae51e1b12,0,0.4827158886042973,0
6fbc7cdadbb522125f4b27ae9dee4060,0,0.48270904338837584,0
07e95270be59267f343a5fe33b4e3e18,0,0.48269973018937945,0
7c790dfe86d4a5ac3738f55965ada7e9,0,0.48268282100477444,0
ae2d8a1096de3b45ee2eaff3af91272b,0,0.48267938213202327,0
1cafce36facffdac1067b9f27dc52703,0,0.4826716369609332,0
984f7b9c8ba37c3cc709ec878ae37a3a,0,0.48267026553325776,0
ebd1f36f59af844e77506ef8b62d54fc,0,0.48260460000134625,0
b08428dc70f6011f89da661fbbf1e654,0,0.4825412273936835,0
509223d253274abd4bf06f3ce46d9a18,0,0.48252162420871303,0
4a7abac910aa972f9aca1b9f4c0d278b,0,0.4825044870252829,0
475956ece26647d620af9bc9c2297bc8,0,0.4824991081237312,0
1dcb5d5ef53c05ddf491665906f2f032,0,0.48248519781183846,0
361f293b44a8217401121933a7c5f5b7,0,0.4824684740378339,0
fb08731fcd69d0cc9cc2c730e5aa8691,0,0.48246538561936475,0
ce740f5e5b31263575797c91a7f7c15d,0,0.4824631430547551,0
36a9da4891b799387b6e7d59173ab8b6,0,0.48244979569611834,0
d0ed2b32e947d78eee48981b7f031575,0,0.4824296766873918,0
feedc42d8c47fd3c611675735b094c54,0,0.48242058278311184,0
5bf3a81ed2bd9ef25495c6cf166cd7e5,0,0.482409642160331,0
a87d7d5aaafb27a570cbcfe49c28fbf8,0,0.48238510567355025,0
249b48a20efde792c74600e425d40ca3,0,0.4823754752393245,0
f40ecb069c4acc54019e3912a48c21e5,0,0.4823249352808917,0
a38fcca5b3208aa7978035fbab4a3d41,0,0.48230406464235887,0
3c8c5ee4ed6102b33091a6f889d8a103,0,0.482230519486036,0
42a3d307922e0b693e68b929f6661c4b,0,0.48222238332819595,0
dec9c2c251e8105696bd997b2300d237,0,0.482202322390527,0
eeb74135e3038d55e0a4b5c2eb45e285,0,0.4821985856440375,0
5efc910e3e46e63215be18cb1fbc9461,0,0.48218546509288795,0
41bc11922a49c47bed46280d317c4cdf,0,0.48218435413343513,0
31c4b2ae7129f394dbc81de2b4225672,0,0.4821644389494953,0
757921c3d0047781031e9bcbaf2c393c,0,0.48215861087295114,0
15b2054b3d57a634b130aa3929cccca9,0,0.48213854530788924,0
3adebbc9e5b4204d8955e11183def907,0,0.48212955076421043,0
f65f2d54e8e6a91aa53cac37aa04a6cb,0,0.4821208018115225,0
5e2336585f2ce3289c6bc99a7452387c,0,0.48211864412676486,0
1fb4d3e2072185a3ad227d7a6c0149a2,0,0.48209627139221267,0
a5fcbc9e71f8d589a161c685cadedd6e,0,0.48208459003094317,0
e2a6170e127f9b5fc222547f91f6d055,0,0.4820828171373456,0
0f2e6ce1d8ba177dd267cb75be6cd336,0,0.48205898889826276,0
2e2c9743fb85ab612200aec91abd2844,0,0.48203733417083505,0
978dab1ebf5017a26ca24acbf8e452f2,0,0.4820318064532351,0
a652ad91bdba3ce3abd71247744e3395,0,0.4820307048696609,0
60c0433b6904c6dfe413dafeb2c95de0,0,0.4820285736974963,0
60640dacabc43827e9a28071d0b032cd,0,0.48201986149456216,0
e9f9c5d80e8af76d270545cae57bbced,0,0.48200817684536623,0
7ce47ba6982b3ce9bee72ab948481f9e,0,0.4820013584869142,0
a59fb29abf279cac3c8777a5e7d3da24,0,0.48195313718343313,0
9d54daa19c43f4d96f69ec2c3f2d8bb3,0,0.4819219854247718,0
30823f04e0dd2001b64a678dbf86a949,0,0.48191875069283413,0
136eb08f0912a8214c8e3b7fb9c789cb,0,0.4818969045232052,0
16f8c97e3a58560cfd64cff33dd78515,0,0.4818958431757445,0
1743631071053f26bb95b0ca2ca4c5f6,0,0.48185522251942414,0
b9f8839c38cfc321ce5b3d3553787ff7,0,0.4818484403811801,0
ea49b3c3ece113a056616d58f0270048,0,0.4818359511805674,0
e542e321f6df5456cba7a621bd2b5ba1,0,0.4818269646480191,0
cd2fa24d6cf522bf1736fd72429dbe56,0,0.48181518908141624,0
1057d4001c0de06ea742f7f99aab6677,0,0.48180412730948513,0
2fd6acf7ac9a52b9c49b3c73072be956,0,0.4817925812081053,0
442419f0d04d174a8fe36aae25e4c109,0,0.48176574731533095,0
c72c5c7c3af5eb788aa4608b39ea6ffe,0,0.4817489569638692,0
e9b5c04c2364a0d172307ecb95a74ef4,0,0.48172607713922816,0
05fb7ad3f212649bbc0757d0ce36851a,0,0.4816889343367155,0
aa68ea9af3ca240acd9fb5e416ede248,0,0.48167620938662226,0
463d3fc6a842c63846e99b5aee7067c7,0,0.4816454506846198,0
8ea379e0ca1cc97eaa5efb0042d342d4,0,0.4816317737789673,0
4f8cd38150dcfc995a061901a89beabe,0,0.48161307203230347,0
551a09ef128e5436c555ecc43cfca103,0,0.48159631170699335,0
fa777df2200b8edc92b4bcb11561724b,0,0.4815601114220881,0
fffea47cd6d3cc0a88bd621562a9d061,0,0.48155836086350784,0
609adc68db390a15fd21648c496f50b7,0,0.4815412665883762,0
fba22f548197870cfac0da967919f8be,0,0.4815314042285359,0
b187159bc63f883bf4379572e94f20dd,0,0.4815292338115334,0
c02f2b5263375ea7e905d4c20a2860d2,0,0.4814966804429345,0
f1e3499ab75bf3b09eb411aea2335e10,0,0.48146588457281075,0
761a6992de97503a8b986c93d57cc53c,0,0.48145016680647235,0
10a814c43b431694b54439ca6f964812,0,0.4814241686491787,0
eeefaec1a3937c75a83a86b260c07bf0,0,0.4814241686491787,0
36c5770cc8e136abf9b1e5e149f75fb2,0,0.48142134324438396,0
88c52214827b6c4fb93fcd4b2a754006,0,0.48139872199706263,0
5539bfde036d97cba79b8ea4c2b631f4,0,0.4813625204885539,0
4175b1ca4789b20c01f4048dd9e44c23,0,0.48135073631481046,0
6a9694a5968457686e5c5e5e55b9dcd2,0,0.48134557695987135,0
2d6d1699603a346a292ffcaa3a20eb0a,0,0.4813220191503785,0
67463335b596967db9d3e0b947fccc3b,0,0.4813126176565392,0
7b382e1401675a18dca2813308caa485,0,0.4812770416583427,0
ef9f42d62306afe6422cb4ca45fa4259,0,0.4812575196187602,0
24a366843796b68f1fc06adc4bc28b06,0,0.48124580950390217,0
146b29d8e80b2a09df8419f11ebf5ee5,0,0.48124294261269734,0
dd660a1444b6ae3af82ad6c35ff2fec6,0,0.4812424959491475,0
e883ca09ca9171b6a644ddb4a970ad27,0,0.4812424959491475,0
58835ea10a8191c85f9c0da34a51b0e9,0,0.4812309617922437,0
299458bde82cede9e6b3e94633bdd963,0,0.4811927941055849,0
ff84121140b5715061b4999e72b50710,0,0.4811839857175885,0
e578d96e5bd3851422a5a12455f10a37,0,0.4811720584587228,0
ac47517f3eedea1ba72cd20b843de801,0,0.48116208599155635,0
181291e3c2a672cf11f60571ac99235d,0,0.48115637620194057,0
be1688ba9cd8362384fc8cd6615118c2,0,0.48115637620194057,0
1455eed41cb077c362c1163b937e823f,0,0.4811469279482771,0
7396812232080250b8f86112870ae368,0,0.4811462587560011,0
c21e91ea105edd782b40d42b2c6e5c77,0,0.48110825126497614,0
b03346a8e14bff6e1d669625df319821,0,0.4810825616514694,0
bf82837a50afe7e09679eeedfa1285ce,0,0.48106456176389906,0
46331de5743a5df02a06f1148c87f7fe,0,0.48105926789955455,0
c9c853a4ed4e4ea20c3d5313cc0a00fe,0,0.4810551827751461,0
17ba064ac220283e3cea8c403d7bd907,0,0.4810462610648825,0
0e1dad535a5b2359a2ff0a7d475ffb86,0,0.481045021830881,0
af9a52ccfb2dc56579bcbdce3fa127a7,0,0.4810386870720306,0
f7ac7452ae241a5a36aaf9542c2428d5,0,0.48102845925672744,0
dbe39956669611c8f1e320399c5f3288,0,0.4809908821570257,0
87c76f09e08d1ecc56a539ae8129f08a,0,0.4809703054292218,0
e645249b9f48b351863e2789a0a72ff0,0,0.4809357987661067,0
d7c511b09990d34e65e1d3e8f943cc28,0,0.48092067032923963,0
818a54422350b38d3fb1cb3a1553889f,0,0.48090094213684736,0
28944c01561836b85c8282e6f9a1a295,0,0.4808851969217029,0
82fb46292a999e7db9e2391c407f76e4,0,0.48086710078014405,0
0946f9ca02e66f519a1cfd229d9d2d71,0,0.480858514246621,0
f63181dd4c5b7d91e47629ecb64505c7,0,0.4808580350430771,0
d43c9a77c7348ba88fdcac7ee2f600f1,0,0.4808484705529252,0
3121ab94c8521f3dd674239524b337b4,0,0.4808484705529252,0
49bf911a5666e781425b4fe91495454d,0,0.480847729551516,0
58e939e3866e12a912ff87a8d98ec105,0,0.4808455747397672,0
efebfca0b7dabdb4172ae850065b0231,0,0.4808342717340118,0
f9593d15ce4965037a9ac924dcb98f30,0,0.4808162112839509,0
11cb374299fc168cdb79345ca63371d1,0,0.48080244590073107,0
20be43f9328a6d6bdcf70c57d734a48d,0,0.4807876606113921,0
a977f8231287c77d844b16abd15d0a6a,0,0.48075840278174464,0
e28538e3001edb06752b7fc98b6ed97e,0,0.4807420401502294,0
8423f43e0049483163143ee6950c2cb7,0,0.48072714646247044,0
68024612aa18d6e8c5278f31060dd079,0,0.4807235509680983,0
a61654cc37cd1130c3d8a32fb45633d1,0,0.4807132238123071,0
69f592f573cf56a53e580a78e02185d8,0,0.48066789896653556,0
b3d14cfa483bfe1b717a34871c83a53c,0,0.4806490001826939,0
559a5f67ea052226bb24ee8da93df761,0,0.4806443332577242,0
56f608a6028ba769af88d66525afdc80,0,0.48062886023527346,0
7dd39512d400854ff4e21b1d8b9ddff9,0,0.48062886023527346,0
1a73dd8155368497280c8bdcd680c9ad,0,0.4806039692916334,0
384711326b32242f538666801a689106,0,0.48058184986337044,0
c312a92c61e1adbb8ed940c671d9256f,0,0.4805668171507506,0
16c1909306ce443276ee6f9b1bf09fe9,0,0.4805630621788092,0
8725487bfe51837080dd0887c7249db2,0,0.4805443517905923,0
e511245e5b0f82d2619cd33c726e810b,0,0.4805394125825895,0
8e36b3754bb9cb4a6b0f783a199468af,0,0.48051708293123535,0
a16dd53de73ca084b5ee94e290101770,0,0.4805051377760941,0
902e20436456ed50d0699701b4522665,0,0.48047518023598734,0
4c27e0e8e3914d3940bf089014dc95cb,0,0.4804672256874151,0
af3d2f0a9f1444d70aa2f9934019504d,0,0.4804422012920773,0
e9b83c5c52887dcf92bcf50ab1ff1ee8,0,0.48044124860810933,0
69768cfb4188e522fa75698ec28251dc,0,0.48041149876876976,0
00b1b0f856eb804d554ceab3d8f1dc35,0,0.48039862297634245,0
afedc37ba85d15c06734142fc243fe88,0,0.4803909576868822,0
15459cd10a963461ad4b5eeb0a09ba84,0,0.48037549698668947,0
20cd5b764031558858597379fa3c3345,0,0.4803749363034485,0
d198625af1483191f3c684f96c168f98,0,0.4803749363034485,0
515ad1425968b763973d8cf75590d580,0,0.480344689134122,0
d8eafc07c9e450d0bddbf75e0c6562ae,0,0.48032529206376173,0
047fee6d20e56bd3465d2c4b558373cf,0,0.48032529206376173,0
091f7424ba44e6db2873fb68ef2e67b3,0,0.48032529206376173,0
ef648d339ae95f6febe7f42022be7524,0,0.48031961161791836,0
eb0baf6a65be401b150889aebc13845e,0,0.480314675437429,0
790e0376b9cb88842b6e939f0b11409f,0,0.480312022502789,0
b63bdd1a9a9ec696908f509fd2d49d3c,0,0.4802850829910903,0
036720aaa0ccc7d3c63a5d7e5729b6e8,0,0.4802799633733926,0
be0fd3a8fd6192483df43de3e4b2c67e,0,0.48027971910143696,0
92dd0b1dcda9dcd1096d15f87b4fe792,0,0.4802795433452797,0
3d67ed0af2f29e42ef682bd999ffe3e1,0,0.480271613296546,0
7e7099557d7e8307cac58b3df3768882,0,0.48023448860582907,0
b42081937f404adf46c9f329211ade6b,0,0.48021758165791967,0
be0e319f7309b7d01899339a6a24b770,0,0.4802171974049019,0
39851e747ed812dd9ce65dc9b3d6a00f,0,0.48021705959047273,0
6c9588c03409d1e550705653ca2b30b2,0,0.4802137416591297,0
e5be4ac6d2046988ffaf9ef6321bda6b,0,0.48018945420542886,0
a286aeced7b21e444987a4ff818452a9,0,0.4801796478997872,0
58e6013f75c8d79f4138ae9af0861079,0,0.48015718908024446,0
0f7e16b012929c00a24feecdaad60f20,0,0.48015332356991114,0
297aaa5ab5f991ff31b6e2175ea534de,0,0.48014173885980244,0
94fb6dded5332d626bdab1184d57ce60,0,0.480138975683916,0
0aab2a678227c8ea1cab4315e5c1094a,0,0.48012587430903797,0
f7d52165f37ed2ed609d5b9fb32b5820,0,0.48011209659465515,0
759d68713a15c3b9a52b377694b94efd,0,0.48010294149937194,0
320388520e5f7afe7c97489ea2732796,0,0.4800915371732265,0
0085d749fc64f766ece1729464f8039a,0,0.48007648525177943,0
5a7d25b8afbe289dcf20384f98e1c8fb,0,0.48007033549044437,0
62445cebd6cd715ee6f5efd645b10229,0,0.48006530567016575,0
1a9592d97b72604ed93112ed864a7130,0,0.480042245153507,0
cc06bf1646c799223d5e13807aaf500a,0,0.4800318315580808,0
99d962949dec36484a681779402ed748,0,0.47999381014754333,0
c47eb0052de2c7c5cb0b55f5f7b86b75,0,0.4799867223325758,0
fa25a967ced9ffc6dfd56f9dc9ecd99b,0,0.4799856685792212,0
f37df26d81056b8d7ac3efba580ab962,0,0.4799732209779981,0
ea2711c281002066e87c05f28f736f47,0,0.4799672271590013,0
d9a75b90cc3670d4becb018ac151a369,0,0.4799474246589129,0
e6e5d1f33e43552ff5762bf822e53d2d,0,0.4799474246589129,0
ef882a6d4c534617972ab417947a77c1,0,0.4799186670542686,0
fc6c2db1e5fc8d4e826df52031c08dc6,0,0.47991798423026305,0
d161774a51df2f32e631603c40260623,0,0.47989314984340464,0
59577fd29271cf08939a80cda966158e,0,0.4798908616350344,0
1322f42ae5165f0fa89f7a1d0f9da61a,0,0.4798544162696464,0
5dee3a0a9f032ce04532d521fb96b05e,0,0.4798517968164302,0
fed51c3432d9ca128dc6a81c892a1168,0,0.4798517968164302,0
d2f3349e7c047fe8c4fe06a251027d21,0,0.4798517968164302,0
5451dcc40a5b3ed99be461fcee2d45da,0,0.4798517968164302,0
88eadf2680b66e0f2a5342383969a8c8,0,0.4798358334828644,0
32752da00d66a31189201fc0772f600b,0,0.4798128436372471,0
adec2cec9a5464f3db09d9742a471c6d,0,0.4798128436372471,0
0e8dd70c9505e11767576dd8d55f4ddf,0,0.47981041946229963,0
1c04229d4141bf598978110a0e30b61b,0,0.4798086884727871,0
53066992dc890a9e51efb554c5bbcbf5,0,0.4798078261089172,0
faa23920cb0e439c1f7b02ef615fdd7f,0,0.47980693397720164,0
3bf6a63c31087f3d9ca40b4639a9c68c,0,0.47980215672006743,0
5733364acefd6b132d4617348374034c,0,0.47980215672006743,0
624e5a79f725335e414f35d3ebb3906a,0,0.47980215672006743,0
e8a53ce0baadcfc115cd0ab29a5e9122,0,0.47980215672006743,0
e7445ffa291c70f6e4e68379acc9ee7a,0,0.47980215672006743,0
2f55ddd124b77240babbf415fd067bb6,0,0.47978436037405825,0
03d7a7f43531de3c78653ac8e9c55653,0,0.4797524454912064,0
1a02c9d58abcc85c5c4470f60123e207,0,0.47972193621605397,0
9927357edf03e1a67cdc793de508c5d8,0,0.47972023715824524,0
993800e18503bae9602c3e67b44742bc,0,0.47970705281142345,0
84962c23f676d019f5d37639270d0ea4,0,0.4797003173857511,0
b228692e71b74a9931496bf59debce23,0,0.4796948241261836,0
8b4c199a342397dfa923eafbd568df83,0,0.47968481592194195,0
39979cc184bf93727d4bdfb4714acd40,0,0.4796796402061425,0
1ea65ddb35b66437e159550e6e239501,0,0.479678450524657,0
da92bfd06f26dbc4aa55d613274bad37,0,0.47965444732180557,0
b222070e603972f720d979f5454e0b15,0,0.4796507901144221,0
d16c23f187530d1aba8bd8cd58b8cec9,0,0.47963891367152833,0
d73be896a31015f895eb0481149cd082,0,0.47960684737550224,0
fbab43d9deb62df26f3b5b52f5abf48a,0,0.4795666580193758,0
b653779285ec3a8bddff84770b1d896d,0,0.4795463525102885,0
e9cacd62d2a5bbc6b9806ccd99105580,0,0.47951885332728145,0
9d6d99c033af3a65900fe1e18b78dd84,0,0.47950925396503963,0
5d48118feb417eced2c0eeecb3add728,0,0.4794959031176901,0
81c78213baff061d679332c8b524a1ba,0,0.47944108571436633,0
0a51af555a54852648e1a50a9c160a06,0,0.47944108262020624,0
6d7c24825fd7ec8c73cf050a300ee9d2,0,0.47943838189935406,0
07eb0cbb880bbc6f91711079f76bc95f,0,0.47943625069570506,0
d9af8c35cbab1d9dc745f3500a9db311,0,0.479427159115797,0
69146eab181f5312b160c7a32e3b74ae,0,0.4793857555974019,0
ac4aeb840ae2987076143c45d465e8a5,0,0.47938542859404737,0
5ed5d421293c1b31273fd0b28489aee9,0,0.4793619144701393,0
c3d20e45426a512f0492a1cd22c2f032,0,0.4793503176023723,0
74f02f1c5cd4160304d930e81b77dbf2,0,0.4793417348228936,0
da5accd4f6307c42b93fbaf5ac0bd0a0,0,0.4793273512918701,0
fa1a50742606406cd4022f0da6118598,0,0.4793254359388079,0
5bb5fd8adb1d8a4e4b075e52d48aade6,0,0.47930412451453935,0
ff351e3fc87591f4332039131b81196a,0,0.47930285429141556,0
768bbd3f7d68a84720367283e65ebaac,0,0.47929694131295725,0
f9f52c3805c3a5ab1e78dac53cfa254f,0,0.4792951965150046,0
d2d0b7c95a16879cf606e1073fa79e94,0,0.4792706718103163,0
4d696e283acdb741ee9dbaae49e8f608,0,0.4792405241083922,0
d6e3f8ffe22be51ff7df0880477577a9,0,0.4792124657176204,0
44bf1e643e90656062d2f0bc5ec2e7a5,0,0.47920443927943923,0
97acfea560d8c8b94b949936f8b241d9,0,0.479188484392148,0
bfdb739a5c2566db0c8a6a4521570e63,0,0.4791586171889838,0
f14d96dfa25f4bcd845cf7ebb5a13e2a,0,0.4791091849765607,0
7e6494e69991e3b31bcbe9cf32533b29,0,0.47910623513651696,0
8196065b637800456cce287e207e76e1,0,0.47910265533514074,0
1f9c999a258e902ad91126ccfce5242f,0,0.4790853853107028,0
63d8f90776766e6cda9e24f918b81610,0,0.47907414430812545,0
5642d883f45725581f344df11906a2c9,0,0.47906501300812676,0
71495236670cf29077f9f9afa502d862,0,0.4790576683935364,0
4283d1e6020b9922a8359b48c32dcbfe,0,0.4790266954028915,0
1cf641eb1fc43ff738ee8ee0662de8a1,0,0.4789946737191707,0
2c474d42fda9aa734da5981d2cafc0e5,0,0.4789935500025786,0
87eeca1f7606db239a54f786e6a46c9b,0,0.4789700927751221,0
1573fa36d8bf101af8300e86e78fecbf,0,0.47896299961837874,0
bdd928130d266b9cc7daf38716ea0277,0,0.4789213489499652,0
344ffa1d8773df1d7b119d7e24bfb441,0,0.4788984093978238,0
35f346b2ec0246ee642220c7095be5ba,0,0.47889833163963785,0
02bcfe95cecaeec75514a6e1db184ec3,0,0.4788879438768191,0
6979369472d4a8eb7d189556fca18db0,0,0.4788399178506026,0
f3587d49c0973cba419d1404a7856fad,0,0.4788287423134928,0
6c930b798ccc39db819e2adfe8791714,0,0.4788287423134928,0
c1c2d7e232379ac754dcddc163c113e2,0,0.4788287423134928,0
f8ac33ce25aad89ade14c52fac3cc452,0,0.4788285346684736,0
917aaf420bc9836da7af3ea67743c3b2,0,0.4788186836967814,0
345b62837e70ddbcdc88fbdf7c99f7f4,0,0.47879867962487543,0
a97d86b7b6f9fdcd98045d8fd371c09c,0,0.4787922563177727,0
4ff9108772fac1e02227d6a56d0167b7,0,0.47873967881819773,0
a4c6daf94bccd97601f8a793df390c50,0,0.47870711187340537,0
31fd1358c496ce070b3a08c94e45b9cf,0,0.4786708428165806,0
72117da49c65cc26df0bb7246a4c16af,0,0.47864870614063676,0
5528af7e794d044322ea7fc8cde9a086,0,0.47864736393139434,0
75809419f51063ccba205c281cb5330e,0,0.47863021005334266,0
9fc34f9db1790139660c95fed27f9e4e,0,0.47861325947557354,0
760aa83faf9321a80f455369d7339a0a,0,0.4785880128516688,0
780e6b9df5eb8e08b92bf0402d3aa772,0,0.4785725467004475,0
7297b46c1b392066b37a0bdf9e8ad7d3,0,0.4785681681664381,0
03d5cfec0045128e2cfba2a96a12e962,0,0.47856079307551175,0
751eb00ecd77b6270af7f63acd3dd42a,0,0.4785330022675257,0
85b79989b7d35124ab26a7089d870ade,0,0.4785165475485594,0
fdcf4139f50f370c91e8b8f33adde2a6,0,0.47850486403713005,0
fc090df65f93446022b5d905212f2766,0,0.47849803355506454,0
c3452e8f22eff6eaa361690c7e7ffd4e,0,0.4784389482732856,0
06818129744f066c409e2894f0d0769c,0,0.47843142171890796,0
3e265c84d880fe32f0f682688254f89e,0,0.4784254082663894,0
3e9694dfd41149b35e4a78f8a6cccb49,0,0.4784038552615674,0
4249a1724d282a6356179a862fe02722,0,0.47838316542362136,0
9ce510a1c8c2503b4af5233bb8d1ac8d,0,0.4783721700219918,0
eedc17a4daa37e389a562c66664da3f5,0,0.4783721700219918,0
08c97ce050742ee9d22eb9cf0da5c244,0,0.4783711992756269,0
bcdd861afc9de5f6ed2cd79055522336,0,0.4783441289375117,0
9149b9d31ac43b208255fe4250d6a932,0,0.47832881069692684,0
a4d4c09a2fe3081414f20b73ed30d9de,0,0.47832399016404353,0
bab87ee5331a277979273905630bd50b,0,0.47829398651691357,0
48e5fa6e42bb83aeb547bcea3066d989,0,0.4782746430353307,0
a69d87507bf91f13a28d0f058ec7dcdf,0,0.4782653935507158,0
29b3f53b1aa56b499f8433ff696cb94c,0,0.4782353487891948,0
111004975efcc926fc61c8a640709a32,0,0.4782353487891948,0
adafe90ae46e85c504c9a4bb03288d7b,0,0.47822270693125185,0
740c7750bdb77759e9b410eccab28793,0,0.4782208209093542,0
5ce85ce6008bfaf00df44dac7411b84f,0,0.4782169578069362,0
fa47246d4e7ab6183d88baf976c590b9,0,0.4781807597548478,0
7de6923feb35775fbace1cfc5cfd51f7,0,0.47816689629105197,0
7ff48d05d6a37a1aef318b73c0c63e89,0,0.4781490045271481,0
aa39c70597efe60f3f395a2ad802ceea,0,0.47814855808839013,0
1d56784e942bcba5ad1bc9cefb5a32ff,0,0.4781434157133958,0
810a58d25fa244c9320a411a7b8dce6d,0,0.47812616970219823,0
01018f26fb8b8a922c025de40a85a553,0,0.47807929845549824,0
a0bd90735990f3eecd62e6f68aec204d,0,0.47806493354829466,0
d2f79db37031301a54d560415cadac21,0,0.4780505775547912,0
61ad224fa8a753d3edc80c7703c8e0b6,0,0.4780350390963006,0
3e3f84de0e6b6590c0a535d34281a222,0,0.4780087632487403,0
9513bec831ef746d34736d4f3aaa0145,0,0.4780038475289601,0
1b1391338f96d9e2b40eab7c19f9e761,0,0.4780038262142144,0
8ee3fb71a70e0c0062e676fe02aec2ef,0,0.4779900679687295,0
191b7046c6216a04bfa580c8e1a262e6,0,0.47792716693437237,0
f273c9986f56530612169a7a40dd9140,0,0.47792409652115087,0
c5c04a839e8ea5f86d3dec8a13613ff4,0,0.4779065190235538,0
cba22aad59713df65fb10fbf657eacf8,0,0.4778646540444698,0
724878c4c6b57af23a18897489d45be0,0,0.4778629177635071,0
7fc43d0621f1c617d3242f7531a2c166,0,0.47785992309368264,0
05b072d40a72efe9dc9752cb3ac00dd6,0,0.4778492058837414,0
3ae1af47490b09bf1f45c21c940e8748,0,0.4778492058837414,0
b13032313910a07a23d55061dc18d9d7,0,0.4778349842811053,0
e0bff7f12e80edb92eb445eea812d9d6,0,0.47779645985301866,0
3364be53363f9197e8be5b225b62bf82,0,0.47775640360533317,0
21622b1a4d2098ebc5b44a1203532f57,0,0.47774067294313444,0
998053f7d066301a9fa0f6e884046056,0,0.4777376287444818,0
471b4157081884bf416a0cf4fd40f1c8,0,0.47772862175560676,0
ff3275ec59e53ea1693dda3b2b9c2b97,0,0.4777176101037333,0
1a0ebdf3a1d982fda1f28c07100792ed,0,0.4776735493270303,0
ba9b9295dc91d13a41c9051d5847d25c,0,0.47766532257039424,0
51d47430ee617368f08cdad480f58f1c,0,0.47763051848665455,0
3a65bbea5554e3fc6f568a2526d2bfac,0,0.47761040676606836,0
fc29da50ccc5a3cbdadf475432a8caa7,0,0.47759281390085484,0
c07ca85bf9d30020143ff9debce16f46,0,0.47759165130793,0
d5e1d8cda9a7b12022c478befe7827b4,0,0.4775892393884874,0
82017a345df3a38896b394899a20d9ae,0,0.47757112780250643,0
45feb3b8564d79410fd42657d23431e3,0,0.4775597449803705,0
ff4336dff882bdd40446c12e7ae9bb0c,0,0.4775573668180409,0
33a6089098e9cfc00d0c2d38f4fa3db9,0,0.47755602716522294,0
c4fb8dcc02f3cf92437079e702e1a31e,0,0.47751053336195465,0
a4a7df24945d583cabcba0fb5024a76d,0,0.47749664768702593,0
6db3c861efbda17b3ac5d9ebbb3f2d53,0,0.47743069527288856,0
661d5fb4ba175a473be68268caed1651,0,0.47742633033740794,0
fefa5385f7ccc46b5b43cd8b6914d44e,0,0.47741978779403776,0
97c54804a67b987ca977d346b8e26ae1,0,0.4774180942081145,0
9406f0d96387693002c23fc770c7bd90,0,0.47737303423420546,0
6ee33017b4b31588c30db111dbcefcc5,0,0.4773729529058345,0
ba16203bf127db33e6b3d5bf70506473,0,0.4773729529058345,0
2f47072309ad4f98ae752ee4a30ba34a,0,0.4773524696602651,0
5ef21ead635e958516251760f2d69988,0,0.47732943949997453,0
c7cbfde15c23e2adb6234e650d2ab92e,0,0.4773107360879942,0
fefda03f820e8f674b2ab15796cf234f,0,0.4773042835985487,0
a76c949d0d11b71d6ed4a7a8464e101f,0,0.4772754959894511,0
1c843de20cb1cf1a721bc11792adaeae,0,0.47725301344741206,0
5c2b5c09534917d37857557d37ed9205,1,0.4772485801773326,0
55029bc1da750ad2d53eb1d189bcfada,0,0.4772460262403521,0
934a220ee61048efb91973a713c38cc7,0,0.4772453583101955,0
f976af3c4d337f239cd151e8c7c110d0,0,0.4772404944782546,0
176e3a9b9b2409b4509ac59cb76ab4b0,0,0.47723597915493626,0
07f2fe90e158cc9e7fa8c921f2e22644,0,0.4771937322849609,0
15fdb549aa3d9b08609f35fe0a119fef,0,0.4771888027237725,0
1cda4924a950d149dc93db0ccf548933,0,0.4771631662232658,0
bcb79a4bf797c60b176f7b9462dbc3b4,0,0.47716109067384005,0
6ad430c5fac5e72b42f74af4ad7e98f3,0,0.4771462633748367,0
a224940861ba26095fb10ba2fbfcc7e4,0,0.4771434968599847,0
9379f6403d2e2da30aef74905171b1f4,0,0.4771386763042036,0
9a583b96dee3db8f142ce384a53232ce,0,0.4771274898990868,0
550b7832d4792e6f83c735212d89893f,0,0.47708812903526193,0
de54961f9ae90d8b5db5e429947a04fd,0,0.4770785598985846,0
2387ea96eab15fe3fa4b06573ab1fb68,0,0.4770485250530794,0
2733b02828ccc30fa2b580bd68a7490d,0,0.47703313930414554,0
0d308e643e1be48f98b2328ea6a2e203,0,0.47702017088784926,0
aa71d5d7e30f622580b03100d8cf9ed8,0,0.4770109383789711,0
df4f652af98da8b4f44231dcc4c65565,0,0.47698738028373566,0
af721b7063b42fe531599b5fe3f75b59,0,0.47698541257453575,0
54f0b8828a9126e3cd61789154a1d029,0,0.47698508677027135,0
e6e94eb538899b65ef8b6d8258b65998,0,0.4769047388238844,0
0da12f504835aca6dd7ca0701c736219,0,0.4768993393275551,0
6c3149b464ba67c6ce241be6d89c9a75,0,0.47685933787145496,0
3ad1b2ca0afbff16e86276e107bd0b10,0,0.4768525087301975,0
6062db3c28f344c28ece2698c5061cf1,0,0.4768493307502893,0
cb01dec8c9d61f6463b9821f1c1aca05,0,0.4768461990041214,0
5772902eccfd3f76ba756f24b6e17914,0,0.476841602423184,0
d180c50bde2c0505448cd5c8ab28d017,0,0.47683525788569875,0
d98c90a1c09ca7c950ce2d2e543fb206,0,0.47682823445837746,0
0d7e4240a925c32ecec1ae02ec6afd4d,0,0.47682173329948274,0
1deeabcccc1a694b5e4e2eaf7d7d28a8,0,0.47681380652540045,0
6ba53545e48dbc82396132204a20b8c9,0,0.47678920551576187,0
72591833e9326e7f71f2a2e477dc7025,0,0.4767792643148651,0
9decc50daf3b6a88a11531bb1c5aeb4e,0,0.476759149604203,0
fdc4ce0f1854f89a62dc83a38c6a08db,0,0.4767503047790772,0
e5205088eca54b8d927b29076a1ee913,0,0.4767371387465566,0
f6273e33a129758dbf809d43ed9c4820,0,0.47672452193082854,0
0ec32a952e4726088cec1b9d4ecf81f8,0,0.47672452193082854,0
64f8a480eb17f0c12095c0d4088a0599,0,0.4766924837902282,0
cd97905ffc60caa816c781d38b7e3d71,0,0.4766896528759096,0
a7dde49a1e77e409fae17b945a82e2b6,0,0.47663152783107243,0
2650facd223359f0119cede111c61756,0,0.476619014655081,0
e9778a6917d430ca5897cf5afb89b759,0,0.476617329508523,0
9d4e150abb9cd46dc0758c4aebfbd57e,0,0.47661297194408364,0
c742460de9dfeb363b9f7dec701f45b8,0,0.4765871022438928,0
934bc5960242b4b13910b02da54a6499,0,0.47656550911237094,0
4c074bb1435cc724b6937a95b88c9841,0,0.4765599133063035,0
d046bb6d051aff97e3f51d7e67a09b11,0,0.47655929299218247,0
ade2a262fe6c4dd556b2a221e1b27b5a,0,0.47655033319008017,0
dec0b0af1827fb725bf3a9d98063d2b4,0,0.47649399271264975,0
325531ceaefe16b9a42f032c311f4e3a,0,0.4764722376447397,0
ff529b441e5bcac64f7850ed9b723079,0,0.4764625797016583,0
5ac9949214b568c3731ad93d006cb789,0,0.4764203008920075,0
26acc72cbc14d9fcd1a519a43d5376ac,0,0.47641849804804864,0
a30665e9a8cc7f52822ba8e28b7c6a92,0,0.4764120616150863,0
2392a29dadcfcc7ce192ebadaa11a27e,0,0.4763826807489898,0
dab132ef31d0f8034b098624d1545e77,0,0.4763504828268877,0
fa0701d2dced2266ee18d93d4b4fe37e,0,0.476308063831089,0
8a7ca7c42a01da47e01b72adf08354e9,0,0.47630372311075503,0
d55f091660e6c6fff71317c46e67212f,0,0.4763023316012302,0
9e98e4329d3644ac09aafdcfb03913ec,0,0.4762895241194736,0
b599dcfcf9910e6ef00a7f2b69db4802,0,0.4762324478407442,0
a1b0f3b16eb08b3460b2847bb90aa7b2,0,0.47622103962534956,0
354eac4554eab556ca2b07c5473d4511,0,0.4762199194327301,0
c07d5170163321a5f10d28bff58774d9,0,0.47620760402937806,0
5e7c819b29e0dacf54bb94c682097309,0,0.4761554691838476,0
cb83caadeeec86515aa495bd52b834f4,0,0.47615178461966445,0
9036e7b35a52262f5b0c34454bf58490,0,0.4761495205240764,0
f7089cec59a3515cbb4d1fbf45c20cf9,0,0.47613964787197854,0
f04005121441c4852120717cedad6014,0,0.47613545090718595,0
e31ff76f9ed5c56994ddb84854357aa2,0,0.47612496677634203,0
33fbedea222c902b755b9a7a255c7cef,0,0.4760923883504543,0
49ff2c40c0c6b84cdfde7a22dd5333a7,0,0.47609119710681996,0
6210a297af4dde95626ad6cb3c53c6ef,0,0.4760800466176319,0
67f93a2ce830ddebb518efe5a39db604,0,0.47604092221917577,0
bdec3e91a085aa9bd49ca648170e7943,0,0.47600753345449603,0
5e4fcf96ef275532e217c2cf8e1ac234,0,0.47600219221314516,0
e5e9da3a61436d34efc3250a52495330,0,0.4759899755011236,0
a0488912f3470a18b4c5c5dea18730df,0,0.4759899755011236,0
75662d5614222cc2e7bf5b40f3929642,0,0.4759899755011236,0
e431c6ea02614d2a3d6ab4f6b8f0a37f,0,0.47598751573280473,0
bc437134f6f5cd470851993add5984a9,0,0.4759872839393833,0
970d5a05f1dd6679c374db78c839733c,0,0.4759685536418831,0
5b3ae78b0db449677904b185916b6d91,0,0.475954897155936,0
8a64013cee18edf9edbc21b0dd9acec4,0,0.4759524570891224,0
44e82b021428a6ded3a9e07327b09837,0,0.4759229830137808,0
6df04ad467f4a36275f1f986295a264a,0,0.4759078591052495,0
0151cf157e4682357e62be311f4823b7,0,0.4759046330291436,0
45fb317de39db77813c19dfe0895e8df,0,0.4758774275857314,0
45c30049d2e437e74c58ee897800fb2d,0,0.4758599074413546,0
c41557d8dcdead0b6f609a1af6c9e62d,0,0.47584977351466934,0
bd9f44de8ade51e5fb1e37d49ca2e5af,0,0.47584542865413176,0
c47b58b984cd3238a7ce406515b2467a,0,0.4758436233326688,0
a0b099f128666af7277ed32b3c4e5ba5,0,0.4758090706038014,0
baff9c477312e87a2dc6d326d9fbcea4,0,0.4757792017917509,0
96da911316137afcbf42f1830045dfac,0,0.4757404042524728,0
3ae00120dc6ef7c9b2bd9d255680e721,0,0.4757096896169934,0
9c24e88d9c048db2933562f4457dae3a,0,0.47570184115217506,0
7efa5eed041889e5244fabf58cfd7261,0,0.4756993992439659,0
ccac5680eab564a88f301f59030b448b,0,0.475606257333132,0
2c4170d67162923fbc4d027718399427,0,0.475601051969022,0
02c2adcfacd7ead855d2497e0d8eecae,0,0.4756002400743501,0
dc6f679bb791ad60d76ef9c00afc4ae4,0,0.47559175124091696,0
1416fe6aaf934fb87488f207d1ffd930,0,0.4755752371266907,0
aad0fb3a1680f7a08d9b8de7da72e1cc,0,0.4755673605859001,0
7fb6db76737f019f045f48f7b9c9d3c0,0,0.4755617773392185,0
85c6eefb1c622e34f57ae231b02f2bd3,0,0.47556083404280103,0
5eb93b10719af7367a4871cce3820be6,0,0.4755217112664356,0
5a217b57456380cc037f0466c4772f48,0,0.4755180921773158,0
115dc50e77d72a546af4a9e3aa7ccbe1,0,0.47551151214032084,0
18e27000b4e0e3c35c31dd96e540d217,0,0.4754811100149083,0
1fcf4a514d74065031ebd5ef88a56e9e,0,0.4754798727692775,0
4977be3752099d95236a84a0be07e02e,0,0.47547958619870684,0
1c6c028831cfe21ab6c55c8f455ab2cd,0,0.47547520399229437,0
8b4a48873b894bf55ec077439584a8d8,0,0.47546358020958135,0
a755962e94b9e839b75ea07b3bc8b46c,0,0.47545408133683414,0
c541ea293e0bd4106849affde749700b,0,0.4754408524980431,0
6667649dc575c65058507349be078d4f,0,0.4754310529382047,0
75905d0fe4b3c5ddb7740493c2c9304c,0,0.47541197319320205,0
0fd5b0cb8c5f04c22b7987b99d8061c5,0,0.475388281834895,0
5a933361ee1e312362cc51eeb7b7a402,0,0.47538513379425984,0
5a5fdc74741b68553a92d2272df59123,0,0.4753844074719294,0
f671bfb0681ebc5e528db9f93df8ec6c,0,0.4753597442858339,0
b3eada830eb86f5a77d55718162cd13c,0,0.4753504439991055,0
34bb455fd095fdf1a9964fed915c596e,0,0.47532167490015076,0
97e53a6f2553dddaff8a5655e903ab00,0,0.4753075673136,0
38598d0fbae20a6cef60618ad21ec232,0,0.4752924213490538,0
fa43ac1b1499b5390c5d1850d7f38e56,0,0.4752921744790237,0
94177712076286a707bab74e10ebb235,0,0.47524551532703335,0
824894bf9b51f6b4ae907a863ef061ac,0,0.47523166270582623,0
c75bff5958b006ca015cd1206edab574,0,0.4752259241616733,0
d644bbfc147c310ecf6d8e35856d2b18,0,0.4752209217356444,0
fb39f19e07718c98dcc19dd8775216aa,0,0.47519694981261645,0
41874d8151e8c195e9d2b919871ea3f3,0,0.47508160424171825,0
e9fcb1c22404eb2c263c61a842c23055,0,0.4750766229856184,0
aa4fc6bd5cf9d541b5a808cdada1301c,0,0.4750563854200598,0
00c0bbc49a530c07c110d269211da046,0,0.47503814440798275,0
2d8ee45e74454f6c8cc717d84be94975,0,0.47503797105930196,0
f1816d8658fab00ae01119967614b514,0,0.47501639899883996,0
505a52dc3538dbb611c1ed24e122fe39,0,0.47498096280492824,0
42c5e4277ac298f839fd4e857ac37873,0,0.4749724277723562,0
1b3f87983f51dc8069dbb2fa88d6303f,0,0.4749630904433469,0
42a2c164877a24a321720fe7bb31c1a1,0,0.474959942669197,0
95a034d6e3c9bb4d456c45771ac7b997,0,0.47495803878169207,0
673819a13012e8da30c97a8d35bf761f,0,0.4749540437599344,0
c54f254e19da79931e0e07338188cd70,0,0.47494456189535983,0
e6f14cc50b766632514e291ea5588d04,0,0.47490744941214413,0
c773b319f727f883b724ee22e64ac808,0,0.47490611326530885,0
f56839656035e071bd0643d95baea825,0,0.4748992029312562,0
8aa390d97e33b9484177029b90b62a76,0,0.47488425630086917,0
f3ecaafadaf7ba9ee628d93711ea6af1,0,0.4748656101273106,0
1a6cbc34ea404cb0af7ed74df0999354,0,0.4748404253727153,0
fc72a2e33eb83c94038e5e973d632fe7,0,0.4748245398570495,0
04f6c356ddb5f3a920e75c91a521aa1c,0,0.47481292117181484,0
b1ff13ebf017d85788fb63189c1dba6b,0,0.4747923905037656,0
2cc8268b531325af4ee0657cbedfd572,0,0.47478863860351767,0
509f42f39529fe1be81dcfbb87efb93c,0,0.4747787224985552,0
f32765895cfd7151c39fc8298821812b,0,0.47477149579720207,0
45167dabf29a055f7c1208a69dc95586,0,0.4747697596547699,0
0702aeb4c5d77459b6970b08f3bbabc3,0,0.47475316490073877,0
7e494da033761889a5e8cd607219cd24,0,0.4747341394895824,0
3392057cb6857cae346a55d319a8ec38,0,0.4747338171439553,0
85fb37cacc45dfc2696bfb510fe411f4,0,0.47472618435848524,0
2dbefc6ee66227226cc9ca95e7e648e3,0,0.4747228585464459,0
e734105b773f439f8ec12bb29d0d2942,0,0.47468627349778403,0
3c318d262f882b5075708c79b1181844,0,0.47467606537564033,0
14bf6e420846b7913dfca59e8e0809a6,0,0.47462052546694533,0
4daa117393e38a804850e13486899605,0,0.4745881681231121,0
001147e649a7b1afd577e873841632dd,0,0.47457306019472545,0
cb1a949138283b4e065c0355370f8824,0,0.47453955944284953,0
fb59e2e9bdec569f4fc4a6aa5d0bbb72,0,0.47444535978090663,0
aac86ff1a57d14e31dfd674c49d240de,0,0.47442570271319917,0
2d8a81721a9fffc913004d564182f537,0,0.47442194753815514,0
add31c76d9946b18539250778adeb5d3,0,0.47441942433527756,0
72d4eb493e9e08db29aa3337bc72f145,0,0.4744141547792728,0
9fcbc68ae4d41a33582353aa2f68db4a,0,0.47438749883237696,0
684d07025247677b1a011a9009d62c63,0,0.4743737356843071,0
f08c87c9c527652b441b7e91a2291e6f,0,0.4743583712957074,0
ce41a50f9ff95ef577cb759483fe9165,1,0.47431803279469137,0
a1588c8835d1e73d889f5e116bbaa967,0,0.4743086735025392,0
3bea625d5075352d71df6c3c074159b5,0,0.4742864227538964,0
4d5c2d0ec0b2be15bfc635ed1dfd483a,0,0.4742727360511577,0
91db518c6fa26d5e1a2d93424ea1b173,0,0.4742718662212026,0
9e77b88193d0da6a24156c12b698ade3,0,0.4742577819884074,0
bacd3fc37792ceefcb45e0e90c9ffe42,0,0.4742182954395752,0
f007cd15a9d152fb056aa5c30beb988a,0,0.4741999821241515,0
1750995a1e8cc279199b445c35319589,0,0.47419083051164834,0
0b2866e8bcd0c3ae5c35cf81f7f68219,0,0.47416761778803557,0
d875fb3b981d8a9b2503ca7985fc381d,0,0.47416391043630274,0
e97b18fc8c6d72975f8689f4a1829080,0,0.47416030608395515,0
a42ab281a0f5126eb21dd9845327e39d,0,0.47415483006754994,0
7b41e43eab34bc4f82fd71ce72a77db6,0,0.4741417388476493,0
5b707ef55dab6b40b8345eccbd262a88,0,0.47413717147120904,0
ac7b071fc00dc5ed165bc5a3a9192aba,0,0.4741315535950593,0
ec51e5c8206e8a673f622d3cc61ce0f4,0,0.47410650846151314,0
5b89c2cd3ebc74a8f5b51b6353bc8cca,0,0.47410056786965044,0
f816f2e93c794fb2d12612ac0be3d92d,0,0.4740981385256693,0
9f69959e5046cb9902a60a8519575632,0,0.474060845260268,0
45c0184ce7b3cf7591d8411acd638bd3,0,0.47403922773069046,0
005f4b46e70bbd3295a38e2fd28d6566,0,0.4740390513549135,0
2c4bcbb5a9a1b8ed1a4b05ddef43a888,0,0.4740266122866699,0
c9a979c8f93f719d42714fd0649b0bf2,0,0.4739953941987885,0
12ba47b187be381c7641afec16c37062,0,0.4739951850300063,0
da04cd5150876b9ffcf261b880fd48cf,0,0.4739813101364309,0
af19d00c3bcc25f5f380ac33371a8377,0,0.4739368204930987,0
7162d00a8429bef4c261cb4f835b52b6,0,0.4739365243972612,0
8f8899d8d798516941459f739d7d0bb1,0,0.4739298282790637,0
a0eaf25d81955744d16309d2954b8a4a,0,0.4738996371708344,0
041eaf07c71e1d56b489dff63a270e6a,0,0.47388929135828844,0
46e89cfb02add5f5600bd439adb2a49c,0,0.4738753033055196,0
6d35fcf95d52537e7b59d2b1ac6da762,0,0.47386811931945716,0
3583981663bff53d2efdf450503a0010,0,0.4738634289029395,0
428a69fe9714859c412bfd68251b822c,0,0.4738432658114554,0
69fefc3f10a66ba572117dfbdc3528ed,0,0.47383973433394305,0
d3d8683c472081a7b50f2c71b670af54,0,0.473834643587256,0
7cf613c023176a33d36c5b2de7ec8ef3,0,0.47375167303036314,0
740075865af950b7f052f3cd7303241c,0,0.47375085978766385,0
5785cf54e1da5487926c924a625856b5,0,0.47373523082053764,0
16b64b40a1fed81b2e9cd0e9b58bb2ee,0,0.47373520557420234,0
ffdf72e25c6f0503bb567d0a8cf1c159,0,0.4736478151428218,0
cec195ea8c79d6fdf8ae8dede67603ec,0,0.4736238345380206,0
eae7ab2fc38ab94abc121aebb9185059,0,0.473617589980072,0
1621f29a853c3136fb67312f5b4e5fdb,0,0.47358922391190406,0
cf66441f7a69b9865f5af48f3fef0161,0,0.4735871303242619,0
b4bb16d75425ffd70711b705974d13c1,0,0.47358642538245715,0
6492197e26a1df770451fb3cb41d3a2b,0,0.4735849747830324,0
ad505a0deb9f5cbf9fa8d211da1943ef,0,0.47352271133791807,0
e87f0713f11e04c438f96adc52a333bb,0,0.4735201141334234,0
365d66c606b6e733626ce65064911238,0,0.47351553250624,0
c9e8f9c726966e72a880beb31787a217,0,0.47350434895213783,0
a0376380a5b8010c145d069b2ec3238e,0,0.4735005955013193,0
0703cdfb7e223593616cfde9fb99b407,0,0.4734944706834174,0
03f36811ed7689b1b01f4ebb1dd4f145,0,0.4734761001131542,0
ab7bed4092cc3dadbaefba86cb45f37f,0,0.4734623463133728,0
83959d161ab0ce8892af509aa729d2c6,0,0.473446490475943,0
0651caa95e6a01a713ef3918e1f3e466,0,0.47344042307730455,0
428f4d2caf77956d3a33c5f876d81b41,0,0.4734261628195086,0
1f9d583591df9b062b4b97096678eb06,0,0.4734194395842298,0
86b33f2d828052d8af4a1ef987f85248,0,0.4734102254563331,0
d15605acc62833da0624a0bd2b50eeb1,0,0.47339421198418263,0
28a116b50f7b859f0f5b113b87912738,0,0.4733863280431449,0
7c57017d4f921b24f4fa5491a18999ed,0,0.47331645868620037,0
8cfef84e2f4a8165cd749543ebfb0fab,0,0.4733122150563282,0
a711da5d6a3189eec1929905f25513b2,0,0.4732892428185895,0
cb722b9ae87c28dd0fee3d6e42e5a9bd,0,0.47328164182099,0
e375ec312dc8f13ae8424527ca2397d8,0,0.4732801489457718,0
5994b30cf00d1fa01b52e85a243cd175,0,0.4732739033172442,0
241ef388359fe58ca1bf35112494dcb3,0,0.47323672861559307,0
0be0726fd707eabfadc49c81a9b81320,0,0.47321271193636594,0
3f47ce7f07f450a63c6a1a7460074d75,0,0.47321271193636594,0
b67873b49b356ea01c7af68b6f41b088,0,0.4731918736869855,0
a08534083323be652600b0f166abead4,0,0.473148074777603,0
9ea07065d974ed11af47d782daac5c6d,0,0.473144702860837,0
ab57ab4e155920943304b81d9ac5495c,0,0.47313713494983106,0
7d414b6a1cf56a6bc5035f9eb436b15d,0,0.473102099186022,0
bac0786721127ff99da67f071a9c914c,0,0.4730905058710213,0
5c11dd5878243edd7c5766b8d7d35d8f,0,0.4730765772821401,0
3acd10dece665b64d8e4d33f932b49d3,0,0.47307413134498427,0
f82ea821e44fc4dad23770fab89d0c3b,0,0.47306254982734236,0
265e680952d0501a7473abf616e79cc7,0,0.4730517080878336,0
a28d638176b676da7764c544dd335cbb,0,0.47304030993107593,0
b8aa868bbd634205e273b8260542d652,0,0.4730115053285623,0
3b460ededc4c23cb9eae28c706b3a310,0,0.4730039518677432,0
16a3966b35317c09a90fb03fb8508815,0,0.47300100261436967,0
dc50bed4993a12f1d7cf530f7b30daac,0,0.4729784442700441,0
dcb9b14eb8c7d7de3c0a9041ed0717f8,0,0.47296934718875316,0
c45794a47dc0b5553f1c341a23ebef14,0,0.4729593859830938,0
687b1f49a5d74cff4ed910b00ab55f47,0,0.4729586810298247,0
ff5e9c0b950437f2955508e9dab8e98c,0,0.4729398831692185,0
c29d9bec0bfc16f539cdec270615f31c,0,0.4729337818733173,0
623c354ece1488427e60faa24c49dcc1,0,0.47293372130744554,0
8afe6e31f63f36732766138fb463064c,0,0.4729096370403908,0
08ad56c3974aaa3a9f42d3e8c56dfd75,0,0.4728986288956178,0
0ccb948a381d9527ed8500bf8ac516f9,0,0.47289689257932443,0
324797085dcb3dd92f55d199a6fc41d2,0,0.4728836822125169,0
637ce5e0131db1f083a9996a8dfc3b2b,0,0.4728822964102493,0
791f2dba51d0c96479b732150bb50e52,0,0.4728636496031897,0
7a4591dcf645dd250996956667f6b160,0,0.47286108212131084,0
f3462ada763e72f419860ca3e6f43006,0,0.4728341109317861,0
422b5643b144b86f0168965efd90c219,0,0.47282001457407724,0
bdcf76444782f7d31d94fc6ad9ba8ec1,0,0.47281569492959435,0
e4aad2610831a21d6884cb9cddde54e7,0,0.4728076128055662,0
5376bd8df26ab646ce3e4c874bc693b9,0,0.4727398634201323,0
e187a4f568431067618a5d9c8f73652a,0,0.47272771990513207,0
8131bd36a12397d16fdc61fb8cdb0132,0,0.4727203145566425,0
bc458f34f5171301234090fbb62ebacb,0,0.47271186935664405,0
2074ff2a2209c8375cf31a02ffa76245,0,0.47269469831441047,0
44965b45a336234470af4fcc652a070e,0,0.47269135362164905,0
3e9c6b78c5f04621fa3efb18433e0df3,0,0.47268577508375476,0
d2f6d72a546b8f3437495bf799c6fa43,0,0.4726820724696422,0
74f62172da3c6cdbda0e80017f6f5cf4,0,0.47267953605335017,0
43aa536e9cf08d4cd8dada8878cad448,0,0.47265252876460073,0
841bcd01c92230235231c7d75d93d413,0,0.4726082164077864,0
02d8301419d25947683ed2537556d0d3,0,0.4725944138480756,0
0377f8402d448137ba33672d6318d8a9,0,0.47258965532615993,0
c1ecebb0f681fea9c89b1c02390adc91,0,0.4725861637966437,0
592de7c5eef333c04b18e949537061a8,0,0.47257859478060316,0
43ecfeca9c9b1fb7008e105c473607a9,0,0.4725499549877961,0
023de84681c997f7bcb218b8e23df233,0,0.47254486701052906,0
da4f9f9ac73ecec9f3a1ee1c0de6d6d9,0,0.4725304794760494,0
99f2916465c2536fc37f304e3eec684c,0,0.47252744722461426,0
87f2a05746ef80c1387d247822075042,0,0.47251523969793413,0
7e3c0c5efe033210eb6cc4481a865593,0,0.47249754619967455,0
10039eb24369710f43ec8666feb6b5ad,0,0.4724794458554785,0
0aa64cf7ee29d5313f2987c05e4b09ba,0,0.4724574462754667,0
9ad4ea7335d8855261df49867b57a722,0,0.4724369998536177,0
399c968e41d02763022929d9c8088052,0,0.4724256904801457,0
48109d2c6b2edba91c3146a83ba631ac,0,0.47241763706162926,0
edb53645188ed5f0632456398f018f9b,0,0.47240028320974387,0
4196223cc93f2df717d33eddaa8a5687,0,0.47237681601089293,0
c4c39534aa08bb81ab13c2e2daa6a18d,0,0.4723585251014006,0
47ddfbe8eba0f069cdff6b66b01eec38,0,0.4723577763994262,0
4731dbaa797a769634978398e1925d53,0,0.472348567326094,0
d92087333b9c4afb7f6ec9d1258e2ea3,0,0.47234265901262684,0
28c1bc12ebbbf90449b82276058cc6e1,0,0.4723096541065681,0
1dba64c5f3620facb72991f144b4d9ec,0,0.47230563641961676,0
1645bb66e89f31b20d9e34ba465e099e,0,0.47227998902873186,0
8f9d4a5f98697f8b905a7eb0a1352a81,0,0.4722614292946224,0
5c1eee56d3fdcce4dbdae5d339301453,0,0.47224723003355246,0
5dc943bfc42737615fc750fd2a2718f6,0,0.47219165192371354,0
4ea1381a352e628690e9ba3343e2443e,0,0.47219158356291413,0
38dcf7b18c807cce2f5f7040932aae34,0,0.4721855879526388,0
30f43520e93ade7f1a60e0df3b3eb9d8,0,0.4721824619642218,0
bf92f410920092937583ee1f422b3750,0,0.472155262820219,0
0d72edcde9c1896fd6dd883d8d781e34,0,0.47215219782616064,0
af6a2de82194f10015a08e0def0cf911,0,0.47214349941255407,0
08142acc8309337e9dfd631c5f41da27,0,0.4721158843076446,0
c9410ea221526f527d0f5d0fea2db50f,0,0.47209143516048857,0
b0a1162183ee3c09703953df5c0da329,0,0.47208585073498,0
61a35167059f7f151c45fcc9d6e68da2,0,0.4720554434812541,0
613259d64ba972e49dc25b019b7918c3,0,0.4720439543696204,0
7349169efdca23df1475d337983907db,0,0.47202820663622913,0
128cf57442889ee76a3d51908f735c79,0,0.4720143453592636,0
5d9e4d0b91da571a02ecd87e49f26652,0,0.4720038011844992,0
a9dd2b5b5bd99f1475a6bfc3b5837efc,0,0.4719705983453994,0
5a320cebe0fb0785ff2a0eb7b0c02cbe,0,0.4719668863258182,0
060d045d6d20b218921ded6f8ea42748,0,0.47195562507379135,0
1d3d1e52bb9e6223454758a01af2511e,0,0.4719448858768092,0
745d1fa7ffc6955390e69f1e8c80fdaf,0,0.47192275458217603,0
be8cec1133d0c0b877fb44865a226245,0,0.47191581635122476,0
d6aa8d4d3cfc3b6e0e5eca602c9bbbc4,0,0.4718740600469245,0
db13c9627403db90fdb0ae7c14909394,0,0.47182674501782373,0
cc061287c654ec7a1afbdf421ffdc771,0,0.47182314278680537,0
369cf1ff7175710f0cea99e7e9f705a0,0,0.47182230420015037,0
460a8ec20cdb96105bf29b82417e13bd,0,0.4718027918556136,0
592e1410dfd33a224a4377e9586d5519,0,0.4717993819853267,0
73da78eda27f160f2ed111e2916d162d,0,0.47179083862049037,0
a05a48b0bebd43d306554058d5c3bfbd,0,0.4717801449459355,0
1ea89c76861f8d24f1b29f19568cd176,0,0.4717800827246249,0
3287c8d7de9f84b2d37b691678dad1d7,0,0.4717366869781911,0
6cdb425452801b5a314471a707c7d180,0,0.4717138654977699,0
0583a3227ed3f4f3c348e5e25b3dd9a5,0,0.47170948819320313,0
77d7edb12f1953a384bb3d90236c2d87,0,0.47169097777187263,0
46ae1d535796f9407468dc3de56463c3,0,0.47167945737312933,0
987644c80bd482e80ff8293e20a06662,0,0.47166690037178594,0
91b76ac6acd21fa56057dd0ca21caf31,0,0.47163887530608706,0
df79907f687316b15aa0ab43ff4685b0,0,0.47160892714728847,0
1b312f562eea0660dd4fd8f0bd453cae,0,0.47160200713694234,0
f17619a8db648adb2dd504e94873839a,0,0.4715676997176612,0
9e09e0d9da7daf1871fbbe13d799a94e,0,0.47152802592856513,0
666d80310561fcd682589e0bb9c7ff3e,0,0.47152546293935027,0
3fd88e8dcac55f1e51d6c70be672ed3d,0,0.47152326031125513,0
3f6a7ec761c101755a2052d82d315f71,0,0.47151844637207835,0
23800afbf00b208a2c254e9d55b9ed33,0,0.4715064113356494,0
9697fd83acebb81d7a95b4dbb8e5eedb,0,0.47150021162281686,0
10be7de7f132105263728f75a7f87327,0,0.4714913228901141,0
24c0e0e5ae72c9b9f22ae827f76c5a95,0,0.471441115435217,0
5c1285362ec128b1585289cbd59bf713,0,0.4713993271261654,0
f0e05d7d6a629ce2768fc7d923ee70b2,0,0.47135918367265334,0
75fe6d6206253ac53c1da067101cf7c0,0,0.47135727585558646,0
ad309b00c99c151fa5abe1778059b5af,0,0.4713446461667463,0
cc371e5fbd115ff2543923d1cd2c6ed7,0,0.47130207818881464,0
20fbdfe94ae4b38d5121344a08cd9504,0,0.47130207818881464,0
e1ea7d8ad8c1ff3197216e53eaf035c2,0,0.4713008694015041,0
546ed56ed469aa89580be8bb1b51a6fc,0,0.4713008694015041,0
2f24c984d5686c5a6bf36e857f13cce0,0,0.47129660559632264,0
392d3876ef698b2217a8701c9ef53504,0,0.47128542926895195,0
378c702fe06f37937a5fb0253f8493d0,0,0.471273729035879,0
8022c80273671be26b6ba3f15e194e8a,0,0.4712604813761144,0
894e1477b18aca023952cd634083ca37,0,0.47125435452921655,0
774918223dd3948a14b754c81230ebc1,0,0.4712397169400388,0
e620be18eb7152ef8303a266641a5cf5,0,0.4712392348888894,0
156682bfe55ab873dd2390cd94aee186,0,0.47122952711864097,0
b411890821e433a5cab92834d634f78e,0,0.47122722815325707,0
6848131b5eb3fa673a4f195a71e2f500,0,0.4712204010466891,0
306ff27506cde963bac1f841faa5163e,0,0.47121850861219766,0
789d750b3c60702b386db22a2d583be0,0,0.47120367874901764,0
73c3ed4ac4672c04a5a8441e8503a77b,0,0.47119625167435053,0
ab36c217295b324208ad9b56d4ea4af9,0,0.4711891788463154,0
f7b981e8a280e455ac3cbe0d5d171bd1,0,0.47118338131850673,0
8f21cb999e605b67acec6796a2bc0ac4,0,0.4711540624184959,0
46f35988b9b224ddd3a90349052552e9,0,0.4710581898554419,0
1e8d38254b74212442ed7c9f40e71c26,0,0.471056652867742,0
4b7b262e2df71ca506b83ac178e37e0f,0,0.47104130387935095,0
948b8eb5aaf9d77f4ad5e36512117741,0,0.4710372802334177,0
e9e132f365108a6d8aef6a343819c779,0,0.47103155914130324,0
304fa6d8168d31c38aa4db37c5e9dae4,0,0.4710057879030495,0
1b7d1eefc0ef7e7b8c31e93c20162b00,0,0.4709851984929473,0
7903689bafe7ce39335eaf8db300dc76,0,0.4709826344874495,0
96f0bd7c0b8f3a45218e8cfda077aa46,0,0.4709605633495192,0
9b6cc489e1c73e719d7af9b3f2bac4b4,0,0.470940777082025,0
36a3e43d0096f60dbfc000a680ec7a33,0,0.4709047603130771,0
37e06dc2d138214d1562fa194a2f4fae,0,0.47089479023665176,0
344fecfc1b158f40bd95550e62547fda,0,0.470893662217483,0
a312570be861cdc0b6d77010cda047fb,0,0.47086613165845526,0
eb34fb8ca71153273b4beadf0f04111a,0,0.47084831836212343,0
50299c07e471b34cb381a537ac5dcb66,0,0.47083378362058137,0
da0e3f29a7dc99277ff6054ca9a1e078,0,0.4708206241159483,0
b7cff635b3789bb1c7f1c4c0f4cda419,0,0.47080849838640293,0
22406430c77e3c5c701a349da37d27e7,0,0.4708021002823584,0
a047a295e19f2cc33a6c72836cea230d,0,0.4707651942146099,0
18d83eb50985880c0381b5bf09eff24d,0,0.4707651942146099,0
3f7cab612c3246b740c1b0c698cfa868,0,0.470754195570271,0
95baecb5aa54613f5f12d62b712e4ca1,0,0.47075360786689496,0
e58a978fc59d070baefbaea0292456eb,0,0.4707428479034898,0
8946e8c5cc3302215a736abd180f9c08,0,0.47073465291997535,0
2d9806c09a238fae27f1cf2c246963cb,0,0.47073441970582425,0
2dc14a6827e04328bea6dfd07ebf5ae4,0,0.4707237402946681,0
e91de0cd1805d4c23b74e2abc6005341,0,0.4707175138110923,0
647de02f33fb0058d4acb20ef1ce482f,0,0.47070051502035914,0
9cab38f1aaba02b14feb8a186ccec504,0,0.47068181038976376,0
8f2050954f60245f76119e9c906d917d,0,0.4706694897982453,0
ce2e6a88561ac9df3257ff44ff1247aa,0,0.4706579011998637,0
ead70bfb3b6e54890bc4c9b57f4a7276,0,0.4706510226200432,0
5a76612e828aadc27295600c272976c9,0,0.4706433724924056,0
6515c836a83e242414ee997e0ed4afbc,0,0.47063437052519885,0
305a9e2b49169ced55bdd09fed23cda0,0,0.4706063953172046,0
86b0aa3acd7e8f7427c8915780f5cd27,0,0.4705861664111516,0
7cfdfcc93199a212657765fc85928a4e,0,0.47057376066958817,0
65413463e8c6b0f33e29e18bebac31db,0,0.4705376355902507,0
d17092d3f5a13376e9c95fa77289fa8f,0,0.47050377475257976,0
28d64a00b231911701d6a6877ea0ce17,0,0.47050377475257976,0
e81955e2057830e1f23747959afb0723,0,0.47048951746863166,0
23f9cd391b84e5d366f44e8261a3a8d2,0,0.47048065892181834,0
fc68ef95253b04014e9b87b1f8f0f8bd,0,0.4704750456089446,0
441b31db693293725f2f7e21043e4eae,0,0.4704741994429616,0
97100fd0e2931b9907dcf728a4eeb8a2,0,0.4704608913489088,0
2a2af3460aaab4d8c9b90d572f4b2350,0,0.47043710506486786,0
40f4c28d14d338a0f83e8c3c08bb71b5,0,0.47039151006802477,0
2c125973efa13fd4032ba0455f5ec960,0,0.47038894640102397,0
9f5b21d671a87953cd91cabbf1a24977,0,0.4703858590915955,0
3b37ee52b62d30f0ffe0fa80bffc1467,0,0.4703745139443177,0
51b2e46b42b3e5e8053a653181ba1d87,0,0.4703205859724888,0
576c392e06603cd2a1fb1e6517f21abe,0,0.47028825042638583,0
b83b8ef747f88daca292479d4f23235b,0,0.4702816220353154,0
7ed57df0e6ae22a4f9e0250d52608ad5,0,0.47027873434311634,0
ccb1972aa9bed597b73798ed43ceb910,0,0.47027491050416337,0
759671af474173beaa31f34f00b664a4,0,0.4702687860999855,0
de24847a3e5421563d7f250712fd9441,0,0.4702439821558878,0
969c7eec451c4cda4e698a63cb30d5bd,0,0.4702163469809629,0
d05655be736276d336124c2cd43a4de9,0,0.47021486914912247,0
9dc32085c4249c00f3b3965122395018,0,0.4701803997669746,0
1b6b2d2bba18733ed541ebd0c2737e31,0,0.470176139888487,0
df001020819b71231acfa0791136320f,0,0.4701672795269064,0
02bb821f9cd6c3079ecb9fed96232e18,0,0.4701436310488294,0
f39417775394ddaa9a81151e6afd4c5e,0,0.47013830890052716,0
99ecf7e96d410a094bc95f5d3cb9d98f,0,0.47011644237397215,0
7db65372f81987316860f916cdb0a219,0,0.4701022504105552,0
b86b13f832d20a80daac6a473cb62457,0,0.4700943861475249,0
8185345e57f36be27b5bbd13f006ac96,0,0.4700462731125515,0
d58399e8f18e15b0b150a95d8125ca29,0,0.4700404848542527,0
1fe11e8f0fa5bea7416ec09d6e8d2b4d,0,0.47003316308707743,0
efba941329ad1c804de0de92ebe0d891,0,0.4700291858660658,0
662b402621c98018ffc9c836321f15db,0,0.47002812727143994,0
fed3e972045fed1cbe3221a24f812f0b,0,0.47001744273319085,0
9ba9cbeb0e65c0fc310bd985c4ad7a05,0,0.47000759046020885,0
9d85c39a38a86ed13978803d7560c612,0,0.46988460903406887,0
08a8d626786505baa9ec97ea10c7d71a,0,0.4698587008155287,0
158e7d08f964a26cb0abe466213c7c67,0,0.46985783167690914,0
9b41288bd7f1e3071f533ebf39456066,0,0.4697754495856269,0
6196c3f1932d30092b7cee039de3c46b,0,0.46977209102659856,0
295fd2f87bb3ed940c1d0a6aa5b15a26,0,0.4697674390546504,0
59bd7b23013a81a32a1bead8996fa08b,0,0.4697509864666716,0
5a3f9aeeaaf40c9cb46b99225fc9cda4,0,0.4697509864666716,0
46b931768b02f0e14a46765b075ce7f2,0,0.4697391445508158,0
af0ebbae13f308394b2fcf4e4a8b7c38,0,0.4696880009276817,0
03ab83a91e0c343bb0d7aa605338a013,0,0.4696689923941381,0
781909f679df8defaa48ce2a4b09e754,0,0.46965061075582426,0
64af76ab0a3c046821554e75bb5420a3,0,0.469647923463405,0
026888d959225b8c5d57f6f0fdb54470,0,0.469641735672546,0
2a00867580df286f5cb7319c089dc615,0,0.4696338357997344,0
863042d234810eda9cea177f2e028b2c,0,0.4695680219835273,0
cbddc85ed8c77a56bc0ba0cfbf057242,0,0.4695555999931266,0
bafb028d76909431de5d03693482a0a9,0,0.4695215357431779,0
afdf09d5b07535df233425f49ff3e599,0,0.46951797724587685,0
d234dd6da60ad8379e0ea3a904126e23,0,0.4695160631695978,0
9b4ac17ac06385267d9e585e5154f003,0,0.46950068318990856,0
9f18b0ab8a528588dfb698f392a55e98,0,0.4694562242529638,0
a3983b8b6b679c9f645e6ef9517ac98d,0,0.4694397579881034,0
455025dba231735f3760572a92a7dd6b,0,0.4694228485191752,0
7db0e861eaf42d32a0d33b31cceed567,0,0.46940169131680176,0
e49b04a307b963ff4563b38db31bb863,0,0.46936222290525603,0
7d742fad5711f2905335c7129b63a718,0,0.46934795300645565,0
f09b7e700d193bbd8e00f3ec54ad0195,0,0.46934554789274086,0
bc2387c48428a2e128eaa3d5b18b3591,0,0.46933315964339606,0
3321a75303831a580b0973bbf54900da,0,0.46932876515833716,0
2493e9c5704488199ece804dc7773312,0,0.4693180540569927,0
b993981240043cefcacd680e731fffe9,0,0.46931213840570557,0
653f80d81abb65018fd8abf706329068,0,0.4693061148324421,0
69adb76794a98a527a677731ad5e9873,0,0.4692821462775965,0
886fcfa9e4ca8563543bb87e4e6c94ec,0,0.4692574835640311,0
937a668a37820388e591a0bfc2392d08,0,0.4692437306046663,0
385ec0e1c5bcf488115ca06b26ec9f8b,0,0.4692184308439155,0
201cf05e934312a524afa65a6565b795,0,0.4692136236504891,0
c5cffecee40dae701a41b01157bd3f2a,0,0.4692074866399992,0
2d62c1ea4c3b6b96960799107a1bf5e3,0,0.46920445481759254,0
9065112d8c6b59afef09c2fc67c5025e,0,0.4691989559194018,0
493a00826ac50806f138eaf0486d0ffa,0,0.4691977562612261,0
54f304d1911142040a5f8e9d8679b985,0,0.469188705568134,0
7aa78b3177f36d854c640ef8bf5902bc,0,0.46918822375336044,0
09f59cc845b71c91ee612e3103d58c6b,0,0.46916547927134256,0
95f153d8bb0e8f8fe581b91d39c3aa4e,0,0.4691602812661468,0
c0509748921a2c0005ce9a3d854e450c,0,0.4691593367166523,0
f301e18c941715056e960d529fc131d9,0,0.46915081171501827,0
87d2cb1d11a2494ee3b37e2816ad442a,0,0.4691259192744375,0
d138c16eb8e4cc30948260a057a66687,0,0.46907356839928144,0
2a1eaec8c8115ce3c6489de6aae9a893,0,0.46907238121501865,0
22d06b0463d386772d188dca830cbada,0,0.4690424674667815,0
5dc58c5044ba7a7c65f4772d5cdb2bcf,0,0.4690387146118712,0
638eb407d3971d3984b603455f16fb69,0,0.4690349702516982,0
12bfa5b03f501ff9aa5b1be5dca56595,0,0.4690202263364058,0
bd74c542112c5bfaf4b4211c766c08de,0,0.4690167078087614,0
fb26fc589f9abe8c36172fa387beb145,0,0.46901157472052707,0
f093c0084073c0a6eb9e3da83fb205bf,0,0.4689683295826905,0
18d54b0a3f713324b17ad5e99fd7d63b,0,0.4689666463973938,0
0959b91ff148087d65eea9f11da050fc,0,0.46896444593848746,0
fdee2eae6432412459bdb857f57bdc5b,0,0.4689602171081779,0
27cf1cd9a118717ae3badf8adef10140,0,0.4689300074927299,0
4da2fe792c5be69aaca606917f088756,0,0.46892801335854734,0
9d89db9d24b9afb804924b560252ce71,0,0.4689143076338742,0
23e1e01cf6452c0b079b172465044559,0,0.46888044411642255,0
962fd96f9e3e0e450d88688e6daaadb8,0,0.4688709912708885,0
276c3e8e20e4e17c0bf6d4dc9d68ea91,0,0.4688709912708885,0
923db9003db7cf8bc6fedac7e0974b45,0,0.4688709912708885,0
f7b47595543652d859efbc3f33f7bbcd,0,0.4688525037687647,0
3e41c85ccb429fd9a03422dc9f0c18a1,0,0.46884267739101815,0
9da141f9addcf3734a01b6cbca7ee3d0,0,0.46878877390746604,0
e6b6a6ad96190dd5375b869b9bbe63d6,0,0.4687569655346268,0
3a0eb98df6a9dd91b05ba93312f0dc95,0,0.4687538690887667,0
e34759a74542ebac6726b4d02394fe02,0,0.4687452255580087,0
b4de198e39879b4f55679df93beb1e8c,0,0.4687408650128052,0
e187b9671c855c63c1400ecb2cbe5191,0,0.46873631367464624,0
0f7e428084c3b6a570b7cac5627de597,0,0.4687217786216738,0
655e1a53d7b00597d4e1d54d6e92d39e,0,0.46870228731221614,0
f8b92214fbeac3a143e52c61c9b4f979,0,0.4686692378837674,0
66d37fee8c1d4294327a9d54a7404138,0,0.4686662789931602,0
04bb7cdad7b0b034c528545519ac8096,0,0.46865888071722894,0
35aca70defd1a1bdd6605ed06921c422,0,0.4686509249327318,0
f51fe5ffdf8591e3e2e2cd39d28b5829,0,0.4686352573213966,0
a4833b3f96cacadd4c28d978287a4e2b,0,0.4686158659618578,0
157ccd4ab5b8efec664d8f810bf4d254,0,0.4686158659618578,0
2825e09d18caaf979fc068920029467e,0,0.4686023957177462,0
cc459e4c17af00c66948ad9d3384369d,0,0.4685773436399418,0
e45b85339839bb998a90465cf81217d8,0,0.46855045157034597,0
1d6ef3948c8800fd687fbeab2bb7f5e2,0,0.4685232671185507,0
1bfa238eaadd40580532424c2f383b46,0,0.46848608843228584,0
12d476f59a7252f5f2dbabe26b069ee6,0,0.4684743774859312,0
f8e72998ed5d90531072d0f39d6bc9de,0,0.4684606997422601,0
25c50886903a247565974ff09a49bfa1,0,0.4684293949472277,0
6c8c95c3a1b9d36f7ee7e29895c12982,0,0.4684253682368156,0
57a529b6415be1e63176b69d35f63c88,0,0.46841194891280297,0
02772b907240626d358384cfc854b6eb,0,0.46839489813627466,0
a45554d9171c5622be450212f6ff0f1a,0,0.4683908104565919,0
987a22759047f7c0daa2cc0459201b9c,0,0.46837858209765976,0
96f339a49e107ab728ddf8bdbac86d47,0,0.46837061806672936,0
a9eb3e328b058c6952fb61c794c112e8,0,0.4683685056389049,0
21ad443c5dd9c2d257fd514ec411d183,0,0.46836309892618644,0
d6f2fb3970b1a584b2f88ed42edbfdb0,0,0.46835731400115227,0
5657dfebff5868c4dc7e8355fea865c4,0,0.4683479384557621,0
b893657700d5a9591decb792727398a3,0,0.46832077788520393,0
6537b7fadc28b640b12d156d4f299618,0,0.46826930628656555,0
8f20ece0099d6e5c22c1fd0c24a1e681,0,0.46826596230903567,0
d06745595c439d22b6010eb4a6e86c98,0,0.46824111161723353,0
cf45ade7b43b8716acee5285bfc5e2d8,0,0.46823385009376894,0
67fb0fd4bebe66267dca227614782779,0,0.4682020452273766,0
49305c1169b80f0fc42f1574105c8be6,0,0.46819253479667367,0
6f5f535cc4a86eb0d1ca6a1def851039,0,0.4681867977743381,0
fc47abe064d43913c9e7d41964b15aac,0,0.4681712880597314,0
0177c9c4715fe173b9c26fdd95a94579,0,0.4681640636976303,0
4433023fc43af2bfd124a3bd6fb49415,0,0.4681487687801782,0
bd06ce0e06ad77a7f681f1a4960a3cc6,0,0.46813242869132854,0
81226c10d601820ff0680a8e3a17cfa2,0,0.46810683708360207,0
13467e882eb3a701826435ee4424f2bd,0,0.4680779581363691,0
3220a93bfab5bfd51b0a0e33becf823f,0,0.4680776982185304,0
2dcd856e6e9f05230b7023c1c616814d,0,0.4680697734840083,0
817e4269707e78bf6a860b10968538bb,0,0.4680624308965833,0
5e21109503a635f7ad93db18a7ee4a21,0,0.46805378009244775,0
5f61b10d70849d46be5643b7453e1708,0,0.46805189847641754,0
6382a71dc3bd308538462330453eebaa,0,0.4680474966381339,0
8b4361de59896c017194b507a4ceb7c1,0,0.468044995036108,0
d22ed54c5ae6da25eef4abd6da8ff22b,0,0.46802859072634584,0
68d6ddcc3245e64b3cd155ea96583c74,0,0.4680233285416816,0
c9759f28cbd5e36b7323debd40ff7bf6,0,0.46798233495526237,0
e15fd1c0e29b847f07fc1b54f54d435d,0,0.46795849913861837,0
98ce4933f64655971d4b95c1686df92e,0,0.4679542776711021,0
04c9f042aaafb2430f14e0c3d46c0a68,0,0.4679233073949402,0
06e1d389f74c352f6e4e4c0436e1ffcb,0,0.4679164562411758,0
17d79c369adf3b1632fa2b1b9c2bfc7b,0,0.46789938090525196,0
450e6fdff1cc481b9e1e858b23d98fbc,0,0.467870127020663,0
e0a1a93a0af99b3dc575e8f49eedba56,0,0.46785679512754985,0
d5e50940b781db99dc5ba8b1266e4b7a,0,0.46778824124485635,0
b8ef05e60ca9c980f198a5a986fde0ab,0,0.46778192470618857,0
2ed9b176103984fde193c99a4e6c6d5f,0,0.46777403878864543,0
54c665eb48d502792c20af5ed9166359,0,0.46776173316094544,0
30e6832584525af7548c39b006897e34,0,0.4676949376378312,0
67ac6cb44629d3f7b3183a375232a658,0,0.4676914899030386,0
0cc75480ab6e10c2903b80436cdeb03c,0,0.4676899168004582,0
e6b07a71ffbcde59b25a3dfe67246a68,0,0.46765382022274643,0
06c0b3ff53e1696d11fb5e3c6dba65e9,0,0.46764021623196145,0
eac9622db32c4a168fe64406bd4070f4,0,0.46763542851307144,0
99a9dd526536f7f19971e4f754cbd729,0,0.4676349134920676,0
252e03cd7121b3b9d61d9398a6db7647,0,0.4676333241567127,0
b9cf7914451bd3e7241b94513c574793,0,0.46760111831110557,0
c77080f4ce714a19f165e5564cd74875,0,0.4675829530084777,0
4b0bfb44db36279ff7b4cd6e01283e28,0,0.46757816084485126,0
56d4c77ccd8acfc0e52a0b45bc294a00,0,0.4675770036761403,0
0329fc1a5c3519ff9d894a49698269e6,0,0.467547832374924,0
e19911f2bddf9350e05754eb87c281c1,0,0.46747530154273575,0
f0e11eeb833b5f8681afbbd9c0cd5ea9,0,0.46746377315910204,0
9e8b41f1b15a206516f61638824292ee,0,0.4674393202977956,0
6c56f9a5cd072368cbd9e1c2f82c8fe3,0,0.4673838034583631,0
68454dbbc379cc4609e578fab1e0cca8,0,0.4673815774639383,0
f705b2a95c88e8a57a061c85106be9a4,0,0.4673700626917258,0
448e0dea390e9ed20f330b7e75b12ff3,0,0.46734678319915035,0
b3a893e4b097bbf72dbb1ead256ec665,0,0.4673354890921662,0
d4ccf9a36a7c79088ece6465c6d1b1b2,0,0.4672991284694983,0
eca43c4fb073fb0c0ad04bdfb1b11c2b,0,0.4672531331082466,0
65f6fec8322419f6f8c72a8603573596,0,0.4672193749075274,0
5b12d02a7c3076cf7930084f3a632e58,0,0.46721719171000664,0
da31a1d899e1176fa4476f6cc1a0542f,0,0.46719537762125796,0
9226c66cd4f63455591508fe5157a0b7,0,0.4671908567018147,0
a66eb12175b51c62a4b1165ceb41c3fb,0,0.4671817995737358,0
366099d1fc91479a59fa878693b55efc,0,0.4671758618403688,0
01575c2596c13ff2422df080a71b481b,0,0.46717300577724113,0
0139d2cb6ca3b630b5833d49634d328e,0,0.46715424707297604,0
0fea8b54df51aac3bceb41c79bc556a0,0,0.46714647576579404,0
c9a4840a344c95379a7250c3ae869612,0,0.46712011314137714,0
d977673a039438329687846063f65227,0,0.46709740667758515,0
ac8a87be144e4dd4a0f044471b037fbd,0,0.4670901506997207,0
07304e464701f53015ce6d6b1378b6af,0,0.46708756108510996,0
214d4e74738e2c03bcb4f6bbe69a20bf,0,0.4670721668030952,0
26e86d4e15fb994dc778032a32566867,0,0.4670708717000056,0
833fdc9a07eb87df2bf3424fba6fa7d0,0,0.4670634684882355,0
647349cc5193bddcb5ec7ab1608eb46a,0,0.46706151159808035,0
820af62eb6a1ce037f5837079a794ea1,0,0.46705977389746256,0
a28d41e6ea6062bbed392667541bb78f,0,0.46704473032824584,0
e976616d580b3c98a1c3d86cb5609031,0,0.46702668736188824,0
c471cde4de85d1c324999c5c94fa9a0b,0,0.4669522700607265,0
1f28d9764181f4c65e28e21c2450f9ea,0,0.46695108915718087,0
f1108e890f45f29145b2432f06f2c7cf,0,0.46692771737782357,0
b5968d8d3507b0ad5c92e33bc00b5431,0,0.4669241375524277,0
59a2c18c257098c550b92d28d79d7e36,0,0.46690993550581794,0
be2770aaf0335d97bc4c9dbe71c78960,0,0.46690528611088716,0
6eb83b3bb65449b2a55c341e0c7874e4,0,0.4668981921450452,0
61b6a01709e3d754942803765b85eea6,0,0.46686200191451116,0
c233b70d51175e6c74cae2c48b6a9185,0,0.46684511395902784,0
7f92a9ec0b3acc1609d2074435e411ab,0,0.46682880895945883,0
48efc7def11f9a644e1993a3d97361d2,0,0.4668154714057509,0
dbb7770391470be63df476901d24ad42,0,0.46677891117495973,0
310bb63fcca8d5ef53e67f2497c30dba,0,0.46677628141971733,0
d9464b6cf868d3a6f44b8d3f13e4fc14,0,0.466774961300596,0
225f33b719e0dffa058cf6485e08fecc,0,0.46676612346398483,0
502c6d75167702cab8b745356bb0c032,0,0.46672079372596037,0
7004156351731e8f639a27d9b33b3c02,0,0.46670185559318167,0
1a9de4c2a133efcc9a3e7f4778a07f45,0,0.4667007065047565,0
8b16d7714c9ad9e6ba763fe1d63bfddf,0,0.466682368218112,0
fedd4c0ac17d47475d8178c97f1724fb,0,0.46668179092728734,0
f40d7a2c65f23ef07d546aec2414d146,0,0.4666691804397676,0
98aeea3933099a0948bf63bbddfc518d,0,0.46663210506810815,0
b388ef1fc20ac12fa9fb8bd448d2f961,0,0.4666165901771857,0
b0a1036f667d8d0edff166eaaea83216,0,0.46660321940210553,0
57e22b0694a02a656f0af314b1bff705,0,0.4665915106098869,0
2b72423103210c6cb7d308c4e848caf4,0,0.46659085372459586,0
cd1e749cb3d6d9905f79fa9d427451c7,0,0.46657967825759483,0
ecc519255f1070babb6f6bb93f56b183,0,0.4665773377313882,0
aff51d3159250387ea5417cf54e261a1,0,0.4665600305910044,0
2624230437101e0bdcea1e48310d68a3,0,0.46653341746581656,0
4488d0ea1f48ab904095617818f6dd30,0,0.4664765671792763,0
f81b4d5aa7f81a315740a2701721693a,0,0.4664706954871501,0
8f5d2e56d8e3ed7c7937d9aead8c91f6,0,0.46643840606889575,0
5eb26be6d23fe97220a9333113b0e45a,0,0.46643496792376926,0
9a42e626af412c41cc6d7f8ed0b390fd,0,0.46642889227693257,0
29a75a384924d941f43321d6330f55a5,0,0.4664224531677842,0
4b5fe1a918e5ed2a0f61380b3d280090,0,0.46641546288801733,0
9e937b6013615a7e0b9e8c0fa594ff79,0,0.46641026053155715,0
b8dd0ddbf2c5ba52956dd0a656a5bfed,0,0.46636267517307994,0
aba4cbce5642248fc726ee1268ccaba0,0,0.4663578619739813,0
818980106a51173e54f72529c04f6b53,0,0.4663564299166682,0
de57975e2ff2cd2d0570b9ae3e8a4de6,0,0.4663325411059301,0
12e4e335d3d642e94c8c0950516aa9a0,0,0.4662921691274872,0
9ebc06ad695ee9ea7a4aa816fbd3f1e6,0,0.46626784600916904,0
2767ebe1fedf70562aa588a37a23080a,0,0.46624776013837826,0
61fe2788dabfd25dcb423cdf82eabf7c,0,0.4662437038661187,0
9f6f92cfad80502de1618e8cf5f91565,0,0.46620957941505553,0
cf994f919bfcc946c36c9768efeb4079,0,0.46620945471091685,0
a1333f3441db0ffa72eb3e0f94d808a4,0,0.4661656899094837,0
04cb655245e109fea6aa9cfd48f168ce,0,0.4661475770582736,0
bb7dec94f2d5a01b71bd1e976232b155,0,0.4661475315460052,0
6c8381c25a5e8fab50d01316bb3eaa3a,0,0.4660979449190455,0
d20560eb799133e74b6d210bc54466fc,0,0.4660865599709903,0
be46aa65dd1cb829cf970d64558c5f56,0,0.4660856701982767,0
e825cb10d614c4c873c05d5e11ac70a3,0,0.46604359205471674,0
fdd6853a1946f2790de4c3c9b492e2eb,0,0.4660081506564284,0
01d78a7d654c0b1ef85977c306d0f60f,0,0.4660079418966993,0
b5b5688f8bef64161d107275f14f914f,0,0.4659749134989582,0
c7e227dab6ec362147078d9cb4e2af63,0,0.46596868716665085,0
92fc4892f11581ee802e8e2fa4296433,0,0.4659507757246635,0
1ec5df023b06830ce9f97595b72ba625,0,0.46593979864569735,0
ec0cc69bfc12c074dbc537d4d6fa75b3,0,0.46593915847997147,0
be2020ecbdb297610a13fd963cf78f31,0,0.46593878012282763,0
3d6400baed85391c0db4ab9ff1ef95dd,0,0.46592306426548163,0
24768f84e031d70666b4e4dd7bf5f6f4,0,0.4659166123025999,0
1bde824216fdecb95bf9ede207c2180a,0,0.4658868431732634,0
c262f55ff809f37a63a2884b6eb22038,0,0.46584155471699173,0
0fb2b5f57c10a652a6629cc70f403402,0,0.46582122396603703,0
9a2f8f0dc52f88ea53161973498b6987,0,0.46581975157615485,0
5b8fa14616eb4c5688b1b8b2aae75884,0,0.46581248553056537,0
55ce5d7beec2d30e0f4d4decdbafded0,0,0.46578563101751086,0
2c80b5ab9184335ff3817eb47d72ea96,0,0.4657493534786974,0
6f7869d48a327ec6b4c515ce3767aa84,0,0.4657263515317126,0
597490bab3fe32f76963b049cf3eef83,0,0.46569323536967844,0
c4e7087fdaff6d26a9b72b4de5ffa937,0,0.46567129159657367,0
3c3e2383f230b811b2532df1bdffe08f,0,0.46567106420525933,0
2bb9b7e460ba29e236747a1959108097,0,0.4656633162489248,0
9bb8248ea4f097bd7420bbcce016840e,0,0.4656587135733849,0
02029b32d4185a32a888c3f2d4d8839f,0,0.4656550425049231,0
35f9bb630a4d501963ca0c62f00ed2af,0,0.4656356129490302,0
486d71023877be2d259d015f915f8c81,0,0.4656116138345415,0
de5eda87bc3a7ef40bb86e2b01827b24,0,0.46560678706220954,0
fa2ddd4702364eed4dd1911ffc18e0cf,0,0.4655858577033911,0
95bb57e73f679f271250fd46ce6597c4,0,0.4655782290420556,0
617f3ccfe74e018542b41130ef76567c,0,0.46556099987087146,0
11dbfe44e786e8b50df65bb358f352aa,0,0.4655468114772187,0
bbae0b42112bb4c40da592e63c3a3b0c,0,0.4655445101558997,0
185c8a91858f36fc2b5016a776d650c0,0,0.4655390564040729,0
6f6abab6ce3577a7a1bf6f5c6a64f9b7,0,0.4655387036083378,0
55ac0a37e452fb828823ab5f1d974c10,0,0.4655185708416214,0
16b74b9781af6fc180bc90f0a4069e02,0,0.46548042408590895,0
8857c6252ec2963d8777089602c37faa,0,0.465468597923526,0
5ff173acc9bb9f877577cbf9bb0c4f06,0,0.46545945986689025,0
0da5d29e1943c7ae0d4454c12cb6abfa,0,0.4654497278949284,0
9a3deeff34ac02910ea88b8fe9088066,0,0.46540534683391177,0
0489f338b80bcaa08f7a66b87cb16145,0,0.46540158694180256,0
bddfe291329cddc03ea5da8ff92f677e,0,0.4653962350660497,0
1884376f91d4dd4a056030b3296c03ae,0,0.46537391343033324,0
8b2166961d2875675ef7cb5f67ab07a9,0,0.4653441534189071,0
122d5d77ab33d56a3b0ec740c923dcaa,0,0.46532892547138277,0
a0fb70a2f827809daf55d4ea33aaaa0d,0,0.46532867800870387,0
a3b51213d4631dc5204339a0db7c8f9c,0,0.46532583695129065,0
64fff06f4c29a9b360c914d96e605c44,0,0.46530107817894145,0
b2969db5acdbf95765a2bbdc2699e30f,0,0.4652425832496054,0
19cf4ef9675b3aaebe19267c20ef8128,0,0.46522347649114587,0
12ea013dfd45b702e5804f11cab02d35,0,0.4652209589410007,0
30b13da62761605132178625ac472bfc,0,0.4652063291789613,0
aa2c08c0b09ede35fb9169eadcf31622,0,0.4651616178025151,0
ac4bd6797b63dc421edf4f643f513f14,0,0.4651103217922308,0
f2e9ff0e8d2dab219b1c2f00f749187b,0,0.4651001267819358,0
782240eda3fd275df1e87543e5312d06,0,0.4650952081899982,0
50cf292ee784789a931bdc4183404287,0,0.46506274003122633,0
6c9eb4b9f14b1e94136aca884340b7cd,0,0.46506232189829394,0
cfb21d22f8a26e71d30ef7215c05c83a,0,0.4650577952776918,0
5eab965f967ddcca6df6cca6ef342c1d,0,0.4650407128194097,0
1baa1a574970deb679403ac9cc74f405,0,0.4650406701093854,0
cd8782f8a96057ffeaf64346402e7ce3,0,0.4649753218888849,0
f098fb162e43b4018ec692ecdbb07cf1,0,0.4649413813674814,0
74e79d184c9d0034b5ee498813abbc7b,0,0.46489398931950193,0
3ea232fed25a7658e342455efdf64e47,0,0.46489243320089724,0
61ffb1cf1b889fb5d66b8527b9b12d3e,0,0.464888705025906,0
f8d217b01348ea3781c48db472f77b6c,0,0.464881897958088,0
a389e9b0e5165f245353f614817b2432,0,0.4648730750772869,0
003db7adfcdc49857b095a50191b6c9d,0,0.46487251930610396,0
5fd7f583114ea5e8f5e29ede1e79a05d,0,0.4648638729711441,0
4819cee719d00e4532a78f1cce2bc240,0,0.4648533330327057,0
219ec5d6da3d7c5133da30b6afd3d17c,0,0.4648422999995626,0
f8654118fdfe85e9e286165ac2f7f66a,0,0.4648408749960674,0
65593b2d8c0b28fbc4256f9bae64c57a,0,0.46483988568326273,0
1c5636ef45a3368b9bfeff8dbd848d15,0,0.4648269471703631,0
4909fc632891548ff0c209de1e3c51cf,0,0.4648088445964752,0
b4c7ecaf6b60e9553e77b084332c30ec,0,0.46479074364452466,0
6a4eba155591e1b2753e57390b62ceb3,0,0.46478177409087,0
a9f9523aa0bd6cb09e4335790b7426e4,0,0.4647556591755313,0
b0f8b29e1c16a1056056c704ae7a39b7,0,0.46475165594809853,0
7f92b73ffc6ab5eed06601f4e909c169,0,0.4647308092599097,0
03dabd77cb0ed7a26fafe19e36b67742,0,0.46472534781838964,0
ffb2d91ed21974026a30f6ec0b3c934f,0,0.4647226291666819,0
0989fb5e9f6a42797d0567e751c97419,0,0.4646888050622276,0
23a241c42bef9b80bfe4243017a50837,0,0.4646312141109201,0
cbe11b57d6e8ce153f5297cb5c9ddb08,0,0.46457214197815605,0
49919ff65086c0e6b0d059c96befc234,0,0.4645682313528559,0
bd22ced9ced173d8af378a3e6f396cd1,0,0.46456399528679915,0
c0b8f06358c17e08e149768d1568b639,0,0.46456306628946836,0
d69330e289efafc41740746b1baa213b,0,0.4645584076116913,0
44b8fd6a07abfd7a2bf9a3d698d5cf60,0,0.4645542175647294,0
7456e305ab57ae3df0391f4275d1ba3c,0,0.46454929047216764,0
f91b2fd114d82b0774a436387aca2b5e,0,0.4645382915725607,0
efc6c92c49e75f4f1615e905395d724b,0,0.4645281370687933,0
304c1acd37faf5d33c0e70dcf0022254,0,0.4645042711759509,0
4112de7d8c398bd7c90cc4b3e9cfef39,0,0.4645042711759509,0
bba3f38759552580f7e161bf2faeb868,0,0.464503759007944,0
bdebc19be75ce23f8de349a1941d13c4,0,0.46449675487072595,0
6df955547d063a47782dca6c84ebf5c7,0,0.46448450763158755,0
e0eb75aeec4f8d22e82d4b34ec454e97,0,0.4644826195120092,0
c4f967971c3421990c1fd816220f1171,0,0.46445905823889183,0
d4f9016fba301eb30e364c4712fdaac0,0,0.4644536743396011,0
956d6d80545f5412dd96e3315dde6108,0,0.4644212576328362,0
f44b655b40aa692aaed9327b403ba3b5,0,0.46441578757580176,0
ffeefd086fc667aaf6595c8fe3d22d54,0,0.46435047501977117,0
9cf7324fd017fe2411c1633eb6cfb38d,0,0.46431265707060865,0
f7a32a6622af38e4e693a2805551cb35,0,0.46425080444100125,0
1116cb054ce9d9388c6b1616f907e412,0,0.4642477576932352,0
76851447f2a1465ff7bf0bc3718a88ff,0,0.4642462482933063,0
5d4953dc6c4c521130ba62aa82c6ad85,0,0.46424348283969497,0
eb567e1a9f909f80841a59d7294429ce,0,0.46423934192048416,0
d13ab1b949e9fdc5768873bc77f539b2,0,0.4642262420815893,0
2bed4c59b7941507fd6e2f1ebe216095,0,0.46415610808210145,0
7838ad77af2d6440e9a587450c61e5ee,0,0.46414250493072867,0
bfe08c22c351563f9a9049f046bb1ee7,0,0.46411349079192177,0
b71fce0db5af4d0ce9ba1f219cd52acf,0,0.46410691156353406,0
9fc2f730e408821a607bf0680c47077d,0,0.4640904085022707,0
3b7e54f7caaf71fe3ed05d7b154fcb1c,0,0.4640734290200224,0
7e84b1ab0353bcbe0b4db3b963de31ee,0,0.4640604060215021,0
60544712d0f5fb43afd06bcd0e7463e0,0,0.4640485193118441,0
9d40de5a5adc41c85d3fb906c35ddf7f,0,0.4640481412508357,0
a6c81fc17364794fcac3e9eda345c93a,0,0.4640474596458514,0
0c9aeda10a71f369396d0c04dce13a64,0,0.46402974969155025,0
d9d752c5f0ef353de5bfae82ac0db2b3,0,0.46402378930345856,0
8ec41fc3338981457991774ae5e07ebf,0,0.46401816457417744,0
2fb0af35a7ae96cdc1f65637d0601c7d,0,0.46398326174685317,0
002feefec5af0a3b26ee7839c66d205e,0,0.46398271378172307,0
431debbd5445ab45a77831794aa26891,0,0.463967332738519,0
9d4335cb37d62a52c2a0af6865c40183,0,0.46396273323753123,0
5defeaf938551c166918880cb5d23c5c,0,0.46394183205800155,0
6620337ac07f171920b001d6714d82ac,0,0.4639326818095288,0
ef615978504f00be4e6e171ca068e160,0,0.46392257024433614,0
ce42c564a495510b4c3231c6f4443d84,0,0.4638871000035708,0
9e82cf36beca0850782cd83576572229,0,0.4638800495013406,0
6cedfe5a1784562eb0b8a063d62f2c29,0,0.4638663194431374,0
4df175730c8f2e007c28811903e84ad9,0,0.4638063106747851,0
01bf87cfe6b10b53c057c03b9e7d034f,0,0.46380281743879676,0
211d1133f3faa50ee1e4622d9edc1e9b,0,0.46377463327552637,0
6682e97c3100dc9e7321a887b3479ee2,0,0.46371571094785147,0
0dd8c0c827a8428675a98860bcc144c6,0,0.46368517867814674,0
faf33c1cae7b379e4ba51fc229e03d58,0,0.4636119458364124,0
82652537b076c96aebcccf9be1971aaf,0,0.463578959886767,0
06b0421991a8b33ebcd370945f3494c0,0,0.46357031118439024,0
4711348768db55c57a67aba080ead566,1,0.46355510277623135,0
88bde8f40f39641387aa05e675d23395,0,0.46355510277623135,0
f7dcdd8ec6fadf25e6f0b5a2a20b8376,0,0.46354064741127166,0
cf8e62100de6ab82083dc80b8fa8384b,0,0.4635225887226841,0
bda9e79a0f077587fd9f4528974324fd,0,0.4634709519985551,0
1a84c1d89100cd72996805f917b7f8b7,0,0.46345558000033593,0
7ff147dcdbedd33f8508f93823a7deae,0,0.463447649514544,0
a7237ef969fab2455d1b63685ff9086b,0,0.46342449661242824,0
08df07ff6574d51d83d540a3b3e17aa1,0,0.46340960335213627,0
5cb9d38e39626a98106af8b691fac4fb,0,0.46339984976442883,0
fe52f0362c9ee4bfb27321db7c506d81,0,0.4633824699669581,0
8a851617296124a4857303e40406411b,0,0.46330471567137294,0
e84ef43d709453f72e9de640ebe15566,0,0.46329958230408064,0
53d1cdbad1f545453eb373aa2d834609,0,0.4632717469946811,0
f1c08d13b8520a6efa197627fada3a56,1,0.46322582815582214,0
76a8b43c1c958b724d7f529d9a44d824,0,0.4632234158857841,0
e6d38df64bcfa3003724ccb7ffed6959,0,0.46320547110828236,0
cf923923fba41cd27ac439b53c7cbdd4,0,0.46312957955207945,0
5467fa204d7c984354e6706f36b6e339,0,0.4630765605021858,0
f9c289f38556adfd667697beccb72818,0,0.46305840808819754,0
000bfa1d2f1a41876493be685390d6d3,0,0.4630493285531133,0
3e25bc66e38e60e4c5b8a54bb8bd4f5d,0,0.4630376208580373,0
c5d69e91994fdb7530d30b29d9ea7c68,0,0.4630190133573587,0
3caeec0a1c6dc72bb912f140e5fdc5a7,0,0.46301853505989315,0
080e1622d5aaf198b5b51562b98e803a,0,0.4630102702007734,0
f1fec367875f7aba0cc0264f7834a125,0,0.4629955823476863,0
247c65a4ca3733d78203bdee085a066b,0,0.46299253807268437,0
eb3ab3e9247ac3951ba80d27bdc5e766,0,0.4629586410231304,0
8cf98fbd02b0efdde35bbc7aab39764a,0,0.4629403735835585,0
32fbaed1f1cb1cd07942291adf731ede,0,0.46291836825150706,0
95c90515ca5664c728498915df92b4c4,0,0.46290337213544663,0
5e632447630ea07f307e39fa5d82b0e8,0,0.4628610059952877,0
6bceb16193b4effffa4786d8225a5861,0,0.4628599415264417,0
dd967372b706e675beac710e7d4c5484,0,0.4628530420214793,0
1c91f8d50340522dd6601237ad13afff,0,0.46284074799054237,0
59d942400cce7ef9f2f2cf6ee4df6c05,0,0.4628376554251656,0
1b635fa3ad3a1fbf804d199e27a842ef,0,0.46282086773260533,0
2bf30b0ed7dd5cdcb855210dc4d95e82,0,0.4628065136406232,0
79ed5debbaf5372a4fb7dae9ba4c95ff,0,0.46279218815360296,0
7042babc504c3f7bdc6e77ad44094c6d,0,0.46278825910811533,0
f1b17bbda9857396b20b1bd1d7f121cf,0,0.46276267670379934,0
356110547c07af5b01b7467ca61b4c5a,0,0.4627587473986795,0
aa55c11f178a9053dfb6ae304e5f785f,0,0.46275498028198647,0
192469a3c6edc7f642f1ca0f6ede8c0b,0,0.4627378942747643,0
d47c6a6d48a7fc552cededdb740fdfa6,0,0.4627247783695238,0
9b90d46ad15f7c256ba481f634348888,0,0.46266682664226505,0
a85e43f9661b9c623b37e1952ba80f00,0,0.46262785941567525,0
a414f74fdead2bbbb53ad994d9b013c4,0,0.4626098393064319,0
77f3cbf4728bd20845148639eda02039,0,0.46260634575376064,0
4b9c1e46a59a75a9af94bc7e355b97a0,0,0.4625813837360084,0
8ee43e65ed4d403459140984e43fef80,0,0.46256552811809887,0
db1cce77026a6c7b2fe3553ce05d71ed,0,0.4625126128819751,0
1861015b08340ff45e2fc9f90107cf15,0,0.46249252135271046,0
24e3176088f411887030891a3475f34f,0,0.4624904547749071,0
a05b42abd28b0e788776cc00acca82db,0,0.4624798319493073,0
4f075145fdaa9c693c87bc089a030214,0,0.46247518599101567,0
64f183ca4b492cd85ff720bf298f743d,0,0.46244579780500045,0
79a1c3f0f9b12a81d7ee6f2c1ff30a34,0,0.4623674400585392,0
beca2821780faafad2c747f13e41227c,0,0.46235629396761346,0
df19dc0cac227c6f9d79f598c4b2c009,0,0.46235255659405455,0
9c919ff3a7af6da6d8188fc85c9a0e66,0,0.4623322532256162,0
7887f66354c9e29c389a2d220ac5786f,0,0.4623034008387168,0
1bf1da15c610cb58d650beb06a80b6a9,0,0.462292899039681,0
85f0c98eb4f9479f80ffb3f389e409ba,0,0.46228560563980287,0
f37fec46253718ba771b73228f000f8c,0,0.4622805674358724,0
2a2a89289a3c302f210f17d164f5440e,0,0.4622481430217067,0
c01c7383a4bcd99113daaed0cb808387,0,0.46222601756522297,0
ad37b0e34b70d1ed6fe35e602e2e4d51,0,0.462207411838756,0
700e9581e83f2a412f2206f9657bfcd0,0,0.46220206660629004,0
fd49190c30be7d19c2d88ed607985406,0,0.4621968597002349,0
ef122c099f6d585391a367fa6512d717,0,0.4621683672629997,0
a11c0218bdc901d93bb5f7cc6dafbc39,0,0.46216745517167995,0
df76d1efc22b15300619dd981a0c3d1c,0,0.4621497365644412,0
702cb5bfb50fc8056bd2d615b3e2f014,0,0.4621298535185207,0
afdd435c0fadb4503a40395b3af9c5bb,0,0.4620962834310909,0
9f94195ed85ddb0c64cfc1cacb404763,0,0.4620930684307187,0
ed8bf8f73a4c6a4d1e8b519c03c1c17b,0,0.46209218501522153,0
69fbe1ef33ee18593788e655e348b954,0,0.46208836252169583,0
6f5b9d1cdccc4d28f0483a612edecacf,0,0.4620767945887959,0
feebd1bf80276ec2594b7c048fcd97e0,0,0.46206146344690446,0
517a35f625b57d7c8533adfefb2d1b98,0,0.46203767762595777,0
ae6346c98b34af56ddb4f5fa73968b7a,0,0.4620358089408737,0
89d68ade60d5942d65fa5189c810bdab,0,0.46199315700319055,0
63910b152712df7498a16859f7113f6f,0,0.46198170012454165,0
0b7e1cc1bec3e96ed4490c12ab0535c9,0,0.461975958535938,0
8b409e78486d2995c1d435d679b7f194,0,0.46194821796885766,0
794dcff1cc7dee09bea35d1d20994c99,0,0.4618905999897613,0
7e9140eac7dbded2e77e2e883da570c6,0,0.4618865849016321,0
e2083012443da79cfafc6b423fa64a75,0,0.46187330230320545,0
fd058656c5305071fa1a225f4afaa832,0,0.46187049624686516,0
43f797685f3789d5d81995ec61777b95,0,0.4618500510953148,0
784d4661e51b219aac73d3faf0bc3e5c,0,0.4618431149149752,0
f9888668c1b6aa4955d0b6923bcdcd48,0,0.46183073728994917,0
c6b6b60c58ee97f4536c1eba5c2d110c,0,0.46182621861616774,0
261b7b1a7f6d122048e320fac49b32ce,0,0.4618238746896901,0
9d82535b1ac9d3ec6acfdbdcc3a058a8,0,0.46180801699327456,0
a60cbbc2873fbaf6a94248a58c646a43,0,0.46179302061162886,0
9366f99955dd87083cb71ea840164cb1,0,0.4617570975258658,0
7870ae3e0c158a19f7cc75fdb0dd1fb1,0,0.4617495849944455,0
4c7664fe61ccc32a474b83773c40ce17,0,0.46172399356639654,0
6664c325d22c0254b031ad0340d05c98,0,0.461707797649905,0
374375f8a47d9782455287c7b799ed26,0,0.46166432246684963,0
edab05372ea5f8a8ec1f9b57e1e61a39,0,0.4616575171359682,0
fd9c282bd2b519ae5eaceed1c033e87f,0,0.4616458415064415,0
3177cc68caaad620f37b3d13cf67dca7,0,0.46163319846419476,0
f959005f36821cbef469aae18e5ea78d,0,0.4616319617756566,0
2d511553aed478aab7c9c1d8041e4be8,0,0.4616160971678859,0
003f4901fdb60ae9c1e2538b84c208e1,0,0.46160484293561677,0
c00f7319ed8fe800e016539497653260,0,0.46160483650623224,0
5afa58a8f5f4690413cfa9e809d551c1,0,0.46159442239242854,0
1fa5b2d41d572f019ebe025f76fd31fc,0,0.46156339623598713,0
e433513800f5ece11361212094c9b960,0,0.4615628192675141,0
c48858a30f72bcc944a0beca84028304,0,0.46151677129768476,0
3c1f7fdc180bea0123164edbc53c50cd,0,0.4614914287132844,0
5232c4dbb62f99ca1c7847a96821e5f6,0,0.46148768386549466,0
bbce57492ce9d8c866d0ceb150b1dc84,0,0.4614753205900879,0
fc0c8fedf06f4315139f755425a28b85,0,0.4614612034895355,0
f6f30d20a5c7a5090e26fcc45046286c,0,0.46144881062214316,0
b0f3542dd4adebe4def80d0936c79948,0,0.4614421962865886,0
29117ee653ef9e0288e69f930eba308d,0,0.4614098647477461,0
218cd5dbb896e740c5230a227561bebb,0,0.46140879890884695,0
40bf5a2f7d1f6d16e37d61ca6b962db0,0,0.4614035830786422,0
e238fba997eec80e48bf8d8689877d89,0,0.46140050196053173,0
cf78d4901c0523539f34aba755d0b7e9,0,0.46139557591816294,0
7e063d87578c3438c8c086b4d5c93df2,0,0.46138853660054274,0
235090c4bed5547bd98a4dfb54f3a4d0,0,0.4613699012968375,0
29829306a1ae979ec4542f001b85822d,0,0.4613649065009573,0
83df90c049a8ba9cb243389ad5b8e965,0,0.4613462724078183,0
bf72646f8083406837fd6dbe6b69a3aa,0,0.46134072314014807,0
bf4d9aa2cdf387b99f3cd0018ace43de,0,0.46133257085886764,0
95687a1b3a6692a4c5efa67c8af9136f,0,0.46128509054662586,0
742360b6a7ab7b719b091f24c03bc2ce,0,0.46127545160911065,0
56a92d4ae6da383232787ec2b840a711,0,0.4612730283085237,0
d2303e113ab570be6816c67d949176c3,0,0.46122492013174066,0
ca961b973ecf9de95e3c17421f60a9a4,0,0.4612240464818561,0
64c6c8d524513167e74780af00d7318d,0,0.4611839251378424,0
d2e88d9c50422550ee9b0fc82c8208c4,0,0.4611811772757413,0
bde76a2d664187b4d5c4a3a089708b85,0,0.46117304123411634,0
23e370eea34e72da0bdbef9e4916dc0d,0,0.4611716709730357,0
9c0d53beec29a982a9fc6d09ee6e038f,0,0.4611693635045245,0
be54c768bf32502b771d6fbaac835c2c,0,0.461134107544907,0
a9f8dc1f5a3317a30e82c37f6f669eef,0,0.46113063070713706,0
92fe6ac03dbee5674fb7092a6e0acc83,0,0.4610923424341039,0
5c4ea1d19f5c54967ec857a2f9b1d82f,0,0.4610545359059738,0
7e32bb5af2a11c212fc1fa22cb3cb318,0,0.46104182064544347,0
bd44b9351d3b3ede95a049b95f091b88,0,0.4609951506693218,0
f0fde3fb998d8abc99568ef7d8c4f82b,0,0.46097681252805955,0
a070cad67f4e6aec6c2efddec1444258,0,0.46095141795783884,0
37f062320cd6574797a42ec382d2e79b,0,0.4609214500785376,0
64d5c7b805df5ccf5ec6560a4407edb7,0,0.4609170146929112,0
d4249bcd094470f3628d3ae817095128,0,0.4609083788166114,0
88cea4ddfee5a1a14ba80f48ebc64915,0,0.46085853325667414,0
63c58648e1518ae116dde41ea7332ac4,0,0.4608457048358637,0
4b27ed5216cc91caca981846106ecd6c,0,0.4608424697634965,0
5ed4db82a99daa916b5a11e6c48df670,0,0.46082523394279906,0
178517ea7fc752dbcbfcad925153cf94,0,0.46082486540827994,0
5795ada01417a5a0123580fd756cbf46,0,0.4608139348663791,0
94f6f1fee9a7e57454c1dc85ec7012f1,0,0.46079738394397596,0
4ef75acb45330a4164b7d732c1dfc798,0,0.4607963558483849,0
3f0972199a807fd45fb947d7b3130123,0,0.4607840895906122,0
92a9aad1f62f51cd85f4de17953d898a,0,0.4607568409319759,0
346055bf530d7571d961f13f03462613,0,0.460749780727458,0
7d1439ab00dd111fb719c88fd13f580c,0,0.460734867600798,0
23584853216d380c003d9ba9fa962428,0,0.46069584069467595,0
f6870d5b2e7b5bdfdeb70f873cf4ba19,0,0.4606883528693426,0
0274b33316518523077f46c699109015,0,0.4606763917371694,0
247abb2be98c7d9fc9190efb37097f51,0,0.460623049464747,0
c4384a7902deb7c5b60b480573876d9a,0,0.4605858836720338,0
6f167e9c293939512e4011c636fc5bf6,0,0.4605735159395765,0
940f79613f505ade14e5954470d25660,0,0.4605396792584596,0
cf54a1aa8d1c6a5c89a1e006503fe3b4,0,0.46052948089125884,0
c8776c8299d92ce2f4895fabe9bc6c5c,0,0.46051103711966934,0
21a231593e7582f2e5960bf0ac99aade,0,0.46046724436760095,0
4dba16725f1e86fe9712c5046ee7009d,0,0.46042088523212676,0
70f72887477b6d6a31e174834cb07187,0,0.46041587360751446,0
be9e5d693e6c4fb21dbcf836864bd244,0,0.46040603343661973,0
a9875837de1c60c11cb549d09b2071b2,0,0.46038612667205797,0
ca2f15a0bb24605a03bc27174919cc1e,0,0.460354158933944,0
ae96f701e06ef9eccded6b629b00500c,0,0.4603099365827369,0
d7a78af0a07d991354f7ceb0b0068e1d,0,0.46028749012799225,0
f04b6c016a15fb774c27bcccc50a8424,0,0.4602864231922113,0
450c50d54b3bc4c0064d731d9338d554,0,0.4602351579008203,0
cc199206f8d4c4779cb84eeab5831d0c,0,0.4602347856096724,0
0c60bacc1a7a82067397bff2c02aee50,0,0.4602338086748004,0
c5ee21fd2264c327e330d32a0f17d6c7,0,0.4602298530791944,0
46fa2563b12609b1e135d08c43b1848c,0,0.46022726996431607,0
13eeacfe5a522a3ed35ff02ed18edfbe,0,0.4602215539815178,0
f213b7e8b3c446f8b3fe44f4aaf361af,0,0.46022076945500556,0
85bdc4f33f21bd852f01e80c04d1c0cb,0,0.46020768853892674,0
30ac14da36a10738ea4a5db76c08bfd7,0,0.460172035920771,0
e32e9ffa72fe957a48b8c21d9576eb63,0,0.460165993123887,0
591556e0ce356274a8a58a64b5311a2a,0,0.46013361673710035,0
e9a42311906ef0aea61062641bc3c705,0,0.4601078967704782,0
f9dbe8ef6911fa7708aaf13d1be3ad75,0,0.4600923842676096,0
a1b1ba35bba0f6ad5ec156792d50bde7,0,0.460090602337187,0
c5d9cce8eea90ec5991d0f93f4912ebd,0,0.4600684452330484,0
bb1185da22886018db3140e842e52b80,0,0.4600639105909439,0
1924d194ed54e34435791cd233c5db29,0,0.4600276836715059,0
89f3135f01d627ec02dd14cd9b9e7af3,0,0.4600144352915134,0
941e7753ff8f0182cb1de64346d87457,0,0.4599973587601771,0
f606b0b8bf72286165118a734858718d,0,0.45999713712683765,0
d060480eea297c26aca01bbd55b2805a,0,0.4599911813531066,0
a05ddb8afbfd67e142076b9de5cacdaf,0,0.4599680055181851,0
4887fbd9b2fc8a9e9682c8e5f124901d,0,0.4599368270628414,0
fadc694fb572f20bbf62f2edf3c8a2bf,0,0.459934003988353,0
b8f1c329bf24677d2bfe4eeadfb858f4,0,0.45986327688208406,0
529d1eef84fd58b98f9341f9645444ee,0,0.4598473944858726,0
8e5e12653f5b6bb4c1ae33ad1c0b28c6,0,0.4598425842684095,0
38fee9579a15b3d4a515fea84e229db1,0,0.45983851034428513,0
75479d4c7ed6116ef584650104f74a36,0,0.4597533499942622,0
102e85d501734c4d2516467c5338c29d,0,0.45973077588255945,0
6fd11ed41ea931e9ba7ef26aa9d60ebe,0,0.4597281211794261,0
a2f9228d7ce95f638bb8196b6508447d,0,0.4597228544409677,0
b5841660cdccf5c0dde07b5f1728777f,0,0.4597209167608646,0
d0f2e94b4d406f87c1a9163ae90e120a,0,0.4597159195840494,0
142ed0dad12a73d4e9eac64b4918fe2a,0,0.4597108192553807,0
54610a858799a89ccd365119745512fd,0,0.45970564207113274,0
405f45b1bd4820a68c040a07210d0d51,0,0.45970068237256356,0
aae24ccd525137892029a5cfeea47171,0,0.45969887589833114,0
3abcdd9f2adabfc152ffc2c348ab5644,0,0.45968536850078134,0
395c3814b3b4b70a3f6e89310fe22cb9,0,0.45968416733772405,0
c4b9155a9ec070351705e0060374c036,0,0.45965288013865513,0
83e992031ebfa03162d40df2722f217b,0,0.4596116836927893,0
b54c0f5d4c001a783c4b04d847601cad,0,0.4595825107492023,0
673dcf90d05656ebc9f5aa4a9709f245,0,0.4595337072567754,0
d5d6260321705352c2f7c2c39937b03b,0,0.4595270345593273,0
6d2f14779609b8fdc6cc81d8b2a799fa,0,0.4595254702238534,0
1b61b6490c6d609224d6e8bb4bc415a4,0,0.4595050333120547,0
d9ffaef986305a5a589b198d8568f211,0,0.4595050333120547,0
24058044dcbcb7313582db0305dbe7f4,0,0.4594681026932631,0
5e80a55b5e4556cc4f802aaa5a2e8789,0,0.45945131609106765,0
c0ad7980d12088541d880800f1aeb9fb,0,0.4594311321515556,0
d9e7987963242e652ba92754ca50bc96,0,0.45942861488170716,0
d3867b64ef2b3d2de8a592df7574ecdc,0,0.459397537374376,0
2bf309706aa713f4cc4ba45978bab01e,0,0.45937328730203275,0
273fff5a1d5e0ffc35f76b3fe3fb2516,0,0.4593503663624034,0
79296e3467d0afbe0e255170dbad2e21,0,0.45932524755317533,0
c559097ea5bf2e95867985e1dfe6c774,0,0.4592935931350492,0
3a95e219f52da2617ddc9e9c6d73dbb9,0,0.45924572074948955,0
b230aac3ba81b49f755cdbb53acc0d97,0,0.459227227769807,0
7fbcf0382792e1e2d10669c049e8fa8a,0,0.4592253594999051,0
fd838ab0cac53252ee4a86701c6cb86d,0,0.4591993143164692,0
f14482c0e11f3669857be09db99a2338,0,0.45919694293429036,0
6f4a28a4a2e38d88403325ffd99ac22d,0,0.4591730470562873,0
9f0fd7e0120eac8394ab57e42854438f,0,0.45915869102468326,0
3a793b89f7683a13d4e1f2cb87844829,0,0.4591327019320872,0
50bdc8000409d9bc4100c3268c9ac579,0,0.45912919298144683,0
906a676dd8c39b51dd1ee1e8547330eb,0,0.45911516638318645,0
1d85cad0e21e06dcae9a825e980b26d5,0,0.45907803932200025,0
be7df3a9421b7338ea19689c19e73cae,0,0.4590712014952323,0
6ec8e6b1dd1d1c159c09b3e0ed0dd789,0,0.4590668062310259,0
a4b49136fdbfe77c71fe152e2c45f30a,0,0.45906483373569523,0
74541fbb7526dabecd0fc96b1192b9a7,0,0.45904838076860155,0
b91add0cf526e3af1deb10619aff244f,0,0.4590321769741057,0
5a7af3a806a1f677177c71250708fbfd,0,0.4590111764067968,0
7d167ea5b93a9ce85066dd22097abd5d,0,0.4589983086835404,0
a20abf142c56288cbea0f21614812c1e,0,0.4589914730190027,0
a4ac3300d35270a6f46218702e1a36ba,0,0.4589661851662393,0
4d6acb02cb5c8492d36a041288091ead,0,0.4589653633052693,0
b3bfc537df7ee6edfd3c5beb77d8de23,0,0.4589388041066794,0
835a7d2ca32c5dc3e5bbbd4f00c4a36c,0,0.4588881722266853,0
ac1199e07a382c4b92e2bf1e0f179772,0,0.458883652003401,0
18ca74ba6ce1d67648dc269dd07c51e3,0,0.4588801462927902,0
6404284d8144a1f897b76c42b6dc2c67,0,0.4588731908922857,0
ba4f8dd9bcf41f6ac93bb8bdbf87a0c3,0,0.4588603282262109,0
de5a8050cfd9767aebbc1cf8d87daa83,0,0.45884235983292593,0
c7e193525b2825ccfe5c65875c0db1dc,0,0.4588294770505849,0
f40a22b6e3c2c1ad68ea49ca1746e6ce,0,0.45881268135017766,0
d3589a912b65ffc20cb98844d00a974e,0,0.4587975542249356,0
7159d4b8864d111c17b42a4e62767cf5,0,0.45878773522955324,0
c69a192cb41a332d2538850f3064d453,0,0.4587756612567423,0
3e6fd6b2f0d499456a6a6820a40f2d79,0,0.4587674808012355,0
e93b87920cdfb4068778a1f4daea6672,0,0.45870765012285614,0
494e887fef923d79982b3c0e1ab49cdd,1,0.45865619984512096,0
6070648088bb76e7e116758de272ef7e,0,0.4586544817572351,0
73d1326ea19116c80b3a05fac829074e,0,0.45864800976659414,0
2bf3ae5a639fa5a19f5bac70247e39a5,0,0.4586407715835041,0
107f488b239b8c98acfc78dfc41d8c13,0,0.4586318732441515,0
cf6183c0caa8e012e8587a9e71ce2888,0,0.4586169557125045,0
d66553088d36672568a90d3b96501421,0,0.4586113812991664,0
0c4266dc13e119f7b8d87ec0f31f3439,0,0.4585927811798546,0
9acc160358717506ec5bcce4704579e4,0,0.4585801385649608,0
cf8cc1f67b03b2a3b4c1e5973136f12f,0,0.4585627471802091,0
ad364a72320b9cc9fa436bce66ef8184,0,0.458558970758587,0
ae076dc36683ea9d2cf5d57f16edfb3c,0,0.458541988867374,0
1b51af3c9a3ff91fe4c5b90d4aa47154,0,0.45852910876408826,0
f25e1c8fd84f68bd027100754df41932,0,0.4585015890432041,0
88be8bcb122a5645412cd9df152b4e78,0,0.458451674551479,0
66ae4493fc7c710a8db6d9620901f40d,1,0.4584508167238572,0
cb7eecf6b3b822c5e3d650d79aff5156,0,0.45844736925838353,0
66bde9319d0498a39252d4572d63cab4,0,0.45844579068155067,0
355ae139c8a163fb77c065a2d1403ed9,0,0.45841477192350266,0
b8dc1446784e02a8753fba5ec915ce3c,0,0.45838170265710343,0
c42b4527a3fe90a5a5c3a4f8df564348,0,0.45836378950691703,0
92ac896de4836b59ff8a1077df82c168,0,0.4583490732247671,0
9f3e6f44d350ade94f8bacef48ed6503,0,0.4583452298164668,0
35a71ad2ea8603b9557711cf960a2efe,0,0.45832873975872696,0
d35e2ff296ea858fbe0277a50bc714a6,0,0.458326471194222,0
ac2ece36efbb38ff8d1c377ed9f333c6,0,0.45831416140052866,0
a93d650696fec6d9deeb0d34fc61e6b0,0,0.4582870306833233,0
5e2511d76bd86f0fa980d3ba00b14a03,0,0.4582796170692334,0
6256bf8af16c17008022e314683e77e3,0,0.45827808422121796,0
3cc92975e4a97b25ed9b2bdb3b0f8d59,0,0.45826656069792043,0
ebf05b132b4385eaa2d8f17f286d588f,0,0.4582616019654231,0
48a9594c4bc0d9295ff26c2e8faa9610,0,0.4581592689443297,0
82dfa15e138ccec1896ca84a3151248d,0,0.45815521735421316,0
5c7362da4a7796e725a71031afa96579,0,0.45814697445918495,0
d2c92caeca5dd4b0fc29a3c1c82ea73c,0,0.45812893588761205,0
670f6193cbc595fa1af1daa9f31a936a,0,0.45812313988820436,0
6b6e5369f88537320cf6f0b8de782633,0,0.45812043364299265,0
5db2e6ea03e92ed48d96a7337a896822,0,0.4581073670266287,0
41672c3f7788a3c1dbf0424fc62378b9,0,0.45808223889114563,0
81cec23e4fa70dd26ca3a121836a1e76,0,0.45805152868529586,0
e7775fe4dd09fa9853f6869ea2e4a047,0,0.4580497545077822,0
2f44b1531bcc638088bea8fa3415bb2b,0,0.4580318113374695,0
3e62c89cf2d6f03cba175f18600e30be,0,0.45799980633582077,0
4eb38d51627dea7007360d5bb9fd4493,0,0.4579916986601178,0
a78b84f5d21ef260517732117e982132,0,0.4579842967290357,0
feb831cd3d26eea79e54b930a3a39431,0,0.4579704624119128,0
0e76834975d61e035363cb99ceb03aee,0,0.4579593811813334,0
4ae7d01b0aa2f9fad107ecbfb6943225,0,0.45794909025631986,0
514663a4e38474dff6d557ff463f67fb,0,0.45794071092238064,0
00c19498681c665889d1212be870e8df,0,0.4579372881295746,0
27a9e0fafe346600b795a7d0ec1b5145,0,0.4579245268162938,0
bec165a32e76adbb2f17989bede23b17,0,0.4579220508069425,0
2a48860e7a8aa50f094a56b5debe3d6f,0,0.45791434757639854,0
54c03135433a848d14764833c7693c4f,0,0.45789324654142266,0
9be795e932593ec0c21cdfa19799b5cf,0,0.4578651379023756,0
01e8bcc3377762cf85025138b2901947,0,0.45786131870695457,0
18d1fb77d6d3408d22bea7b52edb9b50,0,0.45785009300493223,0
5fbf92aeb9aca931d7ac6c5ce048972f,0,0.45784378941761666,0
4de1b8a190af808d50df62c07a75c2ec,0,0.4578017046940777,0
0be35bdbca431cbd320ad12d7ecfd211,0,0.4577915835163031,0
2eca890e2e70f760074a2e00e9eb789a,0,0.45778688462182643,0
6eab10b3508824094cfb35d39c2e306a,0,0.4577431471139549,0
0d0d4be2d80d6fbd026b791312f58268,0,0.45773877756915987,0
a2c73abf3474cb99671eacc20efcc043,0,0.4577275681734025,0
9b8ce55666bd674d92cf355e39c88d35,0,0.4577077088563973,0
0de36b0aa4ec94ffdc34008f6b0c8368,0,0.45770051276123297,0
bb2717a02780c30677e9786afc2fc9a9,0,0.45767114849441815,0
aaad33c5051196b5e73c7d65b9072e1d,0,0.4576677790344641,0
3af478a0ec73d70be569f3f34aa782d1,0,0.45761647040652875,0
c536cc87b8a57aeb1b211e7b1898778f,0,0.4575594756541171,0
ae8d92221ac0113ab44034cb5b550c10,0,0.45755373983409897,0
4a14b609b6f73d9ac7abd73d0ee9167c,0,0.45753993383249253,0
236928dd8fab76a2981ce06cedc83de1,0,0.4575317341204393,0
a28138fddb72ab77f5d98a42652ef078,0,0.457531567210017,0
bdb1a171ed70df2c103357ed139c1ea0,0,0.4575122486378793,0
a5827e4647007dd14dce567495edb6b1,0,0.45750653654385254,0
3dfa33e5348bd90b234a96f7294016d5,0,0.45749484770605364,0
7494c4f405b05ca2530038d5610e9400,0,0.4574714748284612,0
6ba32efcb359d12143b1bf24b7592c81,0,0.4574502423434752,0
b12fb4939476e92d9490ab46c7006675,0,0.4574070970320591,0
3b00e64b89fb318a18e1153da117686a,0,0.45739976407915284,0
2f2f393ab0a2c32ac85e4216eff4a562,0,0.4573831947338937,0
d0107bdcf3011c33ad724f5ca0f7a91e,0,0.4573491457923347,0
b02a5df6d2bc1bfed97344b56b7f218a,0,0.45733075366959364,0
834d784a0893881d5586139adfe41ae9,0,0.45731996971667666,0
21b8b4dbc28ebddd0fc8b50fd5a2ba55,0,0.45728151459792815,0
7963937e61896bef033f17fa08ae6a61,0,0.4572745068053382,0
0530b18e12a73156faac6d50a6c4ab28,0,0.4572685470230631,0
f173ebb064ab2b8e91d785188c2a42bd,0,0.4572626510710624,0
d7f93b8e46e184dbeb98f0576d678f7e,0,0.45725572191691616,0
eb1795057421adaf16b0eea967b8d325,0,0.45724138157013855,0
f34e2fad343cab8bfafcb2855fe30b82,0,0.4572293180229918,0
27429a8e6724fdd723ccd8655cfd824f,0,0.45722753702440067,0
9eb01074fe5016894cc56c59b75481e8,0,0.4572199309358541,0
1abff0961240deb9b4da806e4f8b3672,0,0.4572100798393826,0
00c4d93157cffc73cb2459f52b89cee4,0,0.45715613991140946,0
a8c2964c887359970daefd10d4c6c012,0,0.4571414054047748,0
113c1693277f17d3311207e0657dc76b,0,0.4571227484205589,0
c8d499fd34360bfb33eb2d7dab386445,0,0.4570843361801099,0
6dda411794c6d434e47d6af3c77586f1,0,0.4570789911657229,0
c8704591f365789bf60beb617b089491,0,0.45706660956981193,0
9d01c5cb3cc2f538dd47f5b00b993654,0,0.45697026675816327,0
435ca69b2991db5926ec1af18d4d27fd,0,0.4569579828142401,0
9d73d8f25f88429a758525f465ca627d,0,0.4569407049012656,0
602d5c751999c262a2b449428c3fefe3,0,0.45693058063186087,0
46a37ce78e0a0cc62c0b412e37188437,0,0.456902739788688,0
91d5da8c24686b483a7b08bfddf5c344,0,0.45689486261022855,0
6739f82be7fe556dedf82e16f0566ea6,0,0.45683006173947743,0
4a49477d780d1c894cc32a0075f2d8a9,0,0.45681903046262873,0
f56adba72e4e4b598b2201d273dbb51f,0,0.4568093975965696,0
88be01ad5852aae1b5d5231e2f415475,0,0.45680882733971856,0
b5a8de3a2f568f6d8b49e87a1272205f,0,0.4567900802895116,0
8b18be50aaaadb05500eeb8e43fe2b74,0,0.456776647621615,0
b8d50a7625e144be430dbc7d42d33d6d,0,0.45677192774718656,0
5f707d7609ed9d2779f15602fed42557,0,0.456763202212741,0
7e6aabeda3743baf029985e6d4e8cb83,0,0.4567448628576379,0
84d0047c12ae38389481afbb9f4a5bf6,0,0.4567403124598412,0
4217e360ce860e7f32001e81531d6217,0,0.45672381751415053,0
5bd7cb3c37bc312786b7b16d99074356,0,0.4567104426985483,0
fae2a48e34baa8141f11dfdcc4254aa2,0,0.4566934466124475,0
dcee7a3b18e1c1a9740dc5fec2c47d93,0,0.4566752878422959,0
85338158f4e35bbc7ee9f6cc9b50330d,0,0.456667837409608,0
c7cd7c949868a3a9167d4418c300f1c8,0,0.45666075449367266,0
97ab0a2ece5f307a8a0ec88605d4bd26,0,0.4566533736204902,0
517a7e097944fbc00c06add3ee10292c,0,0.45662903265332827,0
0d19ab86a30578607320ca8c073d3860,0,0.45654867739427674,0
70505686113e7a45536810bdfa15008a,0,0.456547400206559,0
3424bfadb98f8a7f1f7a24857a1825d9,0,0.45654421441889403,0
39156c5681509661e8f8b87724c29ddc,0,0.45653972725482544,0
f4c9e0ebf17bf085093b46f93abcab02,0,0.4565265231863881,0
80e4f74e3cab2841485cee868eefc16f,0,0.4564773357417757,0
7686562207b85f3a952c35789dab3904,0,0.45647657206057,0
0b20672b661ca79974ed8d338d92300f,0,0.4564475317336727,0
c15854d47adb3113dc35ae6559d4c57d,0,0.4564423175527316,0
5a617450496f1cf7f8dcf4e4790e6d4e,0,0.45642869505715106,0
e573a0cfd274f1b93437e8aa24a45e8f,0,0.45640308497362486,0
1d449975fbda4d4cbf33927701881fe3,0,0.45639831889756594,0
28e240d20a2a4904e9d5f64fc0ecef17,0,0.45639809886564986,0
9c84b59754a048e11a1412c052ede115,0,0.4563966058411701,0
34adb50767b04238054ca1f76ceabe58,0,0.456353997040097,0
f07003801fd7d914063fafe6627f0bc3,0,0.45634145181565744,0
4a3528ddbeb20abbf13730135a55ea77,0,0.4563047152731233,0
043d3f81f906029ee41d34ea004929b9,0,0.45629916958291866,0
d60d2927f500396fa1dcff983e4fb912,0,0.45628784989415155,0
83eda75bbd932ba9059d0f9e7b8d97e5,0,0.45628462079558757,0
a160253d2a6e0d66453fa6c5dcb69ace,0,0.4562834769366501,0
dd7be927ce65354ff18a65c37e39c55d,0,0.456233929742821,0
7094853097f979ef6393edbbe67ba4fb,0,0.4562232850822928,0
cfacbd72d80d18ad557d6c8a725e97dd,0,0.4561658974748279,0
4d7e6ee77e984de7603341c14791676c,0,0.456152734637958,0
1a3497c1968b8a64c45e06d0ec3e3c4e,0,0.4561109881438,0
339b5850047c971c8a948d8ec252551e,0,0.4561004518786941,0
63f146a56ea93f37ab471224d818a557,0,0.4560823570366796,0
5c8b64a2ef947447d35af1c1198dd45c,0,0.4560812862496059,0
3b9e4c58ddb5c57082fbfbffef158847,0,0.4560724242640116,0
a7e81ef44420c32ed404201355a14e14,0,0.4560526982728829,0
55593bf47795a0129c76e12daf99bed7,0,0.4560101120931444,0
bc9d93b715bcf31622cd1d6df785250e,0,0.4559893238882186,0
4a333e04d23005c217ed0c15b132c94f,0,0.4559605644100209,0
b4cc0294340db4dbca5979a257d7053d,0,0.4559409229108965,0
52c586a7cf9d4de22c74e5aefc140478,0,0.4559199949710703,0
4f07cdb32f9b7b54abcef48c096da983,0,0.45591315945069555,0
b21dfdc5d4ff4d72390b2732975a504d,0,0.4559097337050289,0
05b82760216e5ec78270c2eb12bee770,0,0.4559082060839273,0
3f1f19725af07b0bbe4faf86e6089c5b,0,0.4559065628472767,0
acc71fc18279e5859ab1e867a2e6aec4,0,0.45590352104524007,0
3cbacdbffb7e892903f284940f52e122,0,0.45589430658993524,0
f4b0e2742164fd4ce5398de963114457,0,0.45588932074392435,0
eba0fcfd1d2b2f5291b0f2386ea62035,0,0.45588930089326996,0
3e323b291cb138aafc038becb865d171,0,0.4558825536126248,0
2362ea945dafafd2f3c196effdbdb83e,0,0.45585107876252334,0
e1bf3333b4e28f9c0ce83a4eb26f8b7f,0,0.45582498525787385,0
98abb85493d9d27b83cefe289306f280,0,0.45582021479541374,0
aebc08b1b9f17380d9e0ccf1269e46f8,0,0.45578663442747314,0
a34a264de3621c224347b4ade9155c5d,0,0.4557281564057096,0
0ae747093ba6baeb22671a70bf87481f,0,0.45572150761371333,0
0d64c2c061f19fab80868930a79416ee,0,0.4557199390785477,0
62106c91034ab800d4e0ab8ff9e678ec,0,0.4556662096405629,0
96132ad82d42065fe83745227c96f313,0,0.45566268321426556,0
3be85df3e4ba114f460e6ff3cbd9ac40,0,0.45565466515625014,0
b96336694477939c9d102438f0c7c9d7,0,0.45564409809222844,0
bd2c96a76503e424d97c858681ab7cb0,0,0.4556057007235867,0
2021fee8566e7160397d06a1b4e96a17,0,0.4555941304163775,0
ff28d873d960260278acba659ac5752d,0,0.45556599765041983,0
0598dd4eaa6611265e192ffa2e8133aa,0,0.4555622008138154,0
a96f5d509dc3ca9346055e773006bfd2,0,0.4555527681289475,0
d0a9e092ecac49814c5ab1c16e5c8c31,0,0.45554317356351487,0
e56d844ce394899567b96a627d29ce7e,0,0.4555399498188578,0
f3ddbf26e38c05a810f73a77f2bc06f1,0,0.45551915541416277,0
7228928ea2429a6e7ccd7efd24789266,0,0.45550759924537304,0
c65be08c1aa71795c706a5479446cded,0,0.45550438425528816,0
c0f0c461d77aed35fad457baaf69bdf3,0,0.45550058587009723,0
dff85e1f521a1cd225cc7706968a32c6,0,0.4554673181226184,0
26d9c33cb6c907bb9744599829408dc2,0,0.4554622687545292,0
77c6e4c7eb28d5283d0b789216076ed8,0,0.4554526906021495,0
6898f407355b3249347cd2f6320cda3b,0,0.4554407090640885,0
303f017ae2c2060a02ec82af95eaf1ce,0,0.45543226203290005,0
adccdd0bfefdf5be9def4c9bffe650ce,0,0.4554295445894125,0
6ef48184f5b6e3edbbcfdc9ebf401363,0,0.45542086990899566,0
e03b23644f340151b1fd16d1ece08cc8,0,0.4553899360556553,0
92f93187b1f2b2b3f774655a3936b90b,0,0.4553655832115068,0
39f9680fb5fdcb1c5a806b9a2acb8171,0,0.45536076785521545,0
d3bbebdc135a43b1055c64b99fca7e53,0,0.45533798054198227,0
e19baf5e9a788bc82a295db74940406a,0,0.45533254852230864,0
88c2b1254c3371e349240fb82cae6882,0,0.45528657584276744,0
eb558f96a4145d74586480071f6e7c88,0,0.45526957683948716,0
3b2f9da4a4cf3a5e64c34c452a02c8bd,0,0.45525284381523795,0
7d185d821a11c769636247766f1fd45e,0,0.4552411485895539,0
b9b9a083a74fa9cd18be8eb0ccd26d71,0,0.4552188069609937,0
23a9f55c66d01a7ef276caa71a4c3879,0,0.4552157535369113,0
3a54210c5b36993ea99843080fb82540,0,0.4551800952293894,0
dd47740f3c285d15d8c9c72fc204e78a,1,0.4551578249289475,0
374026021639ada6e97c12b31a997a64,0,0.45515714322793704,0
0fef599ec418d6a774d937017ee7ec2c,0,0.45501405599557965,0
76009d41d2dcf4b23a9f4801f961c7f9,0,0.4550041835639423,0
6fe09f77ec8e29ed4e619c6841f6479b,1,0.4549885370618046,0
76655d8b3010c7235a58a9e0678a3857,0,0.4549814448468614,0
aa0f03153aa5d8faf1e1a4ce5a202396,0,0.45493672500155197,0
0cb5bfc9d8e5591f2f2216cdf425f733,0,0.4549317797853582,0
941590fb8aef66b3a8352fe7c691879e,1,0.45488299607893945,0
9585898e80f9de26178eb04cd600b6f5,0,0.4548720099556516,0
c540e475e972fedf571cd4f924382f7c,0,0.4548608399728779,0
47403791852ad9e03ae6f4d452df5d7c,0,0.4548426730298279,0
7fe61e30fc92e412b0598fcec4a3ec53,0,0.4547958310510585,0
4c4cb7298a837849426bea982a676ae8,0,0.45474766927478083,0
cf284d76da3e8a82e869e5bc424cbe83,0,0.454712769941435,0
5017b8c71b3fe0abad1d300666eefd97,0,0.45470473153207486,0
954ae4c58d699117aebf7e32399213da,0,0.45469346086644635,0
59d8a88a7a0eb9d9eaecd772d07bab67,0,0.4546846368777991,0
b2063323f4b84c196dad769cd4f8dd75,0,0.45466530430235264,0
5000167827337c17dcfcd22fc2d3ced2,0,0.454661987487119,0
b106260fccd09b6f8eb44af569153f45,0,0.4546475754438534,0
4734fbf54dc311bb5593c823625133a5,0,0.4546413695195985,0
96604fae6eebbe739925d9be4a948601,0,0.45462804297917864,0
507867d3d755ceb1ddf5dac3932b23cc,0,0.45461406299126167,0
2d33bad29d9ecc797cf7ee8a8dd11a9d,0,0.4545659187925192,0
b40d366bc58b6a07ba727ffcbf5b0e06,0,0.4545026505549222,0
44079d19f89d722a8811ae5560e99ccc,0,0.45449878951461664,0
a68abb9d3c4674963db5ac9460b516ec,0,0.45448791569730274,0
81ab2d44a88b86d8cf38879c3da5e951,0,0.4543817279950998,0
a28d7299d0cd5fe841801574ecf7c5f7,0,0.45438097247337683,0
51f94550d7bcfad6c7c91700954a597a,0,0.454347230406313,0
992535791de51fcb65e43ff850a8ab88,0,0.45433113299102795,0
e283ad13ad6d3a8a4e650772ccddf2d5,0,0.4542875678759635,0
6f92820eb558eaac875bad713d645dd1,0,0.45428303714712137,0
d46eb9ba6d6b75c1dac85b91911fc9c2,0,0.4542674586634432,0
6420bfe19a1230cc5e7edc7371268077,0,0.4542574216057598,0
a0c8b35360fb81d904e498f156033141,0,0.4542306706955838,0
6a326dfff2d6435236a10e7ead26d1b1,0,0.4542045721835081,0
272d474dde8221c368c57511d9150215,0,0.4542008518689619,0
cd2380e5e46ea2443fd6b9be31c04fd0,0,0.4541791805611799,0
c1432a8dc6489fcb7f5b2826da1625f9,0,0.45417798451731484,0
171329b53da535931e000f1350ea56f6,0,0.45417091340931903,0
48f8f0b5c8e9f985a817dbc0601d4394,0,0.4541375480285958,0
c87e6bc73afbc7838281b585639835a9,0,0.454136314654678,0
1272ebf6c77d5e5d424ee333a587f28e,0,0.4541289574893843,0
a2138c9b24829fd5b7b4c21ac39be33e,0,0.4541279784087323,0
6d812133ad29904d5a6b7e10bc64b960,0,0.4541102305708081,0
0ae906aa815502181b814a40b95068bf,0,0.4540944614552346,0
6e046d0e0bd13182d806b215c1db4b78,0,0.45408253799823356,0
629b332ea51d24fe298ca6074f35c6cb,0,0.4540549919588246,0
c0aff2627ac1dd216e37cff8e1e127f0,0,0.4540537129575244,0
e18182c0ce568de398acb620835e9710,0,0.4540470209290199,0
c87b501f858d76955f75509785e3779c,0,0.45402883965155855,0
265fc51793e4522a2b46c2c6a088cb69,0,0.4540149114249468,0
cf36ed9ae038c623d695d40cb7ef0890,0,0.45400906361917126,0
8c26a77dccfb9de3ea9e36048b53a09c,0,0.45400744350039574,0
b382d5807f6df32a48a5a8b0bc29a220,0,0.45400425457791466,0
70c7b03f4fedb3c92e18025f9bc5822f,0,0.4539280711230752,0
4959db54141eaf0a815b9ab254fcd3c5,0,0.4539230383955722,0
c8d3d9443d7414d6e762d6a22d870533,0,0.45391854077958615,0
bed67b19ad0141e064a5a46c8ed94927,0,0.45389408259473474,0
07f6114ad453edbb3adfefa1a8389d25,0,0.45389005203604793,0
cd79b407828f02fdbba457111c38e4c4,0,0.45385276222378146,0
c9e3d0ba306a0b9741b499df70fdb976,0,0.4538442081129902,0
b98645c4171899a971cb5439dfd304f5,0,0.45381704704024445,0
ae6286642850378ad9886ee4fd70b437,0,0.4538054361647619,0
94167fb69e0fff5cbd22cae95133ae88,0,0.4537723271976356,0
f776e7cfb75136eead72c375baedb317,0,0.45371184213209154,0
6b3fb73cdfc7d680d94676a78c105f19,0,0.45367622600971597,0
c3056e9e9d7d67c6a76db344666a4a5a,0,0.45367254629333575,0
c05421b39f3d3b5366e496c513b4c2a1,0,0.45363991761523775,0
ec029cf7407b885488d9268c18a0651f,0,0.453639277201456,0
2e8457e8d1274f72f7eb9f3ab818a672,0,0.45362631818638466,0
1e3c7109171cafe8b09225708b11c383,0,0.45360864612130136,0
c43542ff4d5b88ae0b749db8e64d7068,0,0.4536022133679148,0
9733b0329e8f54f126a9548c03d719dc,0,0.4535940742767342,0
5bf730cf1219395b0dd14b2f6d6c1657,0,0.4535866639042732,0
ba1ff26f8896d37158b5d068e03d1e1f,0,0.4535861855909023,0
550be95d95acf4e2d0de916442d1435a,0,0.4535749598935738,0
09edd76a74b8c67c3112cf163c55329a,0,0.45355389869511875,0
5dfaaf7ad5bc37905e9415519ad2f872,0,0.4535240749278893,0
effdafe34c3a8fd08ce7678cfb73e675,0,0.453509734062383,0
825482ccb2383885045160dbb7caed7a,0,0.4534899929006104,0
27b3bf351163c685a799c2bc22fc6ab0,0,0.45344473525755613,0
ba65345002716ae4c725e90a61a6ca95,0,0.4533870383284459,0
9ae512d732c481bbc2e1fa426da93a8d,0,0.4533639063639051,0
74657072bba23cb1f733815d9497ce86,0,0.4532803001539722,0
fec4c22f245bec950cb2da65fcd20fec,0,0.4532743346133032,0
3e1202f3d3d47deb7509e78c606644b4,0,0.4532705139538504,0
4c3db8a783ffa1b556d846e78120548e,0,0.4532498733396139,0
ae4040757eb5b3be43a7c0ea27260d50,0,0.45321132818291976,0
a86e7932474e3d1beab035cc165f9302,0,0.45320067636154854,0
c9f0b86ded50f9567c9e6899e4b1e6f0,0,0.45320067636154854,0
3dd07088b00e604f3fda8489e17502d5,0,0.4531720634527757,0
ad2ae8efeb838a2257713600b0f74827,0,0.4531372695422887,0
9cd9f643087531ac5405413e64d8fcab,0,0.4531343667308802,0
c589ce4c653991c65f29b41c74d50374,0,0.45313198164706053,0
ccc1b0d223798bd711b0799cbac29d36,0,0.45312646356810476,0
21323ae87907bc6eeb4987c0381bceb9,0,0.4531101234030735,0
eeed0d94b5b0f6718504b9e0dff06796,0,0.4531029888158476,0
5b63c1c49d44b7ae4978726dd557dde9,0,0.45308651333119115,0
77a50587ce3df97e7633f6f336298544,0,0.4530256187728293,0
d7d9e83592f15cd50071a2d23a646956,0,0.45300103208507386,0
2dd5a49b95790fb0f14e49a675906cd6,0,0.4529976093897268,0
90cd2695f924b148e6ce2d54ce0b3192,0,0.45297798037294973,0
09c9f131dc0afe874833c9f222f883c3,0,0.4529705332075874,0
f38ddd27ff8e8dddccb544e5751dc864,0,0.4529685753561242,0
701ea1ff7120fa56b1e4ef945dd5cf19,0,0.4529528454794713,0
f609ef916e0bb82fcc4bf52880b1ca03,0,0.4529518598725704,0
1f3df785e9dc2144fdd0cdab14aa9422,0,0.4529162590570281,0
859a9b67726d9c9306eb28b8938c59a0,0,0.45290401347144793,0
a99131aa4ede565c3792806fb9334498,0,0.4528938441931709,0
c19b3f0be6cbec152296b8383a971ffb,0,0.45287534160365467,0
6196129bbb35e46fc467b76e272fd298,0,0.4528537315623892,0
418104937eb08a32d45ed65eb6ff56bf,0,0.4528380469836398,0
8e0f287397a2ee65486373616cf4a75c,0,0.452823291972953,0
6025e80315175e0241fc6e35c42916a9,0,0.4528026369170271,0
8bce880e9732bc53570bf914abf0f991,0,0.4527966625816905,0
f090bc718c8e695fed3f714dc62c7755,0,0.45279237580032644,0
2c684f62b83fd608967683ed72d07da5,0,0.4527900492876991,0
676357efa7723d02401490e2da235225,0,0.4527899725788118,0
6c08a1ff8d15b8956488744617afc154,0,0.45275201962299694,0
33d9976fcce4cb6e732b9f51b4489a31,0,0.4527497897816655,0
a49e0376009f52b244fc67052627ad6f,0,0.4527394583332901,0
70f441b62360c2ab8162eaf47a848d82,0,0.45267823797739387,0
9ed172a6d7193653699555d95b34ea91,0,0.452620237059806,0
79c0a52e339ba9cd9c1ca39fdccef025,0,0.45261965796202447,0
5d15c22ab8b1efd3c7ec3253f3531299,0,0.45261795511174757,0
dae02a2d3984b71fe230f7271925c8a9,0,0.45260634055156695,0
4bdc9a280b4488f012fc46108b82b700,0,0.45260085147594653,0
dbdf835d7807129fb5cb917e11b1a933,0,0.4525900595791213,0
d8d83888c0000f38e811b614a75717dc,0,0.45257808978659664,0
e9882c71ab1e59b6c58e456f638a953a,0,0.4525656577881944,0
c0e0c6e5b85080dbdf3f021b55edbb3e,0,0.4525654644988374,0
2c30287ff199571ac2d89a5e658facce,0,0.45255461985537676,0
b0b6ba41f2581d52e89a9c848cb219b1,0,0.4525189568268286,0
731236aaa4c2470dff4d40ccc8739e44,0,0.4524441617186826,0
9ec6f83a75c8838cfd3916035452c2cd,0,0.4524427026150068,0
0a9c20f28627fb9d8539152d9670aa72,0,0.4523951691692887,0
c5c8e42080d2712f53984e95d9864871,0,0.45237754196452085,0
19856cce698c433d0941678c68e689a5,0,0.45233258817971,0
25db0aea3768d5c92f219f5177596da3,0,0.4523068562996378,0
c525d14195dff08d524f31a2ae76d9d9,0,0.4522915771694078,0
58fa34abc52091cc799e2328c667a3bc,0,0.4522863603324976,0
7dd3605f924113d9d2b2366aa67fb0d6,0,0.4522574016892625,0
1abc36c4380241b8d24c8191195fdcd7,0,0.4522525070514063,0
cff80fcb058e04e496e44149912e56a5,0,0.45224740600280305,0
d165e9c46b20c28e573be3d8e6bc9f4f,0,0.4522136464505873,0
7f5bd56f922fc14c92bfa3491f6b2705,0,0.45220757016442575,0
007ad549acb91673f04eac22c0568114,0,0.4521926712746178,0
977f002d10638d866aff55166707c13b,0,0.4521915031149972,0
c601f5196438b2836f6de978734b2829,0,0.45216360689627866,0
c51aa845a0f2fcf96c2f1d40d6808c1a,0,0.45209954389422646,0
e37133c3142336f640823d5facba9b96,0,0.45208102607565903,0
2f2033a0ce1c48a5ed9728c874be9c04,0,0.45208058289100006,0
5ee4a38c9f5e0b85f363e3bebbc67966,0,0.4520317298042295,0
afa7ea3fec2be5b6771a056bf4621492,0,0.4519844645913108,0
bf5f1d4548334174d5371158205504a5,0,0.4519813157672008,0
92970e5a0e375aceb871dd8494d2932e,0,0.4519649098114111,0
fff2ae16b99c6f3c785f0e052f2a9cfb,0,0.45195096024427617,0
b33223d07508d612901c0350d1cfe054,0,0.4519401034725643,0
4fcf56f1cf3d583a0cec41f7f523a852,0,0.45188392794354554,0
9f74b9418af85e6be9d509e3d6709e27,0,0.4518773420231096,0
f35b47d4a790459e6d81c85e359cc9dc,0,0.45185547771992934,0
7b9ff92eb917af9f81bcfa998b63b790,0,0.4518421800064074,0
ece009c098adeee7f5a6832c62bcc824,0,0.4518287654814058,0
8072f84e99d0b4222e3af8eaae114331,0,0.4518223434650655,0
be555d608242ab003109ea70e569fd95,0,0.45181870330423335,0
9ed91d5533f8a245302354feaadac85d,0,0.4518022785196529,0
428a648759c323cbcd1daf533ad1a0ee,0,0.45179777135320115,0
d3fc34ba9517a510bc470a95c0207cbc,0,0.45179128858783313,0
f3216277cf9743305e839e905320e653,0,0.4517505844292204,0
e790ac1a683fa57967952146ab87d325,0,0.4517118457121375,0
c205d8648c8e2452e4346662685db9fa,0,0.45170887037020224,0
a6b57cbf3b29e6fcfb86cd50c2c77751,0,0.4517012838994467,0
a9b8c9cf0ab89da1c58379f3429fb058,0,0.45164616347430603,0
362b4253f6e5a0752223fb2a97867ad1,0,0.45158830305417036,0
62c54bb25534d79bbbd52c3d9de4c1bc,0,0.4515854500357617,0
bb7ff07987c9bb0345b6b948478525b4,0,0.4515768410395121,0
adc5f9c9d98b7eabb6ba968a45fc780c,0,0.4514979756138232,0
b0b3c2cd54fa4bc340f9f1f9c0440ae8,0,0.45149105089658875,0
59cfc67e9678b2bd98ad267b9b6d73bd,0,0.45147565844887444,0
584bb2bc20695e10db1ddc15d027b8b4,0,0.45146156178066754,0
fd6692516c7c9fbc14eba639f54339f6,0,0.45145996212790857,0
bdd4e8bab079af37fe59f1d4ef95aec1,0,0.45145677103209864,0
829a783aeb035ae61f2701130e86841e,0,0.4514563308043083,0
f93e9441c55814d601a632434e4754b8,0,0.45143888185205405,0
987c9b1da9988bf39740761c1afe8ef2,0,0.4513842905004021,0
4e1a01d62c1bb9cb41ba38be0f7fde90,0,0.451374174078433,0
5373d3bd71b05d85cc1b76a125943527,0,0.451373040337424,0
6c31ede5f3fced7a46a2ed81394f74a7,0,0.45137134260522765,0
27076f2cd1c48142f5a78a375c3ea648,0,0.4513222292206194,0
48cfb1ec8875f03ad35e4b714d1450b3,0,0.4513222292206194,0
35beea2e5b36aeb0d95610ce5c4ebf81,0,0.45130575668550826,0
e72c96ec19df075fd316d783847812fc,0,0.45130298790848844,0
dcf4c5c933d46f8e0f98e1bfe037f2bd,0,0.45126722231922284,0
ead4bc4e6d6c494a8102598fb3c26d91,0,0.4512659154447108,0
bc78f39e91bb48ceb856abbc417f952b,0,0.4512650361406465,0
7fdc7bc8acb4c2a7ea0025b571f1335d,0,0.4512326949820628,0
79a1efe6acacf850e4aaf7d8bf7917c9,0,0.4511996845643845,0
be9d82c888343a29697d1226ec72c603,0,0.45118598082452765,0
15fbd44ecdc6b3d60f1839c8a85df7ee,0,0.451176160983512,0
89e9f838c2c41a8d39862fe8dee3ffef,0,0.45116827025709944,0
f0b64534482b0dd9609c699fe58c6a6d,0,0.45115881750309306,0
0cadff7d5cd315b0367ce51a17c41814,0,0.4511546704572459,0
48210a876860296297555f929507893f,0,0.45114664683462263,0
93bb3b99d1dfce71499c593c4ddede98,0,0.45113438277811624,0
e66e20554b301694df07bec45298e25d,0,0.45112462747815735,0
1c813c1e37d1febb85d0d06d4c7ccc7c,0,0.45109862235936266,0
f55074bc691fb84dc503367c6324e5c0,0,0.4510844967937918,0
c43b36c17145e0a3c8e9475c933f1e49,0,0.45106925170040435,0
8b06cf67b3666ed9ddc62016c194dbd9,0,0.4510552730630349,0
8f0d8cb981650f6d9dbcaf4de337a666,0,0.4510299479142377,0
2d40b4adfbb28854cb48ffe9e1ad0111,0,0.45097399043028563,0
504008f73e607b2e88d3f176da96cb06,0,0.45097082237809755,0
9197e6b3e505cbb066f5bf87ee49df7d,0,0.4509691497892393,0
db2f1a41ca73d34699805d7f4c1d4de7,0,0.45096234820285896,0
03b78c65c104820b87c6ef46f154dc50,0,0.4509606095661635,0
9a2d6c13e1fc67ed000b514a535b5fa6,0,0.450934725043323,0
846842ddffacb140a0ca1ef4daa033cc,0,0.45090666121819994,0
26126de5cc6659742c2c9352cf2bd0bc,0,0.45089953553756296,0
0136e40591d769adfb219f167a691487,0,0.4508854888549283,0
5b06524814ffe7696731ad5c9b5fbd75,0,0.45085949178213053,0
1f17255d680def492ca40934dd5b9a51,0,0.4508432993510754,0
5040991d70fe8053dc6182340d0bfd06,0,0.45084075022163395,0
465f1e1202e361c430bfd33b4f8e9dc4,0,0.4508268673353781,0
775c7f58826beb8ce8355bf3e9cfee27,0,0.45080577465233523,0
4f05e0e5de5e34a562ee1a8f92cbada4,0,0.45079049355846856,0
42bbc97b0a17f7b6a2b378d7abb245ba,0,0.4507685476382737,0
8f7c8cbcc35002dc607459711c0ed10f,0,0.45075426341162095,0
777b6530452e6440ba562f074e34eae5,0,0.450739839211218,0
025d137104467c3e5c07018d9d0bb6fa,0,0.45073494634875516,0
3ba9d4aa0432976e2ef966de73cd57bd,0,0.4507294130147504,0
9c7aa9e51d8300f7c9be4adbaa44539e,0,0.4507233879296617,0
c02e98da303c4da78da40f76952a187d,0,0.4507226867344371,0
cdba0e4a9b2fc4ec988a556d3061e1c4,0,0.45070924675953455,0
58b13e38278bc529ac05bb4b526cdbfb,0,0.45066932144265026,0
7f75745b4c2e50fbe27640c3949d0769,0,0.4506376488963848,0
2310240226b0c994a8b38ce46370efc1,0,0.45063383068226104,0
065dd01c6b43b086b22fdc329552d765,0,0.45058679008051267,0
b63103e7e7a35aba509576b116bad9c3,0,0.4505709860793239,0
e0faaaa5e888cd42e05f697c6dcb398f,0,0.45055977698962374,0
d28807b712185e7c8ddf7f5c337385e7,0,0.4504982199774919,0
39d7ce28dfadb187458ae98f1e7e3857,0,0.45048564448895717,0
826c82db79dc086400a19839e47099da,0,0.45046011218543114,0
62d922b58f60bb14c7836e5c69d4adae,0,0.45043212984496894,0
b94d9dcc0f4f0ac4d36b8ce9de6d45af,0,0.4503969914217028,0
ba7f2cbda8cf2d009f48445c456aac83,0,0.4503828138507952,0
859ebc00ccc39f92c05c0e0b3e35dcd6,0,0.45037586457730316,0
e4e4b8552ae792cc58e07b3360033016,0,0.4503385696855006,0
07a787d9ee33254f26f9447fb9314b63,0,0.4503275721722406,0
efcac27a9cb4afabc3e8769a348e739d,0,0.4503107880352257,0
134b6710b2c9d9f006d75e0bcd4794b0,0,0.4503067519657488,0
8ff1121db7b9b0f299a6547c6cc94a8f,0,0.45029781617709375,0
c358467e02e84ecb3b27f4f1e730792a,0,0.45029568817428023,0
4ced4e7efa3eb62bdb27ea777c60244c,0,0.4502810544647593,0
8d9d9b98bc478a5578891b4990dbf79e,0,0.450263954213811,0
49d79c76cf12065b7a08103cdba3e1b8,0,0.4502551088964155,0
d2844ebdb02dcd3f522dc721d6655b60,0,0.45023332799609483,0
6bef52e5972563e5aa96dde8c2e13e06,0,0.4502226343746958,0
4a27f0b4e615de68d26f4e5495a42b45,0,0.4502215665854732,0
053e4f362dde6cbd1493b735fd3282ec,0,0.4502167183454497,0
a25ed5f8cc1b7c4228d6e01a92bfdc66,0,0.4501668719032259,0
8e95d16c392e65af9ff9625417d3ce07,0,0.4501643783365999,0
0a3f32fce9d5056b96a9fe604715982b,0,0.45014429835196434,0
2c8baf984ba1a5cc7b56b575f7feb9d3,0,0.4501351659558965,0
45b98d22391bfd262db44b1c4085f76f,0,0.4500577971198387,0
80cf7e81465582a9819c70287e1e7ac7,0,0.4500381725986649,0
2170f324dea64d2fb1b55a48987bc5a6,0,0.45003512556026987,0
79123436facaa9208911e94a1565bc86,0,0.4500260659049682,0
ac43d10842889f8c06b6c615be7085f7,0,0.45001139884647356,0
7e3fe5b3aed4a5b83dcd393580af5d0b,0,0.4500047742433038,0
6619448b6ef9f4ff0189d1a371ca92a0,0,0.44998640038835397,0
e4971a4defaf07a1d7f2ff615a32c809,1,0.4499782622841683,0
f9cf2a1cb2ea5a6ad89011733b2725aa,0,0.44996830615454503,0
03deaea09727abbbe6305a61aed28a05,0,0.4499680600446138,0
b84bbab81298049dc58935109becbbcd,0,0.4499546926086202,0
4c6698e19f20acf48e64c56a7b81cdc4,0,0.44993115589711513,0
641bc928aacfb29e6eea8b415090965b,0,0.449874867716299,0
201b506ed6f89c9de7c4fbfeea94ab59,0,0.4498597331660891,0
4494a5479e0262f59a2338001bf1222c,0,0.44984933626874984,0
c9c3c8853936d42eccb70e9b020b55d7,0,0.4498414978169542,0
1af02f868fedbf83459c5c0603aa026b,0,0.4498151434947048,0
3955faeb9e98c31d8a715801dcd0f9e7,0,0.44981249837814563,0
01ae92e9e94bec47e10ef885402cfe54,0,0.44978846855104593,0
e67ffb93f00c3c5ceddaad4c0dbb1f0f,0,0.4497706594497685,0
aa514cd67b53c21de47c7dc5972555e7,0,0.44976570420504064,0
b8481a1849dce23058ac77f7b31a4426,0,0.44975924002462353,0
3dcdc903deadae214585b1d3596534a6,0,0.4497419943640155,0
5788b89c1d6ae5994dd642df916ef589,0,0.4497122730117659,0
dac404dd8c3d5be7de58c20a8f9bcf4a,0,0.4496908522230113,0
75571cecfdabc450ea36b40484fdc052,0,0.4496769410458235,0
def071444a798c02f2fb9435136a986a,0,0.44966961089533314,0
a620e399d71800c3a5a528bfd42829ee,0,0.44965325072046164,0
88e6b41cf1ad95a95cbb7d4e9d2a148b,0,0.44965112704867727,0
36b2036434fac1ab64762456ff3e635a,0,0.44961972691685403,0
f012d0428d09708815ca563418f16d71,0,0.44959137088204565,0
31d5927e37d3926c32fb963d4bf6f11a,0,0.449519404122439,0
c19ebf31d8faea2bb2798e764e61bcd0,0,0.44951615149475654,0
d531c1aedd13d2744fb99daac056bedd,0,0.4495082936825923,0
8f0fe2004ace0d5a2f14e5f013c68976,0,0.4494950581562465,0
a6d6aed540ec300cbd9b40f12c1bf024,0,0.44948373448412376,0
60a2f98033ef6fcf13603fd56cb0ab82,0,0.44945764595946053,0
b1081ec8c46e21c0aceb2609aeb8c1b8,0,0.44945249899283213,0
924ba8b9fc64e59cd65de9e617f25e18,0,0.4494461057721176,0
c18dd5e3fc4a3d84f506d34d154e8f9e,0,0.4494379469523025,0
1682bd1183762bcdff292a75f4523452,0,0.4494331546361834,0
f1aef84cc9848a0f2618b6cee49c8628,0,0.4494226797096349,0
e55f185cef7cd770d2707e2ecc801192,0,0.4494081180258473,0
4872c9f7d17baafcf572c49c824bbca5,0,0.44938513822699316,0
d6ee2811b25308e639d9f1e06e783d1c,0,0.4493765496817827,0
641c355f2bd649203dad2b0a98263fa7,0,0.4493655828984666,0
73b44df1a4441ad7605dfa49624655bc,0,0.44935317458970375,0
5786ba8739180a4be2cd1f6036114ac5,0,0.4493306938742562,0
c1562f430fde39464f3d286e9a9a3602,0,0.4492967862139048,0
df18b55cc16528b438bed221135c2dd5,0,0.4492833677916257,0
57c629d615251024098b1d42d08347e1,0,0.4492791930208439,0
db78d8fb0bcac2d3cf5564650f634c73,0,0.4492509568007705,0
3ceefb2177a2cf047e2b49ecac09800d,0,0.449192400385479,0
60f045715d5f78c8481115c2e5cd8526,0,0.44916376361120003,0
38b70b993e11d6fb460d550ec9891153,0,0.4491376394631919,0
2e729c60d6081c9eae481aad8aa9edf9,0,0.4491325266148615,0
54e9678f09ea5b6b6c1b10ce58e1f85a,0,0.4491246370728895,0
ef7767303524b52097ec3b7f2a0be2c5,0,0.44911092495694876,0
49c36ee3ff076feae18354f0d70f2e46,0,0.44910548666555844,0
767e0ad33a0e895fff80604570c885e0,0,0.44910536127148387,0
abb42bab34d060768f330241170ad42b,0,0.449102838497069,0
9a65b9daafd512066e5ffb4c1d7799f1,0,0.4490929021000824,0
bdcda82b1ea7222b500b5d82d8454e4e,0,0.4490854927857018,0
e775c778b71318378072fdfa7630195e,0,0.4490854927857018,0
fb6fc7f6be4755fb126441994310fedd,0,0.4490854927857018,0
e833a9fe0c73db19b4310250e75329e9,0,0.44908075070290987,0
eafbe5fb671d3f41dd8fb0ffccb997b4,0,0.4490666194329787,0
b0aac1b5a0b97c4fe74a7fc6ac26e672,0,0.4490659361954384,0
5ab263bf707a0471866a0c7ea0bd8931,0,0.4490326597349453,0
169207d4ed01471bc7f735a9749772fb,0,0.44902586775655245,0
ce11d0ea91a27ab2f2e4757f690a5e30,0,0.44901112536270615,0
4c415fb7f61fd0cd63dfafdd6bc9396f,0,0.449000891664661,0
b172a5d28d9b7522fcf89e6509fa7d8b,0,0.4489999556524133,0
7d5ec91561d364d02684648336613da0,0,0.4489644331730382,0
0c40d149be12481f865f44c449b5c7ab,0,0.4489544533466257,0
f499f5419a0121c20de531d64dad5ddd,0,0.4488928356896527,0
e6f1cccd4050b4ebccc3e5dc9b5993f0,0,0.44887253930634147,0
cd8194555de80b28e7f87a3cec59b422,0,0.44887064338293453,0
ddce9e2963e71cb5713fdfb677341c4e,0,0.4488577592179745,0
9babef38291b535a79ce06be358bad7a,0,0.44881948221074164,0
01bfd443225216fd172d2af98ae80068,0,0.448817286778816,0
d3dcae39bc883928f24d6040c2a6c2d0,0,0.4487992601425218,0
c0bfed338273072ae7f5b10034e82f20,0,0.4487883493607015,0
f8fe53da72425fdda7f64542b1e85725,0,0.4487574748372592,0
f24197228c953988bccf195cc75c624a,0,0.44872518358764096,0
48533831affa935557a30dd054d1d1f3,0,0.448711881267547,0
143c7038d63b0d2617562ac352c31c78,0,0.4487087177967306,0
3e3a414ad6cc9633f79ff0179f560b31,0,0.44870238650326627,0
16001cbe5e5de74015e3dd4fc03c6f67,0,0.44863981430474764,0
c02c7590556b24cfd689c111b7759be1,0,0.4486216051652274,0
f8be1ae4c179657645b4bf364865e14c,0,0.44860693179395383,0
a71c9b34d70e8c6bae2151f4881f5253,0,0.4486013956817389,0
5bd73a00d0cef6e2bf17ef04b6020ae2,0,0.4485975103058553,0
c9a86637da4318bb3d54cf1a79b205fb,0,0.4485886522289806,0
cbc543c4e6988f889a73690ba6ca95d7,0,0.448570756020634,0
72c893b4bcfa21f696a7cc5c5e64c872,0,0.4485553998797729,0
c079abb4d146311eb113fffc850247f2,0,0.44854101538393154,0
7db6eec8501b06a15c3273347b67ceca,0,0.4485351723231222,0
8abe0339dab5697016e9fa16b2956d5d,0,0.44851879236175696,0
6b77b8d684387caf92a306bcbb75f376,0,0.44850385863139813,0
1014f90d8a2b105b55da659d50f73625,0,0.4484936821058685,0
5376655a6889dd11341eea8e013be726,0,0.44849319986725267,0
56d4dcda06a9c8f05cd894af56c7f423,0,0.4484811287553744,0
ea056781435cd944b11951e72104f3cd,0,0.44844987239619516,0
ce9396ad300a338fff9b4a8814499949,0,0.4484371568798199,0
56f0db47c9ee73713767795c062fe0d8,0,0.4484094100266373,0
e5b75e2fa9e1505a0a3287e1702b54cc,0,0.44839792934864736,0
f6ee8291b6a190067c03176e4b5ab465,0,0.4483856870265624,0
e46c733f67479a6d5447886afb6d5f39,0,0.4483856870265624,0
10fa17d3bc4b4692b85cbf224a3392b0,0,0.44838252357829483,0
c025e5fbf991712a9030643b94c00325,0,0.44838191216942713,0
a62ee3bbe61f8bc8083a70b964f34ab3,0,0.44837752743135467,0
16ceb4d79cdc7336138f71a76a52af71,0,0.4483692794060998,0
b25e280cae5b3beef63f141808fe0e16,0,0.44834208738669107,0
745e5855c89063226a0b8d895d4aacde,0,0.44827963146661426,0
638a79e55f5dc90db25f08bfc1881caf,0,0.4482239013363696,0
ef5fb95d74c688cb0b6d49e77b7449b8,0,0.4482079841722595,0
9cec8e7b4238494aca2d2db6f39909b2,0,0.44819498493078025,0
25ddba9d3db5783d52dc8c313bdd426f,0,0.44817205207138333,0
bb713b58da78bee9279883ed814ad2e2,0,0.44816876014392604,0
00b309d0151d92709de70e43d662711b,0,0.4481414102037736,0
dc1ebb3411fb6921b469b113b93ff80c,0,0.4480806855694539,0
0edae752c98ae9333a935019211d96d4,0,0.4480778415619437,0
50091850aa6ef7671af8c3e0e6762e1c,0,0.44807670378132175,0
d9902f49920242390a3ff207bab13608,0,0.44802154475480244,0
0e443e6576fe27ebfd16507be8c0b50f,0,0.4480103701293702,0
dd49b43b7c5dc2dba635edf62e8feca8,0,0.4480061634921204,0
f3eccc77c18fd4481d031db5d7f8b3f1,0,0.44799263592211486,0
dd8181737620a49788d680950334ac03,0,0.4479762112531932,0
d20bd35339cadca00897f35a516b3941,0,0.44797067542657665,0
b9012591f0071cffde9744468f7b4103,0,0.4479283728147487,0
04875f2cdd7a412f2b6902245bd7b3a3,0,0.44791630262601584,0
a91ca5a84835eabaf3fc6846aa792e1b,0,0.4478592005446503,0
1dc28dc99fc168f6bfff6741319297ff,0,0.4478546280340002,0
4fe18ceb1eb7dad8e1af63c263cadee2,0,0.4478546095850653,0
7c1b664bbfb23001b560f3fbcb49b8ae,0,0.4478297744341213,0
e66926d000cad7d9ecc9c5f28537741e,0,0.44782756295388576,0
afa0af01c923a0df289a64fe8b7dac05,0,0.44782604907436574,0
847faf8a6d03f89371c5ae15457b1bfc,0,0.44781029845587467,0
1cf45a43a6968cf460edee67493d2eb4,0,0.4477978771108566,0
7363375a8db8e8b501c6ccd71f493fb4,0,0.44768314973155293,0
13114b7039d1178989356b1199b3cd90,0,0.44760740308058306,0
e4f4210b68a13bb804545e51ae236a95,0,0.4475951237997173,0
fc298be014ce873fbaeca6a82d01635a,0,0.447576954506989,0
5513ea33a42a77b2dcbc2691ad56557a,0,0.4475763714229515,0
72d4fd70a94058aa1a68e0dc49dc8b68,0,0.4475531996669208,0
f97b3c9d16806109d73c877ded9bcdc9,0,0.44752790131009584,0
0aebe2cc596b8045b2b1c72cc64fbae9,0,0.4474969672905066,0
ff76c10ea028397daea34c27d06e9ba8,0,0.4474936166721997,0
871766c5855e863f6eccc05f988b23cb,0,0.44747763526691897,0
e8a89cb5ce83d81147477839ecdf00a3,0,0.44744454302406117,0
da8912d6606bafc5b52bf257f2e0dd0f,0,0.44743273012636614,0
bf5c23372d1de6215067d58720a85d44,0,0.447432324040057,0
cd36cd7b59aa0a34c594aa8b22cd69e2,0,0.44742787484458324,0
24caecc7bc5818872f110b8b262ef953,0,0.4474253835768837,0
9768948d302fd18681943ecaf53e5e83,0,0.4474230053966704,0
f1eb09d2858a28f796484f8a9dfe2872,0,0.4474230053966704,0
8aa4ccd719f675d48bfe057d537d381d,0,0.44739870750046185,0
07826999f928c777522ebd9ed5879077,0,0.44739606323404973,0
79373f20275625266d51f1186efb0b3d,0,0.447349003164798,0
a45dcd8d92e79f60db28c64576a5b1ca,0,0.44732324579624205,0
9afcd2bb0c19d4b4119e8587ee3792c3,0,0.4473174109254909,0
3517d49ae177e9d73900471585d2d1c9,0,0.4472575458550892,0
925d26d2589c983d6e2c33ca7da030d0,0,0.4472407649023224,0
2fa56046de7e875be1cac671574efe87,0,0.4472299980697382,0
18960b18ced48ec169909231509f7d4e,0,0.4472219524319222,0
2db37a6c0fec55e442c67454f0de22d5,0,0.4472198741205098,0
8c9437a0ea2c45a366e53d6f7ec859d7,0,0.447213442990846,0
99ba6069c1f31edd36157018f23a8974,0,0.4472090145488167,0
9981513022a8761127f65c03c1d9d5f7,0,0.44719858683287517,0
978e83905eee9ce945a68d0a7e23ca08,0,0.44719199560537753,0
5b2a31f785ae88451ce7c692c04aed39,0,0.44719159133683106,0
cb1d8bf84961e8b849f824e29103f668,0,0.4471190632820138,0
02b7724060835bd13b499a886cbbcef5,0,0.44710606244475676,0
b396ab6d9171ba912cf3f42f6a295ff6,0,0.4471056555969265,0
6ba9ae471d8a19202d6462a17f03e831,0,0.4470812111911123,0
dcc7fb04fd4a19d3099e9f6e505ab08b,0,0.4470609073637831,0
0f9e24ed390efa7d2f9e2161f6dd8ebe,0,0.44704496286582324,0
c8064ef7b94e1796e22f3e4d257d07c9,0,0.4470345300414141,0
23f7cb2fedb7ce61d8f544f6573f3ba8,0,0.4470299434421826,0
ba7fa0a94a106bbf587f5813d19b63b6,0,0.4470149810760691,0
eb8939d2aa070e4c72a71668d83ef5d5,0,0.44699740332353227,0
ed526515060fdd64cf35698e321386df,0,0.4469845742788184,0
51e3e786fde8f4bb76698d6371a35ffb,0,0.4469795737242859,0
8d89731952673f0c15b60abed5ea1676,0,0.44696818186722753,0
aad5cd11cc925d1ab1292283dc04af9b,0,0.4469443858874108,0
e6ca72b67c6e4ff59f24daaa03d0f593,0,0.4469440478543024,0
b2eb2bf7739027beda54b96acf3c2d49,0,0.44694266015158013,0
d510f10b6be725172fc339fbea613709,0,0.44693551280269966,0
68e31a96512696ef50b87ef5bff682d0,0,0.4469312730552898,0
872dbd4de8fa62427b55ca0c978d0841,0,0.4468979597401054,0
16598a26ab52b99a6790cee0542f7d3b,0,0.44685788821955735,0
c41b29a1f1a375636331f2cec739bc34,0,0.4468449175258432,0
8a1f9d99f0ebf5b3d099aaf0cb25a908,0,0.44682161129917536,0
e68b250e16964c738b45c68d7b42a372,0,0.44680176695210727,0
cfc8c284cffbd7b7223bdfcd4649feec,0,0.4467904117551503,0
3516d43b65de0ebdeeee50b1ceeea75b,0,0.44677220381361954,0
9ab7c789eafeac4e56c370df1172c933,0,0.44674692126365173,0
71df425cb9aec3337bc969df451d663a,0,0.44672990602784274,0
26a02d604112e271e4b6625c7a637ea0,0,0.4467293500327302,0
c1d43ef6f70aff50201a1b882176a346,0,0.44672336236538146,0
599f81972e2b3db776c9bf3691e2c61b,0,0.4466517730460221,0
08c2616685d7a4f877807d97fbd3ebe0,0,0.4466339022863051,0
32f1aedef834cf043d84f67405daab68,0,0.44662635284259694,0
d314efd4e1f4ae5b3c0f477fa7cba000,0,0.4466205177859508,0
8148a04267b770094c93db158285ffd3,0,0.44661051174960475,0
8621acc0a5139a8eddae89ef04239ace,0,0.4466061996249927,0
eec7b50baf267074b41ba9bf4add6f30,0,0.44660058148536846,0
535a1647faf34fa079075dcdf6c30b3e,0,0.4465774465409199,0
0ff30db5b17181729996386a74e76a1c,0,0.44657503876351684,0
09fff3b550fb099d044fb43d30f2da6e,0,0.44655872076871883,0
27f0f1a17649f6017aae0f09c059b246,0,0.44655547516627425,0
ba93cc125c10799832f334fd335c92e6,0,0.4465518278452232,0
41bff18631557b1b24f17501b34a134c,0,0.44654794724936936,0
86ea137eaa3e060b7820d1ab61782ae0,0,0.4465391409368342,0
37ffcea49284cc659d475ed1ae0de11f,0,0.44653024036458505,0
0c16c2bf769ec50d429e92ccf4a411e8,0,0.4465285750249579,0
b0075c2f6fc8e596a2c9bc55eca07e45,0,0.4465211724544042,0
9b785ba9f0eb9634f87b2676139c0af3,0,0.4465149412270229,0
424aca6872c5bab80780a8dec03b7516,0,0.4465098458267487,0
1a96a430370a119eb2a756d97f4ba6b8,0,0.44648321478732866,0
74c47b3790848b8498124ff22a650126,0,0.4464549579283869,0
08dc1d191074db125578d982e3d51e12,0,0.4464431535092865,0
0b245ab8c277769fc9517581dd0aef36,0,0.446435575196133,0
34f2ec40e13a7f433b8ef0aa77426e77,0,0.4464320518405244,0
bd003109ce6f7f68f298e9ac60e1f4df,0,0.44641034614841885,0
613c38fc69a2db7f91ab1ab9f1f68e1d,0,0.4463544272519467,0
fc1dfd68f0a1dc5fe990ddd27bf197d2,0,0.4463492979745761,0
9c135ae490f7642bc5fa01d21fc59908,0,0.4463442067891894,0
3f26865ab1cafc762e8c28b95c1d63ff,0,0.4463255798244673,0
e9c484d9dcf31bbc2c94118f6a79d007,0,0.4463218697826424,0
ccd02ca82bf7e093622484c2a4ab7517,0,0.4462566200630902,0
568836b4c3ee7ad0d8443b3cc87e63a7,0,0.44619926784618713,0
e9d032a218d89ff1abffcfbbe0f2231c,0,0.4461775239123641,0
bbd9055963c1d7ed19a03ace1db72f96,0,0.4461618171615509,0
370eb4c13ead0fa3345d759e7c46004a,0,0.4461159756749624,0
d18b29409676819fac069006a4729dbb,0,0.4460795300285358,0
5267e2829a30776b57053a6535d05115,0,0.4460696777151054,0
46fae5e7a53feb44b1d3922d4cd51694,0,0.44603806136312185,0
afc3a30409ff55e2166aff63ff557d1d,0,0.4459937275148342,0
d991aef4ca117e165d55f156e8da7fc6,0,0.4459215418497059,0
e93171b16dd12e9618c52339f75bfc79,0,0.4458833682385024,0
f93fa04812acec5c7cca35346684c216,0,0.4458701432834271,0
3705f77fe0e8f958b47affc9f1509398,0,0.445832801676681,0
b54b05c97a841dffcfda2c32974de54d,0,0.4458323010454161,0
39791463fe4660b0d147813e963801e4,0,0.4458068543323151,0
013523c76f4749da72a9ccc4a67cb234,0,0.4458035871683145,0
c69ef88552e6cadb840c7e119b9eeff4,0,0.44578907465856094,0
c9d4e34f1dd9cc0c86cda6ff04d68a39,0,0.4457586512072933,0
d888f2a730513e235933fcc68ca8285a,0,0.4457305460132485,0
37ffc4529f4914b4d8fa628ccf1a422b,0,0.44572714471763514,0
30918014dcdd61ccbeb79c2fd3bc8d6e,0,0.44565335751629065,0
810c710aa4f69da0a93dbc4932e3556f,0,0.44561648023410755,0
53195b5ebfa96956c0446632da7c914f,0,0.4455836376852141,0
c4cb908cbfdfa2972a4c977804ea7d96,0,0.4455754118838112,0
9cdd327393787bd421ae89a448cfd4b5,0,0.44554729588512365,0
8689753ac05594f16b97e8bd556b50b0,0,0.44554566434667847,0
7b303dd9441e59248bd0dd8b22c7da92,0,0.44553596074782686,0
d401a17e88e606a3ce275061995a2074,0,0.44553113025672797,0
1c957fbdc3139e4172c8c5a82f90da22,0,0.4455293913425735,0
959f4001c949d2e995b59f384aa181ae,0,0.44549760377506165,0
d35020e46db97a1ceae46ae6219fd6b6,0,0.4454930133996333,0
5e0ab408941a219fe6ec4bc43dbf680e,0,0.4454930133996333,0
a76c838ef2b56cc3795d043f2fc1d7ff,0,0.44540204664490174,0
c5194a9a7ccee81ebba12a2b15a2f837,0,0.4453958649422624,0
1da52648d2b613a73c7b5ffc667f411d,0,0.4453877160205033,0
76572642096d7c2968c3da0ab9ee24b4,0,0.44538719610085425,0
3326fa86d549a0bd852d45182d1d466c,0,0.4453384534834749,0
52e1960a812e49701b50b40ae4ee8f2e,0,0.4453263254141905,0
b065a51c02cacf81aa7511607eb96d9e,0,0.44531558444892455,0
509148592c66d4ea7e26e63c131cd980,0,0.44530241600201226,0
c5c348704121fa48b8c005478f8c8a5e,0,0.445280017122897,0
81d2a0cd099bfa862bc246b1e56a2c9a,0,0.44527336617933166,0
8959f65b9e0d898ee60de9acd7276205,0,0.4452672703904418,0
3b31d586a550d3f788846dfebbddd620,0,0.4452390790906473,0
bfa8bb8761ef632205bb6ef88cf31ad4,0,0.4452110934346516,0
e7e264e44cacc99a3813e8fc72533ef1,0,0.4452063415575477,0
f53946a0b83c7b3fec0589db66c5bdcd,0,0.4451992342001842,0
2d4ae260c92aac1d323cb1a872eb9c20,0,0.44517734073785176,0
333b5385521c387b3b77f75c8887eff3,0,0.4451693690598348,0
5a1f6104fa0a124fe00c9bd42048b0c8,0,0.4451661160850742,0
51e5603fc75c806835b85d5dfee5ed78,0,0.44512701543114985,0
41e3c68264f86d0b5e3650e3ed2ff8d9,0,0.44508211852953067,0
506434746fc3c810da613453bd2c2f28,0,0.4450459113701485,0
0f6e32b2c661f1d00553a1d7132c9db2,0,0.44501388165327943,0
c1bc95194ed04f15db8a1592b27efd22,0,0.4450010171201043,0
5dd6ace791de04fec92367219063f695,0,0.44492808168443854,0
0ec0d6094a230cb846113d32ddfd1c3c,0,0.44492137185123437,0
a03469e46b66c790e202428c5f39707d,0,0.4449027656094488,0
43cfb2f02ec8067b1fe8be83b4fc5104,0,0.44489671551169546,0
a9ff065f56d037ecc6b9a79db8953965,0,0.4448616419602123,0
971b1719d3b2f6221dd8c5d1afb5cf2f,0,0.44485025292132796,0
74775b185d083e023e791aa9b00acc08,0,0.44484658040068903,0
78f5a4670e31139a2967c44d8995e94d,0,0.44483844625394964,0
4ce4e33022aa61d5231dc62065663220,0,0.44480753619294666,0
d9d37a77866c82145831a4376b1486ef,0,0.44478133831201994,0
d78abbfd36d8941bce9d71a8256190c3,0,0.44477231820078,0
54e49438764cddd0e54741a77491af03,0,0.4447563488144497,0
d587a7219e1c05a93a4e299619d3b05e,0,0.44475567485271283,0
a68ad412c53f45ccc69644d62568224f,0,0.444700148026134,0
6a9e853833560b04c8551f356b02ebfb,0,0.44469569481103977,0
4631d65519abaf54c9429423e48f6e8e,0,0.44465429056264577,0
8b322bef0201ef579bc07c39ecd9615e,0,0.444646038546854,0
86b8048b2961a740e5ed773994af6834,0,0.4445303145910956,0
3d07310ffa7a51e9f8249ad383e3e425,0,0.4444872782360761,0
25463d3b7b5fcd0499f84d2602216e72,0,0.44447069969283626,0
0eec22d2d11732ccec1bd7073010424b,0,0.4444657188702139,0
1abd10e2bc0afe1bda7ee7ee280a6e9d,0,0.4444623566210439,0
64936835dbe7caac4a87862c2faea0ca,0,0.4444388998357848,0
4cc21ad52ca137eaaeb486c85045624d,0,0.4444388998357848,0
f78a31b9a64ab9a8542f7cb27a399296,0,0.4443589097817895,0
5fa6d6c1a09d19fd2598eff17fcb7367,0,0.44430801784932866,0
02db40f9986cb6f37717b59c84a58521,0,0.44430258592933475,0
7ae8ff4883db8b5c974a379b3d2436f2,0,0.44430165591915144,0
156f46f75eb73ea44504e0e7e8957217,0,0.4442936396479613,0
8440572195f3b879da347831c44a8099,0,0.44426855792705755,0
1f9aa6c9eeaa21fe0759d5dddff6c48d,0,0.4442659708240242,0
4c6a2d83c50b419129850e0468b2560a,0,0.4442422904852588,0
04a710ba27c70647fb2a4ffc6fe48e43,0,0.4442422904852588,0
5ecfa32c4906c73a5d39ccf8fb517a4d,0,0.4442295618709199,0
f4156bff6a2809fadf8643fe23ff40ae,0,0.4442136972388729,0
8abb4c4b7dbbbda8bbb24e7169e9c470,0,0.4442108006220741,0
bba7b9cfd1c937323f3ce6324dd9ee24,0,0.444175080592781,0
a42a9d7752af38116b8340d50b58fd61,0,0.4441672107824187,0
fc3809b4bc01fc63d6135541882299d0,0,0.44414656648457895,0
187dec8d8ab22da33fcb5a66155b0643,0,0.44413813040028216,0
3d4ec1f3f781e8244b18998a4cc86212,0,0.4441020063654365,0
253982498c11dee63ba4ce138b3fe723,0,0.4440907752878055,0
29ec863e9db5d3362ee2118c277f8d66,0,0.44404886766225765,0
73755065ac8a78231942e866d05692e3,0,0.44403308923141094,0
217423feb3facd42e9449d35abb50109,0,0.4440094990579498,0
b1f8eba4b657c7a79a3b0f34c8b6af06,0,0.4439763083471196,0
bcf2d3bd55f6749f7ff68b3b8417462a,0,0.4439723422128879,0
10f8e23a5018a2819d2c90a473b8733b,0,0.44394734099925454,0
24a58752f88e0777d7af3b9dc790398b,0,0.44394488238328944,0
869d416d0e4f62034466aabe623740c8,0,0.4439293902015126,0
73254f2121f9a121ae8a5a32458bd7c2,0,0.44392146190995485,0
45d392980cffb198e779ed5dd674223a,0,0.44387727328410775,0
f228261df09d701ae78efe17b0d67b7f,0,0.4438652645954506,0
00e57919b893c89f4d9eee8d06c41f6f,0,0.443849930608265,0
11e447accd853f512be007be3a57c2a8,0,0.4438405451022881,0
189eedb15f06431209bd72b16187049c,0,0.4438316558814051,0
e2656e878316ea7c3877ae25a4081e62,0,0.44378867134488703,0
37dda06ed205b40f9a328d94fc6a3d0c,0,0.4437812921097877,0
229af2bc314525d19240f5c62dccfbbb,0,0.4437692125624759,0
14e5f24414b4fbadbe2f3dc85e1baf96,0,0.4437347790555649,0
e3439f1f05d873538254d716323374d6,0,0.4437302347856159,0
910bcecfebe1381dccbebefd3d85f4dd,0,0.4437263100344763,0
378c60a76d148ab145f7397c642cd4d0,0,0.44371606357617893,0
7a2e3d0f3c070d15ecc33629c0c886d8,0,0.4436870848468513,0
9798ef74fb0730b4c3012fa25ac96c60,0,0.4436846787763069,0
b4fe3506c521d05d9ea3cbc8ec760baa,0,0.4436830059839689,0
d98132d500bfb8870b1b59fb6ad2041d,0,0.4436671905038236,0
1e0926e360000226b237bf277aec3380,1,0.44366082015421665,0
7c9d7311d6c8b82d2f5f4e9e91d7d932,0,0.4435994528992612,0
5b8c80a20366ff668e44bf7571988b72,0,0.4435040078881166,0
b48348743e921a4c82657d401675e069,0,0.4434923029199581,0
3581031fd294025f4c16cd754bc4c90e,0,0.44349125076658374,0
60a17c1c55b5c2347e4d741920c1d946,0,0.4434738845645425,0
f487c4f7f236b97fc5dd2213ee7bbf48,0,0.44347067713408983,0
46fd21f8a3b4a07a38cee494c93b13f6,0,0.4434421943333702,0
eba2cf1bbf4837ae43652b7cfbaf08a9,0,0.44342403447237594,0
9a8f5956baf4c67886d91bee7bd5a50e,0,0.4434205190178433,0
39a25ffcc4f83a144eff541e56ef7988,0,0.44335971376464145,0
4df2f8ce1d98a38ead24358c74cec8a3,0,0.443356958570086,0
c530c9b543cc976d3828f21a69abdec4,0,0.44335288296939357,0
0035029989e6fc5cf030918a5f9f2037,0,0.4432980548946291,0
acbe78066a868389c9314bdf3c6ed940,0,0.44328188647570604,0
59b90826e4ef0c0001e9d17359bf219e,0,0.4432685190384955,0
72ec787e241319e85b89d18fd7a19605,0,0.44325446311222033,0
472a149da00ab76966375b76601af3e3,0,0.4432525567494719,0
5cc480f06fa48eef1c809211e66507b9,0,0.4432507813153045,0
a74e70b31bf20fc9cf484b9b8a52fd2d,0,0.4432460019576147,0
666735967444a5c5e671f9515fe23ab1,0,0.4432442846817431,0
8a14fc0583afb0a7dc095a6a239531d9,0,0.44323312397385495,0
a1f3ef4dca76be294190831edcd88433,0,0.44322118703765306,0
b009e495701d399eeacd523808ac3fb5,0,0.44321904750183433,0
a52f43288bd96433b3dc3091f5a14b2e,0,0.44319895207296267,0
232e3f357bb1feb6975e76a334813259,0,0.4431853343969654,0
4cbb4b07e2d5a48bfebc0e4958e8e7b6,0,0.44317462163257554,0
9d0755875c89125946b738c348527509,0,0.44317462163257554,0
f8d1c91f3c3c77bc0dca37c164e7e713,0,0.44317113523231594,0
c651e73ed40cb34bcb71f124c8e96b15,0,0.4431697493799297,0
0b5163a83a47ef4f6278ffb50261f990,0,0.44315944892628334,0
43af7184f8a067a1e49b68cd97c94ddf,0,0.44313644961525595,0
b193a594e0171de03f8d3ba14722a7b9,0,0.44312589452733675,0
62293831202a306fd978b4826dc1d965,0,0.4431200787906718,0
2d2f795be3c86374ae2ffecaac3c4013,0,0.44307129589191124,0
50658d1d512126b98a482b1bee95c888,0,0.4430686930930851,0
64ed00f32687108ce4e3ef77823945c4,0,0.4430592097293687,0
c4c08ab2afba13d215da7d3ab31859f1,0,0.4430525318103481,0
064e72f6dd03299e76320bd106b803c0,0,0.4430173245977434,0
9b9035de65d332968851b326ee7463b2,0,0.44299153203445474,0
362c14f75d83ab0db35c9f69eb4a1b8c,0,0.44297838026803094,0
66179a6544629c0f3465898fd7db792f,0,0.44296939545700437,0
036f8cd754a698392317e590a386cbbb,0,0.44296327552452147,0
19924214ce9d3f304844f9fb8d68bf40,0,0.4429321621892894,0
132af74d1bd8b2b57807743c3f257081,0,0.44292647164767346,0
c6c03bba166b958a40328e452ead2b3f,0,0.4429097422311476,0
6cd850488c03016c07454bb7e184d779,0,0.4428984885471242,0
9dd06802a9280b3ab0f399e7f04992f8,0,0.4428609966328496,0
020504cfbef989c034f403ab0076c408,0,0.4428469350723518,0
f765c27dd5ad5be41dd370e1ee4657b4,0,0.44284211479050706,0
34565823cdd9cf8ee5a56ecc8d7b1cc5,0,0.44282606695113835,0
2d3daf521285d81ef2eee3be1c8959ac,0,0.44277485081206414,0
0beaf9cc284f1f176d2de1a36a1e2f8a,0,0.44276804335193826,0
25be7058f357954b9813b6c82480fa45,0,0.44276155460819877,0
a009a4009fdb7456af9e59dbccfdc3b1,0,0.44275677376328293,0
8e421a47ae23c0009e56badc447abf74,0,0.4427561628181396,0
7db56f383a280aaa5da0a940cd503d37,0,0.44274919553711617,0
019954cc9c2ceb2084881eefdf48f0f9,0,0.4427306581893804,0
d8fdb98e13195529e2de1acdfa129e74,0,0.44271811130242716,0
607bf4f7777e71000af8f7f5e8af7e15,0,0.4427097744604741,0
9a929d2c704fcfc61537b117d73343c9,0,0.44266513866628565,0
2e9fa6156ef798653e721237123f372b,0,0.4426366565961388,0
c637cc2ecf10ec341680aa95b476f125,0,0.44260993151488587,0
e90ae4c795f7470a59e6cb9f2cae1859,0,0.4426065172878935,0
2591f50fc66178314f51764de6addf79,0,0.44259441157701257,0
539a46fd0fe17b457ea27dacf709c406,0,0.44259006586547606,0
3d58d1ec4b0a3513c4b9e7bc83e07921,0,0.44258225212619995,0
d32cc3e0e4e7f8b40a58fae2fc9f8150,0,0.4425765265759557,0
8e1f181cc5bcac5577cb660fd13a0503,0,0.44244681935621666,0
76ef492abb3414d73c62f104e7b179e3,0,0.44243922988358303,0
c8078816b715792847b71f79d639e472,0,0.4424379218378367,0
00ba737b18a7996f68cb8a99556bedd4,0,0.4423695280017916,0
34bac84cfbd0ba1da052e4f5b266c80a,0,0.4423637738845005,0
04b7afdeb5439d90a3e49335f2ca6aad,0,0.4423425584613277,0
003035f5ec76f2220098377482de93c9,0,0.4423372216314951,0
b2874303b91c4bc2f2d73deefab5b4b8,0,0.4423336605584948,0
5b1dcac3195ca1e1f72c8820c897ad6d,0,0.4423233404442725,0
4cf926be7c4508b256de872d8de17979,0,0.4423179874843899,0
930dfe46b364af81db0fb4828bce74c9,0,0.4423034893958354,0
030839efe59a33d905f07a893f4aef8a,0,0.4422984743797024,0
5ee57c2c09a8207dd889ca527f27bc39,0,0.44228867035515484,0
1581f60f62bd23892227a8abb32cc4f1,0,0.4422768770193603,0
3329202f1e357ad78ad4bbc14f3f658a,0,0.442253958418681,0
0d88b12063c0388a66ba0b8761c3ffa2,0,0.4422467543354685,0
999d7dfc65e6b444758479370b2ecbd3,0,0.442218366020479,0
2c2637fd5ac9af0765d7ea78d46062ae,0,0.4422022376607581,0
72a468fee984041a24d53066cfe95a16,0,0.44216283072890267,0
e90672947d557c841beb5ce7348fbb38,0,0.4421585936015699,0
cc4ab3ff24f7421140ee31cbccc64d1f,0,0.44215597985122035,0
f6294fd0262a8c15fa861c2604330696,0,0.44214385327262534,0
7f64fa75c7c91af97e3d9af2be1e4af5,0,0.44210721108373624,0
dc42c13bcdf97e19a5c1f9d029d5f49f,0,0.4420915074515819,0
46497b4ed83c7595a9c8849ae86e5392,0,0.44206886327704176,0
819edaf0f9f04e1a70e2f134ac2992ab,0,0.4420232522238405,0
41336d1d975b7e02f51ea1b07845de35,0,0.4420169873212978,0
75991565ad3030e821e9f5da33af7d17,0,0.4420098227029641,0
cefe2e85b3d426b396a8098d58d7ca5e,0,0.441973584055648,0
9f5e6c300b83e6d4ab2815c44c830f86,0,0.441914164118519,0
827b555bb023de4e3e0a593d365a786e,0,0.4419126440977018,0
3a8bf1c7983935f6ad77915e139d91be,0,0.44191066971097265,0
12c40b8d0e346698baa035fe8d542dfc,0,0.44188913243310524,0
977154fdcbf7645decd7cdc52f06fb80,0,0.44188652187072064,0
8f966cbad592741f380ef7b2e2ab564d,0,0.4418862195292002,0
81dd84d8f44d7aac9fa58e473583586a,0,0.44188364823338855,0
fde980b2d3e8e68d677ae07c1c9de60f,0,0.4418303523554137,0
566f7f098954f24bbe463e2a8955d876,0,0.44179045299106945,0
518c8b5df47f0d56eedba8e7c918f8f9,0,0.4417812545243565,0
7ad069b7a8d066039d2db63cd490d408,0,0.4417339453671306,0
5a8ab1842a96dae9af120723e2d051e4,0,0.44168047155264656,0
06a1e58ed33da661b8d9ea895f441633,0,0.44167728616187174,0
ac4723845b0e53b60ce88407527da0be,0,0.44167126872304546,0
92b69412e014e4db420267d05239645b,0,0.4416453465111683,0
1765fef079a8c44a1bce872e31aad75b,0,0.4416394606244909,0
da1156ecf6d5c22b6f55a25a22b707e7,0,0.441555421169509,0
8405f731b36baec7dfc9501225f9b117,0,0.4415435642544647,0
3b97119ab53db4ae0144dff13c2ee26b,1,0.44150754471502607,0
82d9f1ce8abc42103db9346fad55301f,0,0.4415011150835196,0
8f0b796d15a4b0bcd7bb4a626b442188,0,0.44147746528864024,0
4df8c0da8fc11cb8a07448b9c62d30fb,0,0.4413941895336616,0
7bc3e3e04d914c88c93d683b6d095167,0,0.44138914064741397,0
7f2a3dc84179df69e42a45f5a9a7d6b1,0,0.4413299812948506,0
ff3ae96c88f8dfaeffdbd0af958d8dff,0,0.4413283000729076,0
55b555cbe5c0b4b6d1fadcbe7b3421f6,0,0.4413115052147512,0
101732d08cdaa0fe2b7712b4b03311b3,0,0.44130667312258953,0
6d9db0096537e655c0d36d1ad4236b5c,0,0.4412622527270504,0
b7e2a35339c16dc140e465cc95406625,0,0.4412485346753467,0
f365eaab05cff577be2283c5296978c0,0,0.44123316271492335,0
3dfefd315855cd80170b7fe60d6279f8,0,0.4412027287220301,0
86312e803f123b54fce429c2a115f47e,0,0.44117192621808676,0
3615a0782b52edcb08716ac2e1c17b05,0,0.4411397917421878,0
41415f9d98446c12f76c9c4d5af62b03,0,0.44111568697005993,0
ff6e1283173ae3fdce65e4db958b5721,0,0.4411080698216981,0
7430052c211f8f0501807241e9d6eb9f,0,0.44106997755046884,0
b54e87557a10b8b7b73348e076fc19db,0,0.4410558882450558,0
70ae231a7b7cb4497868409c7c049130,0,0.4410454981692126,0
5648b6872b227b3665ac1172f7eeb205,0,0.44103841226387414,0
948811741e27959d52d6eeb7c847c107,0,0.4410217616887239,0
b63b174849b8c1f8eeb009d2d57db644,0,0.4410151265978097,0
8b3a246714d7e73eee1214efc27fa818,0,0.44101449743323234,0
d740ba74315bb6f1e6a76d021e740e46,0,0.44100998150730086,0
c2d57de917675db2642016f79052b9c3,0,0.4409631523594224,0
5d50b300e475d38f45775712f8311768,0,0.4409546408336748,0
70bf9fbc69f5912e6be8d044c07bf325,0,0.4409453333065703,0
211ebb34728a87efbc4dad9b405d8b08,0,0.4409450572478717,0
d1cc1a68ffdb10523c8904db67e650bb,0,0.44091469457055626,0
0bd1a51f1185c08cd0ee5bee61d1e443,0,0.44091370713848715,0
a436f9751b6bc18408da60101cb961e2,0,0.4408963072479456,0
193022a1bc5ae1471dbeda1ccb5b27e5,0,0.44082793155350875,0
cbf4a1abc9d7c3cb59a7db6310ed9fc2,0,0.4407066932937366,0
4b404ed72113e32ccd84b0c7718dc2d3,0,0.4406835278338816,0
dc3daf634e488f515c5a403e107aef03,0,0.44067305330847023,0
23e1bef9b3d57de340609229762d08cd,0,0.44066802174803077,0
a7876b9bc68cccec5ab1dc80c04c2ea3,0,0.4406517900322152,0
ef0996a1a279c26e7ecbd737be23d235,0,0.4406514046926557,0
32e7e039fe1e643c942653d992e1abb4,0,0.4406502512928499,0
3840224a09f80a2ed45e2abba46ea462,0,0.4406234147043688,0
a5d27d30180bb09d1aa563049cb43e8c,0,0.44062287164902636,0
ef035875ac63a400aba5f6d6708e880d,0,0.44061290769244077,0
061c02decabc23ac9bd36e267030fa2c,0,0.44059680874163853,0
c57aa906e4aca12c46c1c6891db2c8a7,0,0.4405746760522217,0
51869783d1306df1fbf37a111670cc65,0,0.4405569487096083,0
ac921754eaae7ff62c0be2b5145abb1b,0,0.4405357050269187,0
e0249a837798cb45a30df554edf53de9,0,0.44050887509372083,0
ad0cba407198d9fbf36c7e116b598951,0,0.4404842811943397,0
d784cf4b89e1342765948de9bbf5b525,0,0.44047606347415613,0
6aa78de3081cb1cffaea4ddcc5a32ef9,0,0.44047230354923117,0
bbfdfbd3af995f06a0da9d30e99fae15,0,0.44046918619789377,0
6b1549c509ef8c31aa1eaa92f318e5b8,0,0.4404497844172004,0
4f557b1cf15825275f3498bf39d5669d,0,0.4404454178155561,0
9199d4b03f114560011e2e878eb9d9fd,0,0.44042233015928606,0
d2931dde96daf36474fb9258d8db337a,0,0.44040257934705845,0
8215ca540d5abcc9e3564f69e898769f,0,0.44039334079711207,0
f005d0f6f3c9e871276188e6662e7e9e,0,0.44037221536935606,0
fed9ae71404fb97d15c821adbe64feab,0,0.4403423444609375,0
443587797c5b05546bb03e4e5bc0f3b3,0,0.44034167319126083,0
d5bcb0a36db10672d61e47177e7719bf,0,0.44033815324372233,0
021ac5734c4f62601583998bf0de4e03,0,0.44031655698859745,0
33e156bda7e4550b1c7714b0cd34ceb7,0,0.4403028628702749,0
601da5f0ab9077abc24c7f313247f9df,0,0.44029503748080506,0
0a703496b389e54c6fb8302c906d4c6a,0,0.44028361706034846,0
d7e1b5303ead81429cfee4ea4f253e16,0,0.4402664086439483,0
f952aeb0dc87e3ce82eedaea73d3975b,0,0.4402446917667912,0
21619987263ff10949feb34da063e724,0,0.44022663977112875,0
d60ef691954f6912afa79452526e3e86,0,0.44017690174283547,0
dc4a7cec043a824ca023222f91bb2fbc,0,0.4401667011966918,0
cc8a485dec0c96e8af46d083e946ae25,0,0.4401590052453897,0
58aad3391d255735a51b95f9b76f31b7,0,0.44015149583053753,0
6ae6421840d3deca0a99c0d2c6d95b32,0,0.44014972299770017,0
8dffa3165d189110cdbe104f7f948f1f,0,0.44014351529841095,0
22b99efa9116be57aac5b00ee65f097b,0,0.44011029041118493,0
9d56cb9a44aab5792e970c51fc9b3818,0,0.44010689993192487,0
a3c23dfa4575563a4bc8167812eaddfc,0,0.44008859624530533,0
1ec52a2fda0a61ade7cb2c70b98bcedd,0,0.4400881285693113,0
83fd2e966327fb235dba7f279badb8e9,0,0.44008630717904756,0
3433f3006cded712356665ccd4218017,0,0.440060448223285,0
2814c8bbfbba6c2671759ba431b72cfc,0,0.44002143361920565,0
7a1cc61a37298c3f36d52a699b1e38cf,0,0.43999763621685095,0
ed26fedad59154e7fc00cd7c1623d660,0,0.4399881554269431,0
9592e20fd4b35eb5ec5f8ea216c7539c,0,0.4399817461625412,0
4aea11b9f843ccf1562ad335ca256525,0,0.4399783542056981,0
d15ac56b03f2855f80fd1e9f66e902df,0,0.4399747175299338,0
36c2f8a28196fc5987d669d8e043178a,0,0.43997050096091755,0
6e798f3815f0984effe9a64aa821718a,0,0.43995843256331546,0
d23e9ac6539a33351d438258812292ae,0,0.439938888492677,0
7e7d20cebc896fe82ea4bcf605e727a9,0,0.4399221780135988,0
d544cec5f11fd844563cc17dd3509ab8,0,0.4399150215555907,0
9b090f064fa2f404b9b96a5e0a81a422,0,0.43987241097632684,0
4c17e4cca0d1309cf05a6cb7e34a8cab,0,0.43984209617598813,0
19e1099ceeecb2702c2fae0100f0010e,0,0.4398146860870558,0
20b074769721090b564c189bbd5e8efa,0,0.4397875750981988,0
c93814295d455ae71ce3ac1ad4b5b282,0,0.4397526577241324,0
6ef326dc1bc04a8e63bce7e749279a00,0,0.4397480597426544,0
85b3ae9df63745fe6974a148da9e2191,0,0.43972637038027246,0
a2a9e6be1091b22195b652b01a316bd5,0,0.4397132747386909,0
bafdb258df8a7a201e08b6b01dcc03a0,0,0.43969644891428095,0
5d076f221949d5d83dd93c1a4ad8a483,0,0.43969517573382233,0
ea18ffcfc95260cc65c44b127026a8e7,0,0.43968363033567487,0
010513009a288e24dbbc8183d5bcd4e2,0,0.4396637711108472,0
bb1b73c886fc57d27a3a93e3923515c5,0,0.43966027580644357,0
5729f7fd5208cfe5f0e886f06e9c3d40,0,0.4396503010135968,0
5c984df36155ca2d981c6a7d473c1ce6,0,0.4396418353382459,0
6b9f0ab331a35b7d166e719ff0df0cac,0,0.43963904459606107,0
de063bea4f3c9809b4780af305873f02,0,0.43962859810154614,0
0f13f2d314cbe14223750536897d2f70,0,0.43958371291577897,0
3986b88d5ce3b2d754e3ce81e08b15cf,0,0.4395727905418848,0
7332491660661b2cc3f09404d2d06907,0,0.4395727905418848,0
7df52bd3d822e203bd75224ed8d69e0c,0,0.4395488523955743,0
5680dec85a00c09c2e06be55ca959d39,0,0.4394909499153622,0
5a82977c06bccb651c66e206318d19b4,0,0.439490800525178,0
bb13687fa077fbe3b37532cef98fc152,0,0.4394887421026682,0
cff02987650918e27f19c8180a070120,0,0.4394739838711539,0
b65a565dc6174a644126c63f01327828,0,0.43946686833482895,0
8479be8528b1f06c698d38ecffae939f,0,0.43942596537242995,0
26cad9c9ba313f4f4883570a88f5460c,0,0.43941108397912626,0
1246ea8e009d8976b96418145027d951,0,0.4394101136485301,0
eefa07153283712a286d8901638330d5,0,0.43939090178833806,0
dfbc9b096f56256ac2a2b16e5872068d,0,0.43936098706609167,0
9830142fb807d072f7d8171ab69833ad,0,0.4393560204490586,0
e28e672b3d65f42d13df9f12ff523e35,0,0.43935166152009036,0
c2565975c1baf1579a811c76b041dee7,0,0.43933707012525647,0
7cab13ac15c283902976af92cc304a08,0,0.4393159234333905,0
faf0eecd36391f00abe23fc98e738ad7,0,0.43928307278872414,0
8114e62847b5f4f96a7e617db5f05010,0,0.4392797412190156,0
39b0912fd210ab22b850b63a4034139d,0,0.4392701243269056,0
0f99989fdbdf3806d9e27e1fa6b6158e,0,0.4392669384481664,0
c0dab7eb07507ed9414cb4e6abae7f12,0,0.43919694894974476,0
1ec820e535daa16788f5e30539db7428,0,0.4391896260129815,0
1648c72f7e1465cb7e79420fc9e91fc0,0,0.4391827316309814,0
065b9e6198f11dbdf7fc1250f9e08afc,0,0.4391703540046109,0
07a62725db1b6ab611d0cdd89184f39f,0,0.43915658008287883,0
62dbf95632be2b7c3a8b0ee94abd4cf8,0,0.4391329858698382,0
5bb439a4a0ef5e16e7bf261aad03f97f,0,0.4391145428722509,0
4f983b76182eb91c0ca32b3b8752650c,0,0.43910802567106455,0
2ce9290b706807b05e2cfd40c3d6ffe8,0,0.4391041164352169,0
23873697bb91ccf9a51ef84f375e8590,0,0.43908918498707467,0
99d1662a52ffc2930cade986054ceb24,0,0.43908636184581157,0
341bc186ec99d0ca059753b8eebeab19,0,0.43908605756488467,0
b9a78972745da1af7db1bc2b4cebbba2,0,0.43907399440703576,0
d1a460316c3d76c8470f6bd34412b70f,0,0.43907399440703576,0
d4729c72a167f1a4a2d5018243332f68,0,0.4390522657752821,0
d1c8bf61f09263024c368f9b819c3b00,0,0.43900240016484593,0
5ad895e7b7ce9007c007cf5a524d01ae,0,0.43898487889621235,0
22955c4f2b6b70d8b0eca2d89232b202,0,0.43898438594416117,0
c2e688d7b54554f05ce5ac19600f0e82,0,0.43897992847252953,0
b4cd4e0a9c809bf22592f2af4c27aaae,0,0.43896184550146,0
7cbeb3b26200ff0b044810d637e54b3c,0,0.43891455466964274,0
fe50acde4870aa583fd28401916b7348,0,0.43884596595343234,0
7f0d5c5f31339b90635c9bf99651dfa0,0,0.43882353584206396,0
acd77d97e99239dee13c53ab52bdcdc7,0,0.4387943017925771,0
4bacc06c053567be8babb2632532219c,0,0.4387909433173288,0
4947413e68f4df49eb40aa65881befa1,0,0.4387865651812929,0
8a112691dbf8f0511f4a5a358656b511,0,0.43877153080364295,0
31a9f3ea5883e3fa0e6ec685504251e2,0,0.4387705238980829,0
613db60f8eb01a6fe89ad6e8574126cd,0,0.4387605285262138,0
588d4d51115525b8d1385455e644441f,0,0.4387478364354928,0
ef1a34b0368cee7c343049164e2af655,0,0.4386931659135016,0
175100f919fc3643a0358de6e17f7e61,0,0.43867805885229294,0
22af775ffe3d627a6cac9fadfd6ec9a0,0,0.4386476386074133,0
7514c193ac9fd7bbdfb0ae42a05309ef,0,0.43862145176296174,0
88914cd8ecf222c3d2b5915960f5abb9,0,0.4386188108106339,0
c4af082fb0ba076bb96828135834f60c,0,0.43858754458370264,0
995732c307e27842a3b73bfa6eef8a63,0,0.43856723413665616,0
1522cc6491aaf3f36b443ff465b02df4,0,0.43856573253933956,0
b5a189159a62950d58c7208f43e0631a,0,0.4385651055073958,0
9f487d2a91b3d0bc162b18e0d579fee1,0,0.43853509290738507,0
042b64d198526eb845fde8a99e87ede1,0,0.4385141402257259,0
5ff5bb137879b2b1e5d637e5c27e86ef,0,0.43849917253306997,0
3819158541d845d5329ae1a8cd0a5835,0,0.4384917392327323,0
211973429b3ca75e0d50d81334502de4,0,0.4384897938645181,0
6cf640bf6a1311baf590ea423f43ec6b,0,0.43846619968475686,0
84e9e78c7a4d3df5b38c9bc54cc523e1,0,0.4384557117544355,0
0e001755cc436c114f174c1652968216,0,0.4384543478900245,0
a1a41f7e848c5f9ca904fd9ee8f6fb58,0,0.43844895758871294,0
665d348433e9565fbe92aeb59e1d81df,0,0.43844676922770615,0
fbc40e36b37b736d84647a9f0473fe8b,0,0.4384443613557772,0
df73591a78407ad9b5bf4668ae075aed,0,0.4383915061079134,0
9b551d332a694be3deb566aba6417dd7,0,0.4383898509822502,0
fa590facd8e7006c0226bf4913ed77c8,0,0.4383722645424826,0
a510b9823dbdda87f552e0afbca390ee,0,0.4383575181109043,0
2d7c0a69b3ca118336a1153a6e58caf7,0,0.4383298796624971,0
f987537e06b2e0fc86d565c2ec019d5c,0,0.4383197035668882,0
50745e807d72edb1e5f29f0989771a9f,0,0.4383192787050474,0
d6aea8f3f6d742744ad1960d748489b8,0,0.4383068717011585,0
10d751ef05ec08853b2ca0816ee70b0b,0,0.43829724769360806,0
4a51a701a27196367845d9299bee729e,0,0.43829149270583817,0
9a4ae531d8d3d971d4c18a599afe2ca6,0,0.43827708924270586,0
2307980125b4ba9d03e476bedc0caff7,0,0.43825545862867105,0
afbdca22030c5003a66f149acf874203,0,0.43821762293429717,0
a378aa1c7a3934c7f874c9a63fc8a1ab,0,0.4382113831613895,0
3040ed5657c7fa41b07a6c83dcbeeac4,0,0.4382003275264803,0
130c4e26dfc50b7ebf3153c56698f5ef,0,0.4381815942148197,0
4d6fd65864f9f166842e7e0d51740b2b,0,0.438178820363824,0
3a992f49b846364998d3d24dcf6096c0,0,0.4381439906790316,0
b4820d896dc6a538f0158e4a9ff373e7,0,0.4381346712482864,0
6c4fea95f5baaadf8233adb0fdbc6079,0,0.43812754590835595,0
ef67aca39c6d032bf935e90fad8d8255,0,0.43810582388653946,0
a19896a954d582883130dacfe402b5ba,0,0.4380679398868392,0
0ebad44e037893b9d3ec81a923196420,0,0.4380677456939187,0
49335fe3eb5cbde3f9abc0ea7fe9aa9e,0,0.43806403629965257,0
73fb1af9338c7c4982887e260a1be6fe,0,0.43801480939458737,0
1a152f1802f4a2a72173a78dfb44e999,0,0.43799298235288153,0
ae9a838401a6d05ea86e1005df3acc28,0,0.43797576677775796,0
6cbd479cba3b2b3f3cd1d89e229cceb9,0,0.43794579342775714,0
436407eaa91c84bd7aa8ed16a9e5be9b,0,0.43794504347587726,0
98422aa7fd66a3065ff9f5d801609236,0,0.4379017342979484,0
43cfaa844d56c565074a880a84dcde15,0,0.43787945623881713,0
2f1df0258f03c0b59eee70e85ad4d925,0,0.4378779037820845,0
26a9401fa4e6ec700b7a7fce51d984ec,0,0.4378775598666592,0
0e00daddecfabd465d514a0b11bfed6c,0,0.4377802516770274,0
7b23dca3f650878cf0a0257b192a7a96,0,0.43776873812239314,0
95f2ad130d11d5a1b25185c134ccf392,0,0.4377624864625076,0
ce2281ae0cb85fad394e9fe1695336a4,0,0.4377529120474118,0
a984da262e44d5df9e224ee3072c3717,0,0.4377372313180777,0
d59fdb68e15db938458f203e91613f79,0,0.4377220048353428,0
d645fa4a7f33bf4574b735cc198e0324,0,0.4377087845004289,0
9bd02f419986004f80d10dbf52f8c128,0,0.43767678638594565,0
875b5ac6564f5401afbf88f786c4446e,0,0.43762647390711923,0
c8d6f11697fffdc585f18b79bc71e308,0,0.43760886854333403,0
b9cb2be1e16f6afbcccc94af231bbb7e,0,0.4375991548804056,0
6862a79a2938bfda3feabe68f02e22e8,0,0.43759415214760755,0
4f690c27f260e55819bdfab13caa7136,0,0.43759383075719577,0
58fc218bb46085918c69d192f5cebed7,0,0.43758835689029624,0
51f576b5f0aa655d76696298a6971756,0,0.43758808019810114,0
47e7ed66ea0473c633633d75c8aa07d4,0,0.43755921081775734,0
d095bbc1bb5524e10c78879cceb862d8,0,0.43753208567952623,0
e15bf8e7ec73db7a15a003b50f64abe5,0,0.43751885619019804,0
3520e4bf75da7b02b3eb9f1218a13ca5,0,0.4374544881087724,0
a222a2760dd145fb409474aa19777d69,0,0.4374450065923326,0
66140ace16e213f84754b8d551066128,0,0.43743454133467125,0
5d3baed209d8360a3460b3f313b04240,0,0.43740856159657093,0
6e6752afb74ed3025a81ebb066a23639,0,0.43736822388445207,0
20ae7f5cb408302fe02d95d78c8d4f01,0,0.43736271125627735,0
09c8693be0df1717475ef6360a1912a6,0,0.43732762851041407,0
d3a498659d2a03311f7a7d31941f686f,0,0.43732728994058034,0
1879b14c28df60e8bb9c07e260216601,0,0.4373202634036869,0
dc2077d3fad144ac769ab2e5701b126f,0,0.4372860822504316,0
c4d9ec8c227594222eedd980cb28a6f4,0,0.4372849325709879,0
b3c357a494fd0f5f31aa3d2dcf88b08a,0,0.4372770692217965,0
9646d06f5a4d4f83d8f97032ad4ccc22,0,0.4371630717415915,0
0367371b350d144bb2c4efd70458249d,0,0.43712151189840465,0
3839c70ec5743c9a9207cb97683fe292,0,0.4370631362478558,0
6b6b792dba8731066dfcad93c56060a3,0,0.43704676708394513,0
1762922315d21b4fd5205f8f9c0676fb,0,0.43704374625383235,0
1f4ebf25894e7c8c46e382a20a90e457,0,0.43701030628851817,0
4d708044559de1542aa2d852e9a08788,0,0.4370068646476084,0
c88b9680a18dbb8428a7a8873c5fc7ba,0,0.4369902777893696,0
cda6dd20e87ff949c01b54a89aebdd0c,0,0.43697946980352287,0
a05382851479d83bb56b006c9e2b82f8,0,0.4369717464480641,0
20a7563d472a9ac62e08f4de6ffe0415,0,0.4369671331116399,0
5936e0661c5f14ba23f5220c379d9053,0,0.4369620611526574,0
c0be5113a45631a8e8a6f43e11dbd4b3,0,0.43692966025791347,0
9fa6d7575adc0cf43a6d504d190de6b0,0,0.43691211943412206,0
3517e4c452bc29782db762a150996061,0,0.43689858989264746,0
8eb6e808f6320377d4f85f9e7c4c9c4e,0,0.43687484399805077,0
dd09aa035593f32051038b4b56634a68,0,0.4368604842680065,0
be34d68fcb937cfc893b28caa139b8c7,0,0.4368318660611013,0
231fb8431f2fdf470021e8c4c373a4de,0,0.43683066724559555,0
bf0c6fefe4791dca044236e2d50a2c6f,0,0.4368128342661727,0
7f1652269d7ca3afaec1263781f389ae,0,0.4367426263593754,0
c7ca73f781107c77dcdc56de2fad45b3,0,0.43673070786492446,0
060a6620369ce19e52208b3f8ab6e27e,0,0.43672933704612404,0
d94c6f7934657234a8a77b2879d29fb0,0,0.4367228705055836,0
07a7972e43bf88e50a7376e6f1ae4e21,0,0.4366841165530738,0
4cdfc1a496852b9eceec6101b4461754,0,0.43664645821494835,0
be31e36b5ea4c13c355fea4fb10c2d3b,0,0.4366298744270472,0
f265ed971e975f6f931da5bb5950f43b,0,0.43661755525718465,0
c0ea3dca938e9ae207fa38719297efcc,0,0.4365909299741619,0
9f857d47964b577091ea73ec9d5b9e99,0,0.4365822943009029,0
c29153b4968032a063b623e74ecc48b0,0,0.4365655788994276,0
4107e2bcdb42c47591f1c40b67a8826a,0,0.43655468078083354,0
fd966da9095fd0bb5530180a1b088ade,0,0.436504236889551,0
680ca46a7747ede65ea40c92b183a4f4,0,0.43649472193743666,0
41829c207242a4402de7d589984cb22c,0,0.436411012015107,0
7ff43ee779f80f2c133e0cb3c37583db,0,0.43641064505358973,0
0cb82f96265f91a6d022ce6a3f62dcb2,0,0.4363969246665263,0
8511875de3e248309e07eec75684b142,0,0.43639631428779113,0
d0c426fc235a98b904f5f7132046dd91,0,0.43635209155717963,0
2867db65e2abb07a5b9b07b1a7ada5c3,0,0.43631184378454274,0
85419cb194ff68aacff9ab02562f6ab2,0,0.43630599954580424,0
11f49de0f014df932f420ece56c3c2b5,0,0.436295523471039,0
0a330eeeee86fe56f383e11837e7df05,0,0.4362904388596683,0
3c52e57f04ed829bc3d963659df8b11f,0,0.43625179991969987,0
8043a0586ae1fa4333b323923dcee8b1,0,0.43606451384610223,0
467975aa01ded053ddd770ac6d11abf8,0,0.436053300155903,0
c12626f992c2a2cda8a53737a97528f4,0,0.4359815292361111,0
a0dd955282394adaa929ed988d4b7c3f,0,0.43593496890602385,0
9807b69a3ca6cc5c553ce9da3c7fd9d8,0,0.43593173167123817,0
187fd255c185720c740bbcd1efaa5714,0,0.4359218969131209,0
605e2c9d8eab9c7e0bfddeb7be5effde,0,0.43590037375626345,0
96fab6e511253d619ab79a63c31b29c4,0,0.43579125968318305,0
d7f36ed554c844d47a19567041894aa3,0,0.4357649984444616,0
f188caf78ade184eae7750021a20b263,0,0.4357532989338307,0
a27e379209319f4f2a9dc566f516c91c,0,0.43571162731456503,0
0d16d92d727e8800fdd5f85f00eae25b,0,0.43568509049918874,0
5cbf29b2dcf212a6a5d864b887238c72,0,0.43566224840190776,0
a63a604179f2fecfdb7bc4a23ea78e37,0,0.43564040428785494,0
1e86f85c847ba1d29cf9c30fac52a78b,0,0.43561296115888143,0
a7404213c373cd2bd26f31b3d4dc72d9,0,0.43560080535241336,0
ff16d29e19b92c63503939641cb423da,0,0.4355783097858338,0
21c0739878ec2e4e65c5e466188ef607,0,0.43555149140648114,0
dd1dee3bf9f6515178c2b74ed53fbfbe,0,0.4355284686535515,0
82b91eaddb2c4147fd4bf75753937304,0,0.4355087229369837,0
58e16b9b31cecd2680fb21ca83dc680c,0,0.4354972668158383,0
cc35f31069218feda2996b0f96eafe79,0,0.4354590014279615,0
e2a406fccc0f1fd535e8d18ca8616c93,0,0.4354292109756696,0
80b6a368bb78dea2539249804957a779,0,0.43539866966101054,0
ed4a2d895a3ce9ec6296edd3fd6b3339,0,0.43539828921400003,0
99c348f1ecfbffc8210314d78984d9a1,0,0.4353925034938692,0
a4f095a4403c30562bc368a7dfc5d3e7,0,0.4353578932143337,0
328528c2f1990123f1c0074b312046ef,0,0.4353313256586943,0
de1304243e1baa2b702aeddd454d62cf,0,0.43531426420468144,0
298e5e0adbba757300c35bb19862ca3f,0,0.43528279392201913,0
14da2fda4f6f39272f9aa1c96c9e11a9,0,0.43524975188982323,0
ec2c939a56b9d792f75a3132ee47c2ec,0,0.43524668714065623,0
92da8bc27242469f90d1131d66d562b3,0,0.43523360766608155,0
cea77860bd914a494d05aa2d74d8dbe9,0,0.4352078286958965,0
252dce9656e60e54afc24a4a5722d66a,0,0.4351832224538526,0
6652d95ad6eced5a1891da24bf57c53f,0,0.4351795611523298,0
f3914fdcecde6f1e5a93a60f476629cf,0,0.4351540413489777,0
f7ad5ddb0d54b8a43542a2688c250398,0,0.43514131566188885,0
d5ef266ebc1bc57c77cf818667b7c7c5,0,0.4351402509977106,0
81c32144b6a09db6afb39476c7fa1bef,0,0.4350811178409685,0
3d7180d54d1d270196e1b6a82c50ef46,0,0.43506225498550394,0
647d365f07327085468005c50ee92f4c,0,0.4350621256625114,0
1c0acee0894cffe97d6700d2d2eea566,0,0.43502898564143816,0
2d649136dd000a41bc7d1799c0d39249,0,0.4350037952582103,0
9ef86f6b52ceb03a0e09e4eada263058,0,0.43498530299419397,0
b1d3a2240d7ba11aff7e7bd7e425d994,0,0.4349722224457746,0
4b3f881316f66630e2dc4868efd08e55,0,0.43496998717936886,0
461249b7001e9a56d4f4d4c29cd4cfe0,0,0.4349505826144223,0
2d0a1ec21a4f50a208963991a3bdc979,0,0.43493055132113556,0
f7779790fa751da3565ae19e6dc67838,0,0.43489644295563745,0
f54b2ebefa4a4e43e7fcd3b4de96795c,0,0.43488278654787416,0
f5931c0b7b57859851449d62a64e37ea,0,0.4348708717286721,0
9c9e34e36d16ec0e457aecffc9a27d85,0,0.43480137828186916,0
a3a1cb9dcd1acc2bf28f56e42bae977e,0,0.43476451491592594,0
fd037201e479226546635251e9e5d519,0,0.4347631966658577,0
ec0e4dafb1f2bc91aa5725e931d87926,0,0.4347458581802915,0
17b7474d4ed1decc837c02c2cdb090d2,0,0.43470944119383936,0
2a102175b7cf4415a0e53f5daddf4ac7,0,0.43469540033171866,0
fbcafae33b8ac7b85dcbb5ff0cad932e,0,0.4346873061172561,0
9509c1d589cc1255e4d19a1dd39d1b87,0,0.43466042877485966,0
586c708c1c53302ca8c45b51ef30d0a9,0,0.4346472922859228,0
7c5a8a93978fdb0ee0fe385f1fb7a596,0,0.43463790921530315,0
69ea433e6a6cb084ec51bacc99b894ea,0,0.4346266457620227,0
2168fa43345b9afaa92ec4064093df0d,0,0.43456639602561925,0
21e2a8d118df3b7ee58f1be9b8cc819e,0,0.43456559066177447,0
89e01d672c0a04d18ed2cc070fbc842e,0,0.4345491238727392,0
5381755c8bc307f642476e3168d1d826,0,0.43452759764257376,0
603cefd1ec4a18c001bab386bdae59f2,0,0.43448603912864847,0
4fa218061aaadbc973fcf7763366ec5c,0,0.43448322161706604,0
bbbd0e132630100700413df2962b2e2f,0,0.4344666566260338,0
09b0c22064d0d0f4bf41db027ae7be5f,0,0.43446473952596465,0
397c43786b70d47098b02f72c2ced573,0,0.43445914128723745,0
616bc808b8e6457205e87b80c8349a63,0,0.43441730704777803,0
24eb4e17651a037f45e8e4a5fe293048,0,0.4344148473334044,0
7e7f74ebcb61f6fba286b37002d3f93c,0,0.43438129494591776,0
e82c14aaa06f6511fa17a775101df09c,0,0.4343650950665377,0
9f4c36aa1686f840116ee318a5f32b11,0,0.43435121167745966,0
8de281d54eddae64232ce9dc27ae739b,0,0.4342987003503406,0
442378ca298c6460fb409b10626721d3,0,0.4342891726810605,0
d5e80f71b6ba2f1d293149b88c70a4ab,0,0.4342880717166879,0
641b39fba69fd98503084a09ee0bae40,0,0.4342840249228522,0
9785e169d9bae3ff57ed05d36a5ad11d,0,0.43426600512026775,0
318894746180231f5bb61ec807845ba7,0,0.43425794714649674,0
52678f6703e576806503021559c1f23a,0,0.43421389173144664,0
fb04537252647002e3fc677c818812b1,0,0.43418569592353634,0
9c0d01f2bd55d074b2cad35cb0301476,0,0.43418352575439034,0
51e32dbab59f703df32796cb616dc90d,0,0.4341807140228832,0
48c872ab914ede0d5d03fa151269f6b7,0,0.43415317743586473,0
86b7be8e3ba4d83d6a477c729246c277,0,0.43408864762300925,0
c611b2ddcec5427603ec76ba4c117373,0,0.4340600411689929,0
6624d60d07975258d009cd7879f2503c,0,0.4340340552789634,0
2743858792f616ce530a09f2d7f924ca,0,0.4340172396761301,0
8c99c0cb3f5f7fd22ca196e27c7f4619,0,0.43400629707177757,0
42cc1559fd951404d8b26d4109d7e5eb,0,0.4339298426354822,0
606841106ac1ccdf9bc8e06957594c03,0,0.4339123633787407,0
b9318979597876a2ba87fafda8527b66,0,0.4337753743888868,0
0d7bc569f058a3bf7d95f9842c611b11,0,0.4337114370640922,0
3702265e16e5246cff7462ea675f6d90,0,0.43368485774681387,0
b793f8d865f5b468cdeacfbc29f12d32,0,0.43367628840129047,0
001ae5a1788703d64536c30362503e49,0,0.4336229908701693,0
f739d2a8c552550b20a781313a2785d8,0,0.4336154272327296,0
101810d5a28d9391b52c5c2bc3dfab08,0,0.4335939057443644,0
6b38599de7ebe86e10dca22cad0f5c80,0,0.4335899901523045,0
dfb4c7d5d82eb2edf582707d11bb39fc,0,0.4335647998777641,0
dd73b672e6707bbc66ca2d839f39b52f,0,0.43354867826802457,0
3a483ec87e7ce44accd53f7b1fc68659,0,0.43353359042447287,0
983fa8f1598e72b000ac758f7e7cd998,0,0.4335274726673315,0
ad506f1fe6f802754350355982adb067,0,0.43351911761493794,0
29874a4e8a2bac67f388b5ee0bb48bce,0,0.4335166208365641,0
a568272296f24447991f33f62d7a7f0e,0,0.4334915645965305,0
72c303776f85c5a1d7481489c6744c5c,0,0.43348850311701753,0
d94e47730dff69f9f015ba5140eba246,0,0.43348233796053626,0
512c57283013f96199cddeb8cb76cab5,0,0.4334322872911326,0
7bce3aed580a34342cc9ba824fa4d6ff,0,0.4333709242368314,0
d08960a75b1ecdef2b71c1813027f31d,0,0.43335360061249456,0
c783267d7d698125cc2d9b5aff8bef44,0,0.43335242819919917,0
becee58d2a6a9bbef09f62bac4d11ffe,0,0.4333504411167361,0
16e12178159d3c0c1f4bcc7dec6a9d09,0,0.433346806781511,0
4d2ede5429c0dbdb270968926c2b1f2c,0,0.4333429868201522,0
aee1e14d4afc7099dbc04b7096f76b20,0,0.4333192497731635,0
5596f39d3816bf53e8c25417bb603b92,0,0.4333061285905027,0
24f7afe4322b73d532e36cdda9eb7bf6,0,0.43329727807069285,0
1705858121e505b099a4eeffaeec4b0e,0,0.43327313207565893,0
1d145be1c3df4da98204434d49bf4877,0,0.4332720395155908,0
df46c6acd5853d88f6b5b6fda5eb116e,0,0.43325644458735085,0
298dd87706ac1a38539aa2a2f823534a,0,0.4332504014336051,0
c39cc6b8f0a5d40e41b1de582816199d,0,0.4332337168647803,0
7ef3aebbec03e03f5a358f09486d4e1b,0,0.43321096432616174,0
bf70c45cb45bcb6a8a5da6b776f16251,0,0.4331940300984977,0
f324f172981086fb7b200afb6f498d0b,0,0.43311846970004086,0
a26ae7c38de0aa787fa4e9ff8a210f1b,0,0.43308503442840895,0
ab42daa0e23e5cab504e10e72209f085,0,0.43308503442840895,0
d7dcb6a86716cae0bae52007bd8b7822,0,0.4330843072004496,0
5dd27319cab49c620f28cd6e4e378570,0,0.4330454908105266,0
17068729bf6a0ca577f9060da7110a96,0,0.43302300484227546,0
afb9a07380963f172c8a956bef0fd28c,0,0.43300787328891527,0
61cf19a687943645bc49aa9c03927d93,0,0.4329851715092156,0
6d6e2291b974371473483ca1ac1899cc,0,0.4329170570118217,0
e4206d9f87b6c72fb4e1922e20e29917,0,0.4329159541511829,0
c63c0b1ccd9e3a6c8ddd1a52c4ede43d,0,0.4329077815657195,0
76c1e5615e108eeae2c00f69664f747c,0,0.4328964554443717,0
696398823bd7c7a17e6a545145387780,0,0.43288368583988224,0
440220052795297b56b960a064e1da96,0,0.43287156371227126,0
7e4e872a4c6868c151002bb69a5783f2,0,0.4328566979699464,0
3c6f8c4f55b17170c918087b2687e2b7,0,0.4328550236864652,0
4db3433d4120d35d83d6947cc2c78c82,0,0.43284652540391266,0
bb1768775784cf4511ec7c6f40f86ca3,0,0.4327970410848111,0
593b05a30b25687fb84c43cd30544b15,0,0.43277818139584634,0
b973bf0f5683373c6147b67e3a8e3ff9,0,0.43273796970832057,0
8007d5734703f05653954f93215c5fc7,0,0.43268747373357513,0
ff1e14670fe58a60d27e35069844b3d8,0,0.43268202414690854,0
b116e5ae7d4aacca1ffe65991309fb9d,0,0.4326501764581527,0
4cdcedeadb2f9aeb0ba2ef5f2ebfd042,0,0.43264707802989183,0
5f57fbe4dbe536ba08c38e0cc55a16b6,0,0.4326399984478605,0
e371d10f2436fa16cd0c83908f662fb2,0,0.4326281262377156,0
52835c43abec0d5b16a12996e65f91d4,0,0.43260917843861046,0
c802549dbacb6147c57dcf1f50c65418,0,0.4326083645217175,0
9f73cc44b57b6c7ff00a97819b2a64ff,0,0.4326037830429696,0
8f5c7b4a8c8d553a261e435fcd2d1863,0,0.4325995617708467,0
958da6ff0122fa69bc5e1dc0e176abd9,0,0.43257052287736253,0
9314b3483fb6e50ab88ebc930d821a9c,0,0.43257052287736253,0
648be13c6381102d73cd395d704eb393,0,0.43256220285183905,0
180b089cf85b27478809ba5324c8bee6,0,0.4325599449613357,0
47eccb0f1f3bac96e9eced88fe9c1bb2,0,0.4325335942740484,0
2900ec7ec8cd343cd80c0a4e3043642e,0,0.43253090613813955,0
183fc2e91b8d23c3b695906d654d3abc,0,0.43249760712578605,0
2bca5fe01d46ab5cc2bc5aaade88d850,0,0.4324619661411802,0
77201436a37981c76b0650dad7b63b62,0,0.43246024208877276,0
8aafd6bda51eeab15df1bb50be299db1,0,0.4324141036444456,0
4c4dd694773b1fc6f0481f9221c31b79,0,0.43240465419586815,0
8b2b2f74f91382a716c4471728e1bdac,0,0.432390449827604,0
f9125f220d7a199d2793e9557375e5a4,0,0.43237534279709605,0
b8bd32de284f12e9662f8f683c96b57c,0,0.4323675996697926,0
50c217b14e1545343291b3ffe31b61ec,0,0.43235989927168755,0
c9dbb7a4f0c7174729ee29fd55280cde,0,0.4323094150455872,0
64101517e6876344e5e22a964b2c5e11,0,0.4323090537550208,0
72a910f3bd5bfdc2a2c34996593f5b5a,0,0.432305291157008,0
1c634267830730a9acab5e198fd500c6,0,0.43227615154161225,0
f3f24aa0886318f0b6da390782728ec0,0,0.43225075833875803,0
3122dff8cffcaa49d22bc737980e79f5,0,0.4322051383867197,0
a17132a50cfb0804699d970a6c378944,0,0.4321745607310919,0
7b36f0eea1ec45d1930553b751265c58,0,0.4321509232011815,0
3aa9d1b3bed215d6bd320754c51e7b43,0,0.43214667728686396,0
108a7d8996b4298ae1a7f5b0653e613f,0,0.43214179376264067,0
bd339d25144aff3ed2e478fc25de3bbd,0,0.43208279484464207,0
86f88192e35af3f92bd322ba84e637ce,0,0.43206392039375385,0
0ea5a1724a11096ee0154ce1a19ff7f2,0,0.4320592953109434,0
cdc6cd6f0a8b8f844db9a61e779055b3,0,0.4320561567310279,0
c4d7513f13d600e335a6a34f071fbd37,0,0.4320336849186276,0
c2cee82a4d95cb08a964f8c6ecfe0218,0,0.43201175690860627,0
5f495072a4faeb10bcec0d9a6fa316eb,0,0.43201068653059954,0
29e662675e0a4cf2e0e708f715095bd1,0,0.43199813741712717,0
b3f2ee1073f3fa2354c70910c0cbd983,0,0.43197052665027785,0
96a285c966eb31d58a6afcc38d7e2f83,0,0.4318626984252633,0
d06df5b5fc6e99a9bd649081144b88d2,0,0.43186076706641396,0
fae6cd4c8008e488b84c58948828b46f,0,0.4318504834286681,0
bcee90ca103f2914a080bcdfac726ab6,0,0.43183303219898767,0
5f76e096eda1de4af550181f2ddb37bb,0,0.4318199437219893,0
6b6b1f0c96816bb7327a03cf006811be,0,0.43179350034954833,0
8e52214c5903765e10f948b1c062ed46,0,0.43178473257612004,0
419c97ceeb51b9e613885a86def7d543,0,0.43176172029888726,0
6539859a471f303b2528282446111d88,0,0.4317565678538138,0
0cd86571e115820ac47203caccebaae4,0,0.43174195113260794,0
da05ea5cac5fe341178e62ae03d522b8,0,0.4317182110775686,0
c9b9e60e5338143a868611fd96e30b8f,0,0.43171742287490406,0
a66e716d02b556bd6a57ee40c8a610ef,0,0.431670408005396,0
7f08c03efa1d0b682c4cc4dc4d5afe56,0,0.43160825290299604,0
b7c57093fe43116125c38a82f58d7105,0,0.43157952511364933,0
373d6a646ed4654b10d7611ea91c6dd1,0,0.43155904635047243,0
d68bdb5bc478a18ad98254a3ca48c4d3,0,0.4315404725431653,0
b5591149d00a463883fce43cb540ed1e,0,0.43152602575763704,0
d0d944559cfb92c04e5ddfd05b596dbf,0,0.43151945089378024,0
334cc44b9272d44bcc16e37e0a22d69b,0,0.43146340791261956,0
56018f90d636604006ef92df10174bc0,0,0.4314341758716642,0
a6b38dcfe711532c6f588ca185770b2d,0,0.4314243349695703,0
ef5503ad4aa936ce7306d4f5664c8e31,0,0.4313852155421647,0
a980f49d2e245574f76ed553b33dad08,0,0.4313839132376511,0
f2f9bb5883b3116c03cb77965de93ca6,0,0.4313799419756355,0
fb4dd583fc584e3e447af0d0eb6c4b0e,0,0.4313008463849329,0
2f46f781c0179582d951e58cbd68b725,0,0.43124379795475765,0
4a50538f55d9f8e0b2b54d1a49ad8d81,0,0.43120022789733853,0
7e4c96378f91612f1d48955671b0fb01,0,0.43119594556543916,0
c935703df1496c229e3754ab0721a69d,0,0.43118538359275893,0
6c613174d8b013bc5ae283dc7dab6f9b,0,0.4311807296877996,0
71e324d4444cbd2ce5e61fa48dd434cf,0,0.4311497306233537,0
59b13cb9b8e91ccce9e1195132b91909,0,0.431138554256259,0
cfe44a707ebf4a1d8072f98871cf4682,0,0.4311258085848311,0
f7ec6f1428f9ba2f245f93ec5b1e9f93,0,0.43111527708432223,0
01a0f3dc3a406f7fc8593565e1a50b4f,0,0.4311129697007553,0
f8b71035443a05f1089f98519e97b63e,0,0.43108272121055524,0
546c4ef305bb39289425e9d1c2601292,0,0.431067673434032,0
54f3df1d58917982736854425d1fa8bb,0,0.43102008832032745,0
dce323533e45e74d215e0fe7fb114118,0,0.4310149215040379,0
fcd67dd409ba74d97fe970e4e0ba189d,0,0.43098658614675533,0
b5b8aa77c15eeddb0007bde80975e7f8,0,0.43097810106408996,0
902538a5d66f6e653cfc4a563284f5ac,0,0.4309542208255101,0
111206009c4b4cfb6463a53cf3043ab2,0,0.4309471261023745,0
645b5c1b7144c8e10f6d65977782d240,0,0.4309471261023745,0
b8e1e09b3de04d9d6f961e57c18fa16b,0,0.4309219074597224,0
25594d3654936f449a3abd3f9b1c200c,0,0.43090725390146195,0
ec51a76768c6654a24541caed2b7a0f3,0,0.43088541884722553,0
79c6afc41231b4c9ab91e0b564ae9a30,0,0.430874005878946,0
8d9ec84608e4d7259a55a3a95cc84710,0,0.4308679645635241,0
fe3ff2b93571c00e1f2fa3bd25c845f7,0,0.4308325875223673,0
c8df76bf38607feb070ee32de9a0c4e9,0,0.43081632056231023,0
2faeae5eaf2e2e108f1473280bf919f8,0,0.430809808829528,0
d9f6eafc15ddf1d4537ddd6f0e029df1,0,0.4307742155430143,0
0577db0efc765dafeb6ff6ad59238c0e,0,0.4307631245245448,0
82380b485ec5234cdd668f5531791200,0,0.43075537161027855,0
a70b89f2822e51f76494d344e71aa4c3,0,0.4306882784609058,0
77ec31993fcf90d38a101b4df9a1151c,0,0.4306764054525545,0
49f946f26c614b71ebb51ab37e9c7209,0,0.4306725585905721,0
6560eb332e62d95b9408f77386caf194,0,0.4306722118035065,0
188e8f08287e3c78f08db012795abe53,0,0.43065424923360335,0
bebbb167a31f18532365d3a602c7f436,0,0.4306160822971051,0
7b8292ebb41f34c7229cdb2961a0cf71,0,0.4306011788819295,0
76d4b39c8b588b307ded0d2952d82d3e,0,0.4305868209479202,0
30fac3a7d72060742bcbe7b787617343,0,0.4305790815045151,0
a3be37c56727c179cbaefa67f424b3d8,0,0.430551739635502,0
f1934cf6662a6b649f1338693a504eb6,0,0.43054507207913995,0
e11eed456671b18c2ea5e399263c8c4f,0,0.4305207037063959,0
6576a87aa12b4a67bb2cf60785b35615,0,0.4305076723096978,0
2d10c61246b96296fce658ae99521d1d,0,0.43046273476591734,0
c040358f5a8ecd4cb2e8daed542c8742,0,0.4304278428455566,0
e27a73a5d870af369e93eac58482ebba,0,0.43042082728624426,0
d116b444a47cc095f08045baacd21552,0,0.4304145413898736,0
4232024117e4618d2cfdc07c30b5d3c7,0,0.4304010684272801,0
282660942c5b5d1e009cbb5c420d15c8,0,0.43037872424477586,0
cd0ba16db1d01849d8037585f8bb5ad5,0,0.4303761766512443,0
42a4998f500d5379b66cf4ea7730472b,0,0.43034176830493837,0
cab9fff97b01cb7dfe21340292eabfb4,0,0.43031848076985,0
444ba8eebdbffe9a9a59e862be540612,0,0.4303024164180122,0
34a852ee935fc6076dd7b0019c3cb295,0,0.4302870895769454,0
0012929d977a8d7280bb277c1e5f589d,0,0.43026345729301446,0
608573e503c6ac065f5910426e6cac4e,0,0.4302598568538919,0
4b66b83ef70065c79f4ebe6875902f3f,0,0.4302488060681689,0
5e2d89be42420641aa1c19cf1a90247e,0,0.4301794301112523,0
e6559e513d523a4595e3395b21b6a037,0,0.4301673736706068,0
6ac0e68ca06c7a126ba938508ed19f86,0,0.4301645675552889,0
a6e6d1405cfe3bf27d153f4ce68cdcab,0,0.4301232054244935,0
e1a821d8a0ad5e951bf0e47464dd1f9e,0,0.43007527539280427,0
06056712884d6dcbce31c2e54e3c4f67,0,0.4300716875394797,0
90543929698b636417102dba4ee5fd8f,0,0.4300603612550576,0
8c4507a51771fb461d0de12f6949cf17,0,0.43004268568103265,0
79c481d31d793a66a85f43af431eb745,0,0.43003551566290793,0
931ef01e3a43fa3688aa67a5a5bea802,0,0.4300121631366542,0
81050b2b79121c8c187dfb112f322ea2,0,0.42999699732248214,0
bc06da4ef337c61d455d1e5b95ce9353,0,0.4299855581016326,0
5f8fcd6136e1d1798f6730f7cda7db10,0,0.4299758616212065,0
fd4c3f3341390e4e7c4fbc024444c99e,0,0.4298839369792453,0
40b9153e9d1e084b64e305161a713aec,0,0.42984662965318754,0
87a309826a8cbca2e5cdc9c0e60a0129,0,0.42984181904114144,0
6e58509177f2c0415788340adb84d3ea,0,0.42981502441980596,0
942626a5922c8e92c1f03d0499b75f12,0,0.42979220957106734,0
1bf6765c243d6039297f4f49948e53ad,0,0.4297828411141509,0
3ff874206f1d7d1e3ffe12bc9c88c27c,1,0.42977222452130504,0
4e587131d6858426ebeb7170321e5d8f,0,0.42977099188777274,0
055188b8180998e4ff965306cdc47644,0,0.42975523679873584,0
66d8576e09f38bde80fe38193acaa95d,0,0.42974618393536473,0
ba402ac885df83d973295b08e41e542e,0,0.4297253760861763,0
c5f4a17332cac9eea14c1147093298dc,0,0.4296974217331909,0
160e14c093f0685f89d3956eb843a3ba,0,0.4296632263942799,0
bf34f637333160aa0d0698053e907b96,0,0.42964253854570567,0
0e324dd34836a0e6fe8bc308ac975e1b,0,0.4296368290433479,0
943f97d1d9328970b78dbb3202a605ce,0,0.429622715341632,0
2614a511be97fe0ef5705f2ad9502cf8,0,0.42962228744223746,0
77ff6babd6fbffa27c787adf3142c8f4,0,0.4296082032489076,0
4c527a8f58b956bbabdcf89700f7d012,0,0.42957430529169116,0
3cbb6ae2da72a5cd83efac4990611b07,0,0.42955254845979013,0
3c29f545213b70a3ac37bd77da044948,0,0.4295443372811413,0
429b70f67d8406d6c0779b6e16f5ca52,0,0.4295257901908893,0
3b4a4d8c04fb333db68a4eb0871e22a3,0,0.4295239520144673,0
6b5a2448326d6aef48943166976d4a19,0,0.4295097915277172,0
e76b5511af55ea57be641fac4b41c329,0,0.42950663433811465,0
d700a290654faef414da173a6aba5acf,0,0.42948859429975245,0
9fe1afbaef3ba321036bf970115295dd,0,0.42948369645861717,0
2e808c750082cc984e777652d1ecfcf5,0,0.42948168820101557,0
aae0e96ff119585d363a1792e5ea5835,0,0.4294405578691862,0
60ad2dfe15162be5e47aa1ca1429130a,0,0.4293660748299946,0
bbdfd334d046bdab4197ad981a5fd420,0,0.42932994391093915,0
832bdea7bbc35684f7d8cb45876e2df4,0,0.4293049533068042,0
355e2999522b2ac86cb892a18fdbf0f4,0,0.42929282099185356,0
e1bd9953029d9683b41f570e717f82ff,0,0.42925974399925526,0
08956f78b05a629117296cd7fea74142,0,0.42925727286901655,0
40663febf13039cfd595a421b083e91b,0,0.42925400338026437,0
5edc01207047a7a4ea56ba277d6a0f55,0,0.42925383141387874,0
45739ea1041ad56af3f92be9bf397245,0,0.4292441631211053,0
a3924db20da12f0e6e449c6c0a9b1824,0,0.4292326067214842,0
86d1743ca907bdb0f3852070a31b9972,0,0.4292063776360476,0
c5e3b10e4c355b102984ee3b7f754463,0,0.4291929502350654,0
770c46cc8437a67264254f23c1786b97,0,0.42918047442001866,0
4e1cce07cd5937c69dacac3c8b13d965,1,0.4291660070010437,0
37e2dd61ca0493062acccc353270f8ed,0,0.4291319342124439,0
145b20cf24ff025b18a51ae22ec1d74c,0,0.4291319342124439,0
bc5acd756fdd66c534d089b7805f5387,0,0.4291307372192905,0
33bbf7f44390fb043522808c1ce2bb1f,0,0.4291009261805178,0
436791bb96065a2204c91b812b82f96d,0,0.42909853843129836,0
e94ce6b948c470cbf7c123f05d9d8811,0,0.42907977957061233,0
918dc87cd72cd9f6ed4bd442ed785235,0,0.4290794609627359,0
cb29f0cbb169b96f94f9394e1b6bc872,0,0.42907090190614194,0
1cc4d0a08425d549b5d1f42d90b4f72c,0,0.42906321688379917,0
b091f0594b694484477cb61cb0b19d49,0,0.4290580201237078,0
23ae02cdcd126d779864e941c1202249,0,0.4290505844135579,0
f46971f1ac7b376b668114a027c98e78,0,0.4290296149388845,0
49b2302c52db78ebd698e8ef0061d40f,0,0.4290056820833101,0
332d23ba1c1179a58fb692bbfa5579c9,0,0.429000693010069,0
82095d3b7c6a379278d9d6a851248581,0,0.4289472183967406,0
e16c4e8205a73639a8e539b4f7a62842,0,0.428902142855997,0
86d1c2012f7136f72e39dae07cd3993d,0,0.42890087384510583,0
addd6dba00b61f11e7f538610d557bf0,0,0.4288903401738528,0
bb5f97eb2e1c517fe842fadc1d1d9b91,0,0.4288891657297684,0
af1020711ed5210a7cd8681262848eca,0,0.4288284331851378,0
b7c13491fd2aecd9308c75bb4de979d8,0,0.428824670175553,0
345657b88489fbe4e0872e7ace9140e7,0,0.42880438386406045,0
bab2644600d5999aa5cb93ee4ca45cd6,0,0.4287918116259417,0
3a20fad1f940060ddb61e60bc002117a,0,0.42874968530128527,0
6a06628f1bbaee77da8aa892e5aefb72,0,0.4287314021634974,0
0af76bc62bc01cebbf98fd8ff78f4137,0,0.4287155876157426,0
76eca5ae5af7fc520e164899105e9eb0,0,0.4285588841076761,0
cadd5b730b1c8a1cdd39e4692c3bc084,0,0.42855505642949204,0
a9eb99ccaa59fb6f67bdbb1ec6ca45e1,0,0.42854746324885906,0
5c60d93d30882cdd81708742077e214a,0,0.4285425032938028,0
749546bdf8a090828900765d7ae56fb2,0,0.4285241752869509,0
714734aa97dfc3344edec798c6be7083,0,0.4284383569640158,0
0c387284712d4d7047d46d5988ea7c0c,0,0.4284215225151712,0
967a0b2176d10e4fff035035b224ee04,0,0.42840185390439944,0
c4886396b3611751be07179df0696331,0,0.428397941834895,0
1c82dfc7549ad7d753bb04c607084357,0,0.42839275454279263,0
f76b3c1ea5fb8adb4de3f19f7f28f29f,0,0.428387266662626,0
18487b1864e346cdfac83d441d8f43a0,0,0.4283848856519552,0
a86774753ef84917c00c62aeaa2fe2f8,0,0.42837924346352857,0
63f1f29f65fdadb67c10e1e4e9ec0dec,0,0.428336603821816,0
d660ffb88298ec2f46c7091097ec7439,0,0.42830113554727883,0
de305db623f8801d9641425f6e2339ec,0,0.42828017250465833,0
b69150b50acc3fb8cbd018d4cb9ae973,0,0.428264525214729,0
3b63e7ae5d6058eb51567425722cff95,0,0.42826335944696303,0
cbe90a29307025b1aa98d02ad2271c0a,0,0.4282481085708586,0
4eda428a9ac244556096982b960224a2,0,0.42823303941658625,0
ddc3194f4dbd1455cc8722aeefcc8224,0,0.4281562210267382,0
995a32a389c2aaafd5fc15d569ed3c37,0,0.4281175022187176,0
d34a4558b69784031d3b3bcc44f840af,0,0.4281148978068632,0
b3280d735cecbe8dedce6bd0e04f9784,0,0.4280511657262764,0
16e2ade8df2aaf83e526438a7f41ea1e,0,0.4280195249325147,0
589dada1d94da89a250054e9342364f2,0,0.4280072555956248,0
7b577b8beeca5c17d88511a4c0cf6152,0,0.428004056310608,0
4926b889467f4920ec3c0ba7e13d7dd1,0,0.42799003646744155,0
c01f2f4542bee015df518586e39da8e1,0,0.4279668529468041,0
e14eed372b76d7e9790a07dc3d5d6d38,0,0.4279668529468041,0
155d785ad38224d47cb36e4588d9d23f,0,0.4279562788575383,0
ee604e52be2a15c28ff587fdeb51b68a,0,0.4279403374022636,0
a117d98c2195d806a0c35893d95fd66a,0,0.42790309399783993,0
b3ea92a10fc1b7012b9d0ddcbbda9ce8,0,0.4278950118462465,0
878f5506271924443c6b5d51625cb18b,0,0.42787791864450386,0
930adab3f84f2e6274636f6c93171d31,0,0.42786859060493776,0
bcca3f181d4ace92a9e44fc260bc2620,0,0.42784611532107,0
0a843a6dd55792323714128564c1541e,0,0.4278165123635787,0
1b77cc218567e59a749ce9a68f10a379,0,0.42779120589236824,0
d1056d68fb207f9fa55f74562df7a406,0,0.42776129154384307,0
ad91efb8f88ea7f1c79dd02fe04cd355,0,0.42774986479129107,0
123071b0b13ed0b2b5b356aef1e0af6b,0,0.42772155442194404,0
2e758775ee3076238416f0968c441225,0,0.42771523024177854,0
8745d1984c9d93c035dd5e7880ba82ef,0,0.4277026914663077,0
db8f20eb2d6a57e2e187142f6d400be1,0,0.4276917968479569,0
7120b888b5a1ceeb39948cac30c8b73e,0,0.4276857302325225,0
7a71ca03472864732dfcb00aa70b42f3,0,0.42766571523512514,0
13116fd740e81a84e0880e859e255aa7,0,0.42760490492377834,0
217754b74cc79168d8f2d5e20af057c5,0,0.4275911056099615,0
1afd7120075c414823b60625c776e6ea,0,0.42758594071832867,0
9abbbf5bd2177ee1ec09b36a2b62825d,0,0.4275854564204669,0
c30263e5b4e656e786db59ede50202d9,0,0.42757577000869423,0
3718a7c8a2de77a7913e0e52193ad6eb,0,0.42747579982771416,0
8e449cbf0eeeaa3c3316a8c6847b42a4,0,0.42746536821191955,0
e5faa97d70e3caa00f3e804c479e9b4d,0,0.427458818942145,0
dcc65a2a3f318a03979baaca28425590,0,0.4274168280142935,0
27aedec355013caf67bf8a6e30ee4043,0,0.42740914934425245,0
8cb9eb3a92e7bc1e9342a365a72a6fce,0,0.4274068902802923,0
dd246e640bf9e0d31ba62cf5cf2bd1bd,0,0.4273900172211799,0
3d97b4dff4109c1a1398e97b0f4e2248,0,0.4273814181790979,0
7ce58b1a94dc54dbb1e9744966158fd3,0,0.42737033616898706,0
fd36ac23e56e7a39e4ea618405fb99b3,0,0.4273479078428657,0
4a39707e1f62de189021f43a7bb520a0,0,0.4273387750664618,0
f6aed910a851be65fe4df98f91d57d7c,0,0.42733821983834475,0
0b634a0a63edf40fb50440d7093d8b5e,0,0.42733504958707724,0
652fd7c43db8901ee0e6186d5c794824,0,0.42732204622248704,0
909e3e8fddd658aee6cd045a9ed19cdf,0,0.4273195413853833,0
c186634ef96ae01ab3d00ff22ab96fb9,0,0.42731619170239027,0
0336355ea1caa4b3fc672b70fdf9ef3f,0,0.4273141008994378,0
a164f7d409a620e8c44001fae19c527e,0,0.4273043155881493,0
8a9e587e6ea266da537886552c815d9d,0,0.4272544935587377,0
fe3e52de024b82706717c38c8e183084,1,0.4272346176806202,0
4338059435dc4de9f8f3ab662f62ab01,0,0.42723010460022676,0
b5c758a46ae1c305aa9f913d3b895951,0,0.4272256243130237,0
a8fe0c0e9818794f48fb0379ee3ff206,0,0.42722136701939406,0
ed6a4793620d46099bce82f61611c6f9,0,0.4272066022572479,0
e683b2b068d7a63277bf964584899c3c,0,0.4272058977471247,0
62bee75275706a52175531d8c63fb93a,0,0.4271986629199814,0
4c13d21a85b703d3449e04b14a5e6313,0,0.42711464646959946,0
8d683e4913e8e224595a5c273dac554a,0,0.427107704466327,0
c901c1eb28541e5408bc209979abf4cf,0,0.42710576137008677,0
d5937b0094e1e48177ff9b8bee7777cc,0,0.4270975581163252,0
c13530d507fdf2fd5bf72d142d402cf7,0,0.4270454214703725,0
2a5ebb5187a7105b9513d513d6513f6d,0,0.42702967904447175,0
b1caed4a34bad18b88cdd65798312464,0,0.42701972482203937,0
e8601415b6a6268b60b06ed032d8f546,0,0.42699317744291804,0
51a030b5a150ea7b324b67773cbab8b8,0,0.4269693165257728,0
ba61d59a2145e65871af78a18fc9282a,0,0.4269585197154749,0
26c79a4a3291e9f6fc3624846af7b544,0,0.4269455761896431,0
1992146816d350e4fe382d9dc72932ab,0,0.4269291683538391,0
7f7ba50d65b4dbc59c4a63f4c757f305,0,0.426912362586779,0
29dd3982f14fb2e5f9fa61c5886448d8,0,0.42689867259161907,0
7e3f883d573c9e96503c9fc51a3ff25d,0,0.42680343850792624,0
48c239b2821e4f65ef32ff7ecd4ed37b,0,0.42680343850792624,0
49f99efa576f27e97a0a3cfc55aea590,0,0.4268013548062936,0
a4e9843d24d2eabef36b74d30cf462b1,0,0.4267829754099303,0
469950bc72f937ed66694bbbc264adb9,0,0.42677020394253334,0
9f6ae53157e537b0e34d5cf6ec4ea8c9,0,0.4266973268654403,0
87b75bb11dc6276af2eac839912e6e87,0,0.42669319418377566,0
9dadf198dd249e1f37323eab5c877c20,0,0.4265718616237316,0
6b09817c8e3a5ce3c973c57244d33a01,0,0.4265716735793231,0
294b8a4a0434e2071aec3ebdbaa0e080,0,0.42656294824709884,0
09b427cfb9e2dbb98384ec238e34f5d5,0,0.426538773249629,0
7daa5521f49c5a710da721d485f023d1,0,0.4265334459452479,0
e454e6570e065180849e6610042743dd,0,0.42651901667819764,0
544d68d25e9cbb63c5ee29345185fbd9,0,0.4264843145148245,0
031236e057e0c70d7af9c22d5bf4690c,0,0.4264648485673944,0
d44bc0ff3428bb4da5ae8eee44cbb72a,0,0.42644908819701843,0
74668e7fa84c15e1164a57cc0b7c4f30,0,0.42644031941513383,0
34ae26a1b26b3525b594a99d341472f6,0,0.42643083837456736,0
8f5784632f328f341d2cb58cb2c5f933,0,0.4263996686462437,0
f22558a5d21473973ec3b6ab6f050bd2,0,0.4263993910887081,0
07b28cf1d8515d08ccca505e273fffaf,0,0.4263914140622078,0
b1ceb9b322a6fbb2a74fbd1bc46c64c2,0,0.42636994043230503,0
4e645a53f570db099324b8427b360c60,0,0.42634827098072786,0
6cc75e31035a52366babb52c0f188cea,0,0.42625934084432815,0
986ba053b29971328549d2c9f20c43c2,0,0.426246517311873,0
6d1276c0d23d9629da12735cba4d7bea,0,0.4262163649833217,0
c9fff85f2617b8e1a78142aa11ee962f,0,0.4261819200815648,0
205f0db02ccc5afdf26d31c642709db8,0,0.42614218766719775,0
25d27a4142682b5d504dcc67caab8d6f,0,0.4260421927926012,0
faff4528095928ed7307472daf2417ca,0,0.426038278344839,0
66558281bfab454b13fe288d5dd79431,0,0.42601262635163406,0
cd9814508b4f2a50d5cfc6eb7a423418,0,0.4259985022134784,0
678a6aecc68f1791ae84a38bed98004e,0,0.42598412069321995,0
cf411f7e37ab60ce29df0a1ac2d5be3d,0,0.42597464989790546,0
9d6cb419413210952479e9283d9a86b2,0,0.4259566864730121,0
0dee900a30cc051f08b9220af99b5d2a,0,0.4259566864730121,0
cd9572a2e854df312b6ebcf7e4863352,0,0.42590927416550506,0
43a9d015dab2789e4697ec619d417ce6,0,0.4258403574366783,0
190f746aa9ef74783ede85ba37072321,0,0.4258368034826651,0
5367337cb6bc911b1c82aab5def50a83,0,0.4258301512375246,0
dcd3a96cc794d0d8918cdc6df4aba1a2,0,0.425786830193173,0
53d1e66c7e220018ea348c52d02bc5a6,0,0.4257854653672767,0
1d37df739a7cdbd28609dc2954cc2c75,0,0.42573026237283407,0
4919dda3f4b213104acc3d25b84c44ed,0,0.4257007999935494,0
f5b73a2dfb6011b07b2f4aad915ce171,0,0.4257007999935494,0
a652650842029ba5fe41ba9979c47df5,0,0.4256967128494653,0
146265db442ac781517deaa33d1be2d0,0,0.42564858830293767,0
0c21e1a3d81972abcbda2c745560421e,0,0.42564302215865885,0
e91e347da2b620441a6ab0dcce6ab4c2,0,0.42563377394093865,0
30e464e301f31d494539d4918b8ce362,0,0.42561994582629675,0
50c6a0339f3b3ec022e753b7a67fc418,0,0.42559265824855763,0
7c044f2c874b8e3bed0c97e024d3774f,0,0.42558410745081704,0
9d0f27ebe07860991987111d254339da,0,0.4255684961386585,0
624ddea0a7efc078dcb7d99117f55769,0,0.42555785532823037,0
9e6890852705a77f9e1ad72395131f27,0,0.42555062183755893,0
e75909e6a7b6c6e811d50257a0ad64d7,0,0.42554205220918007,0
16c0e48db67dc6a35c8547d6ffd227c5,0,0.4255244044477619,0
c962775fb252a325ae5206df9e9db84d,0,0.42549257368476073,0
8c1dd7d0f4e02bc50d6c8d6b4cf79935,0,0.4254593495859475,0
1398a082cf4e21d24d1aa263aef4de09,0,0.4254492726981877,0
1a3be6bbba56b8b3164059dd43efd7bf,0,0.42544900709393185,0
b61ca21a9f10b3373c257ff5a1a1ef65,0,0.42544735529062666,0
2fa9fce920457d5c6f6717481e622c9d,0,0.42541622619131136,0
ae02069049e6831b188b9b55a0e93987,0,0.42535664171193255,0
fa1173f1413e96c58820e0d32e65599a,0,0.4253443555021546,0
bfab0ca919240683c49cbcd38a09d7d7,0,0.425315072213741,0
f840df9be8708bf727280e92a239c7d4,0,0.4252813095747194,0
db85a8c19ec3c0e7a80edacbf7e6e43c,0,0.42527992788137303,0
cc15a21bf6b08690ccc5d48e9b2568cf,0,0.42526388725055586,0
fd6eb716d0311b7a80e1256a0cf1804d,0,0.4252438406391412,0
5ffbdeaf6e351755f4816fc2068bb161,0,0.42523331938408737,0
7852e5c820eb70532882e6975a66f94d,0,0.42521241578537766,0
72c66dcf2bfa52a8f25c9df3085f1195,0,0.4251862210191421,0
be76b702c8a7f76b6d8984f7fb83d7ce,0,0.4251807036864075,0
61187e65b3917713604f3debd31fc0fb,0,0.42517470179752903,0
d81e95c47defd78bd56894ce015396c2,0,0.42517321639789224,0
b868689dabda36770f6ef2b8c39bf8a6,0,0.42516425347220793,0
7756cb6ccd8ec23eaaf953f9bd9bc958,0,0.42514572508318327,0
c064f509284c8f9b49ef4410509de8b1,0,0.4251393149062535,0
0ebc40ce04a3c6446e64a6e7cb2835cd,0,0.42513130125085336,0
c2754f1c158e2308eb9c3aa6b3479a44,0,0.42512283835538883,0
1872d5abb08140a81a030bf5acaea2a0,0,0.4251199796191278,0
e19661e46d82d321c7635868589770f2,0,0.4251191556484069,0
86c7f24cd4a516836d36d9cd6eb43aac,0,0.42509400148581167,0
7f190842e941467d1007a45f6a92fba8,0,0.4250868960354883,0
4eccf9fc9f3e6273ea1cb78449d7d75c,0,0.425085314042601,0
1b299396788f3826a1428992dd5ea3fb,0,0.42506728609133004,0
857193b821877db544c049d2f1b6977e,0,0.42506294560586577,0
0ec7b76cae390a31a86ce54413f284db,0,0.4250626418367175,0
f35271305526691e8269aa4a915e56a2,0,0.4250358045655074,0
9299ed5c5670091d97ff6c331641a877,0,0.4250207481889076,0
7454c9ac3e2c66e2c624f4d25e10c8d1,0,0.4250114426256102,0
3e2f408db5685c0b1fd084169248026d,0,0.42499691918066645,0
62037ba2a9202de60df343187da90a76,0,0.42499221908913387,0
a67f3717d9cf8c9ba990475087e86a5b,0,0.42498939145748,0
56d8f3a4f1fdfb8f31e16699e0e2ae83,0,0.42493357216211225,0
dd9d55e4b22e4677620a448025caade1,0,0.4249133944634007,0
bd046849ab847b5fc7961f8f4ba968bc,0,0.4249133944634007,0
dae89ff4574b8811d0698010c326665a,0,0.4249019335172439,0
e58f0403dc02936d911f974a17c5610a,0,0.4248795425596767,0
176aa9e3397ca9f9c2f8415db97d3caf,0,0.424863227482269,0
5d630473a31031e2a445574616171841,0,0.42485745455238305,0
6144b9dbdc89758b47e87e2e73f4db09,0,0.42482061253289954,0
e3c98dd47fb70fc2a9964a4851385d99,0,0.4248105968405583,0
3f31485edb88c756d5163cdcea80d7ed,0,0.42475131912710445,0
f55facac8c40907f178c8cbb6e6aa845,0,0.4247408537551946,0
bc624479a8f8e44679d596fb37084fff,0,0.4247400226925608,0
25d53d0eacac88bf665f9fcf745c5061,0,0.42473287473382826,0
c151cf4887475b0a78ab029c65c924b0,0,0.4246949763734304,0
8f0872426c36d735be24b4857969aca4,0,0.424678069989993,0
f087d32d4dc73deed9eab506a49c0a5a,0,0.4246675583354616,0
a7fa22a1df9badb00d78e98e62df5de4,0,0.4246465138335966,0
50bea7168a8493efd89819c4847799d0,0,0.42459475886795367,0
c51b7c7e4d47f0c75c531ae14be3f7d6,0,0.4245915321271855,0
3606d57a8b9c10a01794e36f4b824f89,0,0.4245623894337515,0
9dfafc5d068fcc52a9ea9f28a88bc4fc,0,0.4245588200136031,0
fad19f81405f74af0ff1d67cadd0cf38,0,0.4245421077967948,0
98e4ff4e94e52f50149642269b59caa9,0,0.4245312128116208,0
a88316db56228d4cec6935b97df4e487,0,0.42451941627488293,0
63ab8b15c892ae26b220368dd9a1ed89,0,0.4244507830984696,0
d8d71cb1bbd6227d49f2f7a5886937fd,0,0.42444877211543547,0
e68b228a167dd53ae8935c8516089068,0,0.424391802481417,0
d05658f0f527a8dfcaaa935a160a5094,0,0.42438201209141735,0
c0ba4d398c1d01060e39dddd27c92388,0,0.4243283083316352,0
c2000c6cfbe7491860ebda77f950e934,0,0.4243244511291698,0
eba1f8e3c369e4f7cabada086415cc0e,0,0.4243100577557177,0
786ed6a6d920a0145c8411715ddbfd1e,0,0.4243073695964612,0
cf82c9581d66ad1de6b0fe919188bdd6,0,0.42428206918873124,0
734f8b4d6e595fffb4643626ae2b1007,0,0.4242534163360633,0
56c6c0d4f530ead7bf112a82eb588b62,0,0.4242502766929314,0
8c9f376c4c714c1afd0255c7cd38b492,0,0.42421033272214853,0
5d9eb38a0bdfca3f6bb94b84f508a255,0,0.42419122771769063,0
4d0972c1b62fd1ed1e62fef8c49cb678,0,0.42419081078264537,0
155d54f388f9f650614076fa7047e95c,0,0.424137686295967,0
8aeb59096fcdbe18111c2a78f3ebf18f,0,0.42412999255828243,0
6086506fb5d3500bc60943dafad7d666,0,0.42412797787622597,0
7e346fe1fbb33fd82712c846d2313d16,0,0.4240987258797758,0
8a63b14dd054c5734db94a27e25fe562,0,0.42408059418438304,0
35d136d4abc8282e403dfe594e3634ea,0,0.42405064616860494,0
d9752ac494a2b97507fd2faa478cabd9,0,0.42399247406903917,0
2f1480e25f6f882940a9458f884e9bf7,0,0.4239891430292732,0
40cf64a98f1d821ba358d389ca67da4a,0,0.42398312487573087,0
85ae65a77d7d2d4043b907366a00e5ed,0,0.42398205141119993,0
131fccdb803e8d111fd74621f3c0d491,0,0.42395587205182617,0
09ce636381b66340d1ff57c1d88b62d9,0,0.4239352297195983,0
44c6fd175e072b9e77d386e4478ed202,0,0.42392310539870404,0
d6005a77ac698f04d2db0b3cd24a37e3,0,0.4239148952850084,0
4c4019424201b623e1aa1a7fa822d326,0,0.42390675283416773,0
8e7c6f47bfa68b6497e9d19b0b62a3ab,0,0.423879224647,0
6d2a68be9a3ca6d637faf9160b1423b6,0,0.42387449760605134,0
2a6882983daf46321db71a7b1cb14bfd,0,0.4238638662232677,0
e92cf8004da0ba60863ad7d5bd816f5c,0,0.42386245663277267,0
cc230a0a352f35b5932eb38eac0bc3c3,0,0.42375102711444296,0
096f4fc414480cfa00436b3bcccf5bc1,0,0.42372367049000975,0
6ac9579bd162e2125a125626ad89c54a,0,0.42371820932918136,0
0b00fc09617a4d8a384c4a2a3a0cda10,0,0.42365557633788614,0
936f9d5a260f1f2fad57a0998efa6bf7,0,0.42362623548600264,0
0b237d96398b7f6d5be353833a955bff,0,0.4236241937418569,0
df2ef00cc9d5b4aff2a4160e293e8525,0,0.4236087862349763,0
7bed3ef7d7fe924202459a0553307626,0,0.4235952229733597,0
c2496101b8a1f3fc755babe2fd3a414b,0,0.42359361797487366,0
bbb91c432a5f4a163b777368d402a45a,0,0.42359089131676303,0
ad54352c830408e693999986262550ef,0,0.42357210845370885,0
5e444b5a0edba18aae0518c0745edb01,0,0.42355392654766494,0
65acc8a15459519fe9efb12b5e74bf80,0,0.42354359957610593,0
2218f89eac9d38f4aa3f7383eda52a9b,0,0.42352491044026247,0
56bfa50efb5aaa6e0d0143f55e1997a4,0,0.4235043000993536,0
16d3bbc6c5f8fcfe1547160c74f215e8,0,0.4234354248499668,0
bcaedda052fc72c42f55dd7c28b4b38e,0,0.4234252643577888,0
1820476fff8ba8ba159411cf19839394,0,0.42337815946024343,0
d1c8715bae84b5dce39cbb6aa1945d8c,0,0.42336586497970186,0
222351cc5b5ea6fcb83e6e21fce1ef6b,0,0.42334851437747195,0
a1a9db773e254d757a04ccc221ad91f0,0,0.42333725106668324,0
9da2133beff1d92067f766a45eb64207,0,0.42333320679325565,0
e0c771120076aeef2cc5f6ad7e19477c,0,0.4233188580043848,0
708dc8654f9d1d415d0ea6fffb898f2e,0,0.42330619933904856,0
a3dd09511fd6587452c2685627862345,0,0.42330357696684456,0
f61b71d927d04bf83d82f8bd16aea0e3,0,0.4232831951978665,0
2b9eea18620bf32a0810898c180f9ddd,0,0.42323501573119143,0
37e3b2eb704fe29aa27971ed1a123029,0,0.42318826028308737,0
91b86366ed203a41fe684e7d245cda10,0,0.4231879415117438,0
917973917330d733f54ebca92bb47001,0,0.4231873108235974,0
07f73198f5bbc83c1ad9806a7ca28144,0,0.4231853140742902,0
5f506529aa7a96a70d1ae4514757490e,0,0.4231225853987831,0
25121dfab30a4119bb5ba37fc7d7a261,0,0.423120954024996,0
a4e3479d9ab687f7d65404a6926c9dd4,0,0.42306767817443247,0
80751f3256e9ecc03c4556904f6d72c8,0,0.42306087098221146,0
75e641a928aa08df03fe3a496b7a7d86,0,0.42304770414485937,0
ca0df7f35d19dfb909ba09b176ee5a25,0,0.4230411926420803,0
bf0303939d54b8df5da4762bbaab1955,0,0.4230277376814573,0
be57b0d88814519da46ab91640211007,0,0.42302501114863605,0
e74f0beabd33b4d1e84e1449acd113f4,0,0.4230132818147939,0
819ab4a3def491b5cbad94c02a997c7a,0,0.4229681352417296,0
fa534f2c4cc4a0dfd70cd8fee8deeeb9,0,0.4229577194976999,0
6d5b1ab84d1fd5a56d55f0b3f259ae14,0,0.4229346844928343,0
0cb8192b2182491f4658ebf98df402ff,0,0.42281630835642003,0
b76f989f526322dde5be714142af1844,0,0.42278930178136165,0
89995a85ec4c21db428413aed387c451,0,0.42275664631151266,0
97fc7e1b732b838ad882d4e2812028c5,0,0.42274754881161486,0
a80bfbd1e59358c3afb4b2980455f171,1,0.4227289172353626,0
76098987a2655501b24ad53760265125,0,0.42272538851170954,0
c822278f481496d96d7e830d49d64b65,0,0.42271643815993526,0
bd41f257dca6559e9c40e9eda9b19308,0,0.4226587260540984,0
5b855416b6a0343aeb247df1750ea77d,0,0.42264987322497205,0
cda8f76e8a2f92d42e625b791fde6c83,0,0.42264813617883024,0
e6870dbb2ee0d2e688259549533bd1aa,0,0.4226384718715237,0
a5ef8e6ba939abfac503451bf8a0759c,0,0.4226346443972269,0
1d15f7e108877a5588200e84345a9a68,0,0.42261120483016446,0
c2fc2affc9989aad99aed1e97e6f3b93,0,0.42259747399987785,0
e797964f8f960736f0bbca1c5f891a62,0,0.42259700062945194,0
1c62f51cd14f547e77a584c89f3bf01f,0,0.42254745230374957,0
f4a3e4576145cd70ec4174478b00913a,0,0.4225390154536489,0
db8042d926c1738f9de893fb990de370,0,0.4225287767910976,0
dbd74164682e2397d489169439362184,0,0.42252133734164327,0
0f6b5c99a18002587ce3016b74990606,0,0.42248689998247685,0
5ef08d4b847e88520aafd4856c5068b1,0,0.42243226764269554,0
cdc63dd4d6531beb205c02d0b525225e,0,0.4224219273349617,0
259789fc56fae3bb877bfed7dd368d76,0,0.4224038502298101,0
d9e346c9457c32db8cbaab245459d799,0,0.42239696853011277,0
e14979e3490e6277c2278eef6e4ea85d,0,0.4223785472436922,0
c28b695680373781f8ff086844f72ef2,0,0.4223641364191059,0
c8527d7891e1b7544ee5af8f3cfbbacf,0,0.42236260360095773,0
b9badb100ff8ecc16a403111209e3a06,1,0.4223184811665027,0
090e97078ee58f11563152e1d5563bbf,0,0.42228774887654175,0
c8876e76a6699cc5b0fdc20df213283e,0,0.4222688490263738,0
8f1ea649db3ab9cad5c2e693070282ec,0,0.422254676136056,0
a5dc5dcb9c9c2a5e615d296ef33aacb7,0,0.4222395888077048,0
1b51e96350d407160fd2d2449c59ecf8,0,0.4222026774984382,0
945ed8a625d351267099b17f21a83aea,0,0.4221743296813614,0
190291429a0d2886dfd20d2372779d72,0,0.42213250872281605,0
f33a7824bb42c51d5f31592cc0225afe,0,0.4221251454747837,0
b87b0071e55738a3e261aae59cf211be,0,0.422116383037558,0
2d60b42c7156339c9c13adf38fde9e2e,0,0.42210118546671316,0
2b2dc4248c225ca73416881c0d817a54,0,0.42208831075784964,0
891fda05c6f2315887eb933b15c4cde2,0,0.42208645325830935,0
4b0969f187d21ab38c38e52e6f4cdff1,0,0.422081834092803,0
a9aaadd25b8c9effb6bf0bac1c1d157b,0,0.4220547375678936,0
74e776b43740a826ddbfb8677c4d6f4e,0,0.4220005160263338,0
cfe71a9cd2110dbf9f293aee50deab84,0,0.4219885691271816,0
fad4aff30051ab61b252891f5bdf8056,0,0.4219839804181359,0
06d610825adb0c6137385eb866026d46,0,0.4219289791695128,0
2486f0594797f4e9edc77f1867f25872,0,0.42189097157126093,0
4738cadda5b3d09fdbfc89adde1094da,0,0.4218620421207334,0
b68cd14e4e397256a8f2b217525aafc5,0,0.4218600487081453,0
e9e397b0ddb9ad8cea2b09ee3b4ec539,0,0.4218251150026183,0
51888dc2073cdc153ece50f699ab8ec7,0,0.421813475898469,0
bc73ec741e60dfecfc072938cbcf50d0,0,0.421796913125916,0
009000746b4fc73fe77ecc396fdb78d2,0,0.42179193553451044,0
43a23c7ddd875d2afb55150f5af2b2fb,0,0.4217676503626137,0
361134347c115cfce204ede4b8648e00,0,0.421755522332543,0
515e76331fae8d3ab3d873bbbc890cc2,0,0.42174273877611024,0
ec7d6c44127c866f0b055e37f41801b5,0,0.42169938670043333,0
1426eacd8e2aabaee85824c844891bcb,0,0.42169142928222336,0
73621cf8bb2f92f40419b7cf89a5eb2b,0,0.42168884708998783,0
3ed1a356fc39d55702a0637ee0f16cb2,0,0.42166558351076167,0
9a9d661c6b4eea1e912d7c5062b81b59,0,0.4216604057087839,0
dc7993c491aef54414c4ff0a5be472ab,0,0.4216597623317247,0
0dff94c7f623176469d79cc4b5ea8519,0,0.4216399528715548,0
1bf88b5610fdc3111101a70fcef1333c,0,0.42163275327055943,0
017bddd3844cbc8c9259179f66786333,0,0.42158607666481446,0
1ea35c53f405ef3bd83e82557bff55c8,0,0.421570517807274,0
9b52f9a04732f8ed8786607f0b88b910,0,0.4215047437066628,0
7f503cdc59bbd60d0112c66fb7ff91db,0,0.4214850834233884,0
54df929c8defcf5055528c4fc49cba1c,0,0.42145559064140947,0
bfbc8b47cd99dbacfbb838b5c9253049,0,0.4213455992208764,0
bec3bacb4bdbe7752c6b7d36bd76ab3e,0,0.4213174257898921,0
a26e07ee73082b847d16239481de39be,0,0.42131237912051356,0
defe4411ce1c0039696a89f179d3fbfa,0,0.4212556297671046,0
c63c94b72b61e89c7aa5721bce71fd95,0,0.42124416676235404,0
0c85013ac2f907200089cd3461382a06,0,0.4212026351993964,0
fc816e4ab40ab193e1bdb0d79968b024,0,0.42119417756380617,0
f33b0a87c25c58d1b8ad7f30eb0645ae,0,0.421191789623545,0
1709e682a9897910bf18bcc35579328d,0,0.4211785868885098,0
888d95b37f9ec32e320b11512fde509a,0,0.4211660302888372,0
7f1f619e844c6d2a4c0ac8fb0eaf9c10,0,0.42115574018901114,0
662f9f1869735a2c0ac0f2627d533fc0,0,0.42102944378678714,0
0c4cd30defdfe37fc9d50089c553f2e5,0,0.4210116762096889,0
734e026c2b1741b9374969bce7b541f9,0,0.42095444727164893,0
aa5645f6c982db724fb7581d89f0ed5a,0,0.4209001185705163,0
3640646bd04f1db76c878abf31b03038,0,0.42089474319028874,0
42408dbe3f711feeb7c2a6d69222a3c1,0,0.42084332868794777,0
cc01683ca3f5fadd819ec762f7f1252c,0,0.42082513593330123,0
e09f5bd98a7d6737d601d90c6642e16a,0,0.42080570149987695,0
df580092def28a46b8d75258dc54e0bf,0,0.4207991687963669,0
e2f9bb04db8e8b7e08374e8e5d48f242,0,0.4207990191577349,0
e03b239e4335d431c5638456efaae133,0,0.42076355696490914,0
d4dd6a5b333c266f122262dd564076d1,0,0.4207567162917158,0
e0fc0a290b1d791ac8e3c87a44cd95ae,0,0.42074683259341134,0
0fcc0f852fbe55be97c7b8f8fa5978a3,0,0.4207041126948732,0
af20ffafdf4bafa0360312fc2220ba6e,0,0.4206804210836735,0
1503709cd2fc94a7a459301c071c8331,0,0.4205376504048636,0
b9c6f1253196f3ad5ae317792179d4b4,0,0.4205159607226891,0
ac0240b9d7ab779d2fb3e0d72214e7c2,0,0.4205024981564048,0
911f6c3b8b102ce320075dc43a8ada48,0,0.42048572525923006,0
10d23a44c8eb20d89a2672331327f324,0,0.4204622272410398,0
bfa70190a10a0baff089b42e9bf19917,0,0.42045958521231075,0
3d6ed7232dcb0837e78ad6ff6123332f,0,0.4204254295532462,0
3f5f5871042b5e66d59350e144140ba4,0,0.42039957062847616,0
ab3b960f9a1992fa9f5bc053331502f4,0,0.42039248330691975,0
89d40b7d698af69add2d8f7248936740,0,0.4203779756417824,0
98983959ed830b0b2dc570e402278bf3,0,0.4203446166453309,0
2b1e142254bf97fa721409a6831c3179,0,0.4203383951733644,0
0775913e3d506bf4fc1d1c92e7a56266,0,0.4203073303222239,0
cc43afb2cacf53ca901e965da60a42f8,0,0.4203057699070686,0
77e7ed9f9f4def7f01e4213f9b1787b5,0,0.42029508595174114,0
5d0a025a2f2bd75a48de87b18228e67a,0,0.4202849689815579,0
e973edd68791bae7747c986eb898cd00,0,0.42023402332236265,0
9fb0610d1653672a993efe94f2eeb896,0,0.4201959627277926,0
c79a6413e32d29120073042b22581078,0,0.4201917390168166,0
7f8cf52e29c6f2751400e4835c09d204,0,0.42015985672526607,0
7477e92f762539b331ff9eb3e77c6bcb,0,0.42015730152714753,0
46e5acb6c2cdfc0f4860de6df22769e5,0,0.42010694567919415,0
def4d4fd32998652ae25219276c81dfd,0,0.4200882723181536,0
0a9d365af1a48bc62a840243cdfcb4e6,0,0.4200743045702549,0
2f6eabdd9cca65c0be3bda6a537ce2c3,0,0.4200573033709033,0
d7ddbf12e59b4e997e6d86ee6ffc15ed,0,0.4200539363741509,0
2433dc8be3fac1e8a903e77b2bbc4ba4,0,0.4200539363741509,0
07006fddae756b05cc065ab4ba505dbb,0,0.4200497578799035,0
353e6391a4bc29cb187094eb2b7cd301,0,0.4200467889297663,0
7a197f277ebc82f12c9ff331f1862d1a,0,0.42003308721930815,0
ccacb2d2c7e00b77c81f59ab13b8415c,0,0.42001938676519995,0
056fc7649dca9b36f1b2171d6176a2da,0,0.4199894126043184,0
84032c13e75382a35c99ae73156b30b9,0,0.4199551914242476,0
329932a796b9bc326d71e3b932182cdf,0,0.41990784896836,0
e9f5dd4be49421d8bee2a0f8dd7e439f,0,0.41988288914598465,0
62e049c57f1b37b4fe0e102f9da9fe13,0,0.41987493068763054,0
a7e209496245738381849003d3958ba4,0,0.4198374713684012,0
b4b1a11b3ee17f1c046b64e52a5a8515,0,0.41975774716531433,0
726808815a7330ce414e86f5473a7736,0,0.41966394622321346,0
9ef4b2bec4e41d24e782098ab5489194,0,0.41965980648455214,0
a28722eef958f9b0f015483e01b412ba,0,0.41962730196990367,0
1b048b6e1520d7e70e6b2bd29efdec30,0,0.4196142751088698,0
f7e9a60142120f7de936352a185d7104,0,0.4196116122168447,0
58d3afee516ee4d370f7839aa96692ac,0,0.4195965712342511,0
72802a20641f4dd46e6d3ce18af50cf8,0,0.4195868663252239,0
82cc038f19c1db3817885aac7fff71e2,0,0.4195700658431491,0
bbe72ba495dfc7e7f163b310d1e733e1,0,0.41954915515369484,0
33ddcd40663a64855859856928c38415,0,0.4195406187324019,0
63ced7cbf403a37d040f2e5c050e555e,0,0.4195288351113763,0
451bce403bedcf2f83f030eb391a2c44,0,0.4195167341176046,0
6c1dd46ea7d3dd06eccc8adc584795ec,0,0.41949138930268165,0
965f06741901098ff2f2b542a257f308,0,0.41948796700194085,0
2902aa119b0d5e66be473e52db5d52d6,0,0.41947001625358066,0
4f42c1f9500147ce3ec31983e207f52f,0,0.4194519358252216,0
aae737a810a43b4b67afa921b2355784,0,0.41944624700333843,0
73630b166ec1457c896290ec9ffaee6a,0,0.41939779973457114,0
128a90cf48fe0a34afa7b0296bae977a,0,0.4193769787815597,0
df007ad04aeddf83412205ee12f4eb6b,0,0.4193243724093438,0
12d8a9a629f690057612d933db48b895,0,0.41929930426198847,0
483b8f91edd97203560ab1e7da045071,0,0.4192793756402365,0
6646586ec3426ad13ed0755beff34ff3,0,0.41926673913932205,0
4194084ae930646b78b12e7c995393cf,0,0.4191991444222892,0
91d0504cf52d3f76b154c42d78979f39,1,0.41919749332798195,0
dd75c5fdf04d764d9a3ae10f029c5091,0,0.41919300419958083,0
44b7ea20563d9a4a405e88733dad0477,0,0.41915339022855463,0
b6ebed144895adea96b6193124ea3db4,0,0.41913846780782277,0
2c137b2f03299b962587ea9bd06a6fef,0,0.419106996105935,0
4c45dc3aca9b7bf66d69eaa560bbcc52,0,0.41905243005936,0
77f60834473e9b8dd0c7dd6c9e0f30e5,0,0.41904608792323317,0
702843d007357400ece1b13cc1126fd8,0,0.4190393175507186,0
68cf21f6668d9e6d29d22e6e61ddb349,0,0.41903639837908185,0
31db02528216401f292fff0d18b8d71e,0,0.41903541568146324,0
cf1696c20bfd1585c11813fd24e34b80,0,0.41901701487160814,0
4d2d3973dce07b7a6dc7cea179e8769e,0,0.41901272037891785,0
b5d7ca7682fea3d714991982983f5035,0,0.4190064281157868,0
7d066555f96496d5d1a23841ffeeb544,0,0.41897498286042245,0
da5b37d060b609736157deff1c1313e5,0,0.4189700300313705,0
16df396804bc71ff9a59764e3c0f490c,0,0.418968673474981,0
4f26b12d535556bbf0f6b04e2216c35c,0,0.41895527855870474,0
388cb818a56011ff813e5649501fee58,0,0.41892962924715765,0
728a6d33a49056c796fc4fc0481bf871,0,0.41892253282213066,0
f0d44f58d4630bde4ab50f35cc9ae5fa,0,0.41891251399692425,0
ed469825455b360a729cd1147dd2a4e5,0,0.4188641852190865,0
004ed862ea4e55f18868d3d782d10879,0,0.41884948836328467,0
35f7b95e1762eb4cb4cd0258e078729c,0,0.41881305897422005,0
2b8e0c4dba500a8e998f5dbcb8dc6210,0,0.4187371450322139,0
34dd888b565982c76c7a9ee9dc41db4e,0,0.4187008005807314,0
b4cfda9f06bbc32d7bef85da0e3bdfd1,0,0.41869556368057514,0
d6a99105f5450823125a2ad741a581b4,0,0.418693104896284,0
1d4dfa3845bc3a1b8cac6a19f5f6b7ac,0,0.41868886218031615,0
9f9f671b24783ac2dae58b77523fec95,0,0.41867466795649466,0
12bae734f87ec38f6ed67fd151a52b0a,0,0.4186570144403742,0
dc05a2e9bff5838597c6caf8611e5f40,0,0.41865406624485946,0
cdafe6347e24e22b011b587126de0ef7,0,0.4186165314572713,0
566425abe7c05c2c0c1126852687f098,0,0.4186080933621939,0
11f0bc85ae382fbd868f943ff5f6d927,0,0.4185759162036807,0
4656190b9bceacd90dcb3b30bf0ebaa0,0,0.41856925719204635,0
5523da98302d120b592f376ef5b3766f,0,0.41855566524362237,0
bc867ebfaaeb874d54cbf1da33fd4a1b,0,0.41854569629930877,0
f96fba562401ffaedb60f667b56c60d2,0,0.4185431016048205,0
299703acff86a2f4d54a2d11b1e1ec64,0,0.41853827194130183,0
25aa83940eb1e732623f8f398c08a3ac,0,0.41844785030466,0
3c6cdb158daff25d19a9a4e1419c46ba,0,0.41841952263068377,0
60d90deb3eaf48b53c2609fd8f3ef0b1,0,0.4184073903204426,0
8fd4d2ad2c76d13346ad43b3222fcea0,0,0.4184031678317169,0
1d4670772c2fdc44c7ae027cc5b63fcd,0,0.41830365626547117,0
29a81bb949f3b3e256d561132d4a21ba,0,0.418295859134928,0
2f11a122830f78679a6a71fb6e56dd09,0,0.4182873993594901,0
a919e8959e6f20eb7dd8a9cfa6c2f6de,0,0.4182480119017815,0
345d82427f12013241a1b2ef4062c28b,0,0.4182472028639658,0
5e3aea1c1b3c34b004da8756755c5bc0,0,0.4182266566789523,0
b418bca74ac4b0ef6e0c100edf861938,0,0.41819056957981254,0
7d753af204463644240b3e3d59f77f58,0,0.4181903267558586,0
65fb677b2468e81b4620a5d17957db08,0,0.41818248943935005,0
f73eb4f6a7ed19f78c917f86221a796b,0,0.41814492609559434,0
f5b8b538be876b72eed481df8b75ec42,0,0.41805458692966985,0
9688aabd7b8d283bc2d134ef7c968a4c,0,0.418051441257897,0
d503466cd48374ecba920e404cfc26f9,0,0.4180468342353994,0
d785ff41dc10ee852af81c180765473f,0,0.4180223077642725,0
fbb6fa8c3e376f1c0dd9b072fc70f57c,0,0.4180162866048967,0
0a0a0dfb438e7ba3e91ec9579d9792b0,0,0.4179991661511326,0
e9218e7be76786258357163872951906,0,0.41798563189756865,0
8a7432d16aec9c2e4e40cdcbca613710,0,0.4179688535861321,0
1ab6f51cbc59e795693aec988cc2906d,0,0.41795327242775865,0
0bbb42a9ca8179ccfce14a11d2afe6de,0,0.41793522220078827,0
52520bd0e61f8dd00a8e3ebc59fd5b0d,0,0.41792737322383405,0
8247cb60ef6a1d0c8a844cd5832108fb,0,0.41792472620426513,0
c00d04864517b63263e44af5fad6eb43,0,0.41790624659574094,0
d55defb1484d66b32a6d64a3de9ff708,0,0.4178506039605769,0
0bd9702b6faa88ff1d9eb5e763cb84d5,0,0.41783822373932017,0
9892e06a367c1e960cc410e6a43fcd88,0,0.4178111730515306,0
c3e2a2dc43446940b84168b34ad60f47,0,0.4177850753769035,0
008d17333e414049279c7822dfd5f019,0,0.4177815358026447,0
2ae9c276a5197266a4ed4987688c0360,0,0.4177754006019768,0
3c78a1442e8669720e17af63a6a760a2,0,0.4177696220139903,0
adcf8fd9566b3660ea51a1b9dd2f2791,0,0.4177130368904162,0
40f95016f84354af23676f25f70ab6ce,0,0.41769147386312266,0
a9eea7a5378c9e9470bd18ce79750228,0,0.41768301315582634,0
cc15a5b410ac9500584843500fcb827f,0,0.41767294990631193,0
7eb7b405964ccb3e792ab1583883975d,0,0.41763758703472387,0
3a56452dccc454b0a79012761fc871d3,0,0.4175931547521129,0
cc283b33c654aebd5cc5ca0cb64c8ac7,0,0.41754859232969593,0
4453091656327a85ad7e782679a0135c,0,0.41752694271478336,0
bfc1df2bcc9d8c1457bf962d8c9ab204,0,0.41752356572793203,0
9498c849dc489de3c96fcc3ab9933ecd,0,0.4175058605461464,0
fbd58f38cbd2989e434b148f479534c8,0,0.417488464989963,0
e5f02d7d17c6b96e78f078a555516a23,0,0.41748818691429457,0
7a632cfbf9b2dadf717a58247dfbff22,0,0.41746320729157216,0
c89c7a08ac824694af0071fb70f4658d,0,0.4174623871350378,0
e75759502bead797744232e0ced3c0d4,0,0.4173917827642698,0
59f88b3d7efa3d6c729d73592ff6958b,0,0.41738896246967017,0
8c52e09a9c5ad6b6f88f0d4f3aae367f,0,0.4173569883605265,0
9c2495bd9eafad8365c8a65b8e993e3f,0,0.41735612327222565,0
01e019838e4e21dd66bb6f69352334f8,0,0.4173508546387517,0
1181c989033c11ee0fad0a6c817d4520,0,0.4173503675181244,0
3fde62a45bdc97d762c7be33f7c4f62c,0,0.41734911022209953,0
d7f68acb88fe17e73acdd4ae3f184c08,0,0.41731532993390025,0
0773c75b1e8a2d0338672615e3283064,0,0.41730038815470477,0
115fa5348efcfb9e8640bcac0bc2c13e,0,0.41729421265343436,0
8c9878027fc2b1d4ab0d641b76ca7010,0,0.41729085976963415,0
3387a508530615c881c320ba783cd80b,0,0.4172793183183865,0
c404934f694b3a1c51f107a14fb0cfc6,0,0.41726915904301604,0
cc54e222e60205230380bf94aa4d2005,0,0.41724178829636405,0
1d8f1ca82cf6c04de2391eb61b9ae364,0,0.41717881601747137,0
307822a88639f2e78929df9a683186cc,0,0.41717031952744155,0
413953669babc67fd371bb95cb892bbc,0,0.41716826724831313,0
587ddeb2fbb61cb3659ae90a54003cd9,0,0.4171602421641728,0
018875156db79cf3fb697342f256c329,0,0.41715326662224217,0
cb19b98e488b470bdced6f88a32033cd,0,0.4171481123614806,0
97eb0c8a6b634d0b5d448726f2664d0d,0,0.4171176381704021,0
b2969ac5e060eb250c959025a2446617,0,0.41711370697721056,0
a77e0d4809656f1749355c311d3f0027,0,0.4170624121511078,0
e6c4ff8a40f09e03dc463d697066056a,0,0.41701629693295944,0
5df5e99502ad44a300adc051ec421626,0,0.41701573859557395,0
039ddbe14ea350d861b9422a9ca43b0b,0,0.41700977703405406,0
fdb684aa2cf3f2290fab845ebc0f6cb6,0,0.41695272538029193,0
3f0c4ab1e2c722ecff46dd8a91099944,0,0.41692047430953705,0
f096cd3ea6bddba2fb1ea07373530e36,0,0.4169005962702726,0
9ea22c61ccef5b8ca472a1645b920b1c,0,0.41689025335125374,0
5d1822ac99dc366132875ca731223926,0,0.41682499309132626,0
7a639d9ba2004a29d84867881c7f7d1c,0,0.4167775045927477,0
514532afd23e464dfbb1226a8bfedcf3,0,0.4167407555701865,0
80f8e112681378c930acf9fe4a074cd9,0,0.4167392309658045,0
22f31f20c4b5140c2a77e9ee93dc626d,0,0.4167060382799108,0
436637504126de852a1e2aac9c60c9ca,0,0.4166880290639894,0
87f30135669e9d77d4307a5487247df3,0,0.4166871931040501,0
ea20132cbb6fcd3e89d614ca6abfa4e5,0,0.41667863805297317,0
95de6cd75d82c25e5463531f370aa2a2,0,0.416645776919239,0
51180e62ded56ca8c72aee493a902ff3,0,0.41664382167260644,0
bf4e624675bb3805677a3865d9603892,0,0.41662098245086576,0
474ef1978c42917f93bd84783862bdf0,0,0.41661339968127986,0
3ce1c87f5a41df6487cde6bb63eda741,0,0.4166062046160541,0
485a70868deec085aeda32283bbbd82e,0,0.41659370350381936,0
1837c1fae016f1f0aedaae13fe6c24e5,0,0.41657480433460664,0
4b06970bf3132cb4456b75269c592e1a,0,0.4165737015365448,0
21182fd45e5e7bcf1ae13b72a3c3697c,0,0.41657284106917813,0
e1ed69e1ddf676903af35a9072420a9d,0,0.41655339307470507,0
1edebfa1ab57cdb2dc4ad98d329a0577,0,0.41653752829166407,0
5d7ec5b2d3b870085e30de5d36e67972,0,0.41649958860982644,0
a0621f39c9e44951cddb38da9088bea6,0,0.4164659111375875,0
31fac402b273df2354484c1a8c9145ea,0,0.4164556064958635,0
b46025afbb68faa3eae275eb50eb2966,0,0.41644735460482557,0
ae595089e52a39969098855d1919dc11,0,0.4164357318034675,0
850b9c63a8a63e4f68173113666d362c,0,0.4164066691585927,0
8d847881bf6070bd4da90abef2eaae89,0,0.41640305125844224,0
538635116fdea3c0b90ee91e9e64ceb0,0,0.4163924984493031,0
a13b330f835320fb49bec725ca000b16,0,0.41638090134496086,0
b36c5f5659a4b58e58fdf8ff1aa5dfb8,0,0.41638085054309665,0
a5a77a4b5fd7b5a3ac67abe341b4aeb5,0,0.41637812759886583,0
8c07bbd74c60a5498b2bc1015d48bd60,0,0.4163656793941765,0
1d2c3c629d6a479c4bad9f355b188b2a,0,0.41636015708602464,0
2bb807a3ffb2a486c452125519c8aaec,0,0.4163375970553691,0
ec0bdc2b6dbe64b6b214415f5ba4e7fb,0,0.41631721837723645,0
1f56142352e84fad29d2bf8cc9123a0b,0,0.4163114949023066,0
06445b7b84f41be019bb45a23c972b6d,0,0.41629168511263404,0
645153adc47a2b420c17687062c364bb,0,0.41622943186869366,0
079b34d037097cd8b65526f2b3894429,0,0.4162209004985571,0
4753f8f5ccd47956ae9a4a0b8ba18cda,0,0.41619737481373076,0
15a0aecc85156dffdb34db57da036877,0,0.4161875522267187,0
9468d5f47f7860aa11cc73deda96af0a,0,0.4161629967600048,0
57742ce9227b5281011a0b4249c83f0b,0,0.41613037828718114,0
eca6d8070a6f7ab0bbe81ab5cc878db3,0,0.4160987759984454,0
8d7d0dc1fb2856d78e58fdf46d5f5ab8,0,0.41601438688104264,0
d23c0899fba73e64539b0b181d93c076,0,0.4160012731542953,0
11a8eddbf65116648831aa5a01944c0d,0,0.41599522878131495,0
5d2dfd15300a557c1ddfad56a8460226,0,0.4159883150841769,0
5ebcc695177dfd1f266436f90c06acd9,0,0.4159775327562028,0
c829f5071c462c99343ede23887acc21,0,0.41596463064299866,0
e60c3e8f3984efc7f5107d6aacc98da2,0,0.4159637509449008,0
bfcb850f095ba1efcd61e705bd8618cd,0,0.415941991558269,0
c5c8349390248aef203390b693cabc8c,0,0.41593329739368723,0
70337a181ac6d2e43a4a41c8e23f1ef2,0,0.4159135854275698,0
1ff76e1344b3e4f12662b776d0540e06,0,0.4158295489713969,0
b83f14e183f25e0771ed116680199b4e,0,0.4158105799506275,0
b84366f5760f930dd0570d820fed2ac7,0,0.4157638799934129,0
a608b2986016a54588f7fd3cbbac7db9,0,0.41571862530985776,0
d56c3c253606adde8102dd5cb4060b01,0,0.415671382930493,0
ddd2a66e1bed772e7549a4343472c252,0,0.4156576472933219,0
7e15d02591e7b28a5f3521026dc334e8,0,0.4156175822703953,0
24973766ec2151ec4e5c1a77a1434c8d,0,0.41561260342989076,0
96977812f790d5dee60611658aa71ff8,0,0.4156121162016363,0
21d04d03937a63dee9384853d1b3dcd8,0,0.41559025607874356,0
3b2ad448a0f1a18dc1c6d780aa0cdc19,0,0.41557811921916044,0
f45669f4fe48c48b6d5065322ac387be,0,0.41557768467770834,0
8fdffaebaacda18f461887c03498e849,0,0.41553036199632415,0
d6c62e6b2eb593ee8c87c6f76db5cc8b,0,0.41552245435297674,0
922aff1833c3c5691356d4745944e46e,0,0.41548701969227136,0
dbc15c7715d2a44a2a001c539ed328dd,0,0.41548640269018666,0
878d1683076172a5b7ffc7126ba99acd,1,0.41544547098151857,0
dfd3e2ad5144571de394c58857c3bfff,0,0.4154123657590789,0
6bd3f57827bb82cb387edf931285a798,0,0.4154096328557492,0
d0f53cdb9d58cb1864972c1efcce15ad,0,0.41539973037095995,0
b9db619720babf0974d65bc0f720c1fe,0,0.41537201197235973,0
a0c8c8164e126c94a3ef8a34fdeb7601,0,0.41534007965200836,0
286981bcb37cb55d725d9f2c3bf72c2a,0,0.41533041695174844,0
30951a661d8bf91b4fc3e244791dbef6,0,0.4153030632661165,0
5d42fb6951f785071c35e2ff65271b8e,0,0.415295101971825,0
93311e88a2a2c4fbc066fc30870f5e46,0,0.41525730203484357,0
54207f53e2c739bea2ecf9d4c06978f1,0,0.4152473644833011,0
334ddfe69f933766f062cc91f5b82ce9,0,0.41523120544909586,0
659bdc990055d4604a50cd848a43b9a3,0,0.4151922915749682,0
4d6964b55d97dff2556f7f30ac2e19e2,0,0.41518133045281314,0
aec80ef34b077632b58f710c6d9476d3,0,0.4151539450075643,0
405bedd4c250e8f823a8cb72be35111f,0,0.41515231166699484,0
ff983093f2d26e43569f7d58782faffb,0,0.41512663230172864,0
580e86cc6d0c8eafede3d6f2fa4bf9ab,1,0.41512364319742673,0
711401bc8dc5152165b2ccc786c97c0d,0,0.41509871583968755,0
923ad45645d9f88cfe41814d2a60ca21,0,0.41505221007126475,0
6795bb0c9c974e256e4d4f919071f7bc,0,0.4149946037066718,0
507773c65aebb2ec670b6bec5ed36bff,0,0.4149463191000051,0
3fc348f5f598443996bc826c5160b417,0,0.41494590436948287,0
a78ad87448202e1a58ebd90aa13bd4cf,0,0.41490854040452807,0
5f7f36eba082e3b9a014e2d7936dddb7,0,0.4148944307688417,0
aac21be5152c7957375448cc03b03f57,0,0.4148845103917536,0
3c7a790abf33cca4c72b6f857fb48612,0,0.4148834160680033,0
9c397332d189c72d6a05c90e39d97170,0,0.41485650778320365,0
48e6f23af32f72ee663c68227e85e732,0,0.4148405526856298,0
bdfc69088acb8fa55f52fb37bdf087a0,0,0.4148405526856298,0
3e6699f696aa8fc148d34069ee2ee717,0,0.4148330458232909,0
a855db03a8fcac8dea5b21f1e904e13d,0,0.41482960134075986,0
aa4a5a9726e6f2b5af0cd6c9d43a61e6,0,0.4147854751164195,0
ec4ea83b730a66c09400b99656e03934,0,0.4147817099330199,0
0e2a10c8d1b35dca12057704d738bdb6,0,0.41477194455865063,0
cf3a8065c7324bd183ae9bc8ae4c9d9f,0,0.4147559816420233,0
d96b63776ade418dd3d0b6409e91120d,0,0.4147487136984886,0
ecc4e8ea65bee089e9fda7474da7a8a4,0,0.4147374717119819,0
11ac549fe00a941c3b8af366c22da409,0,0.41470623920595867,0
1542f4959076c8f963e17602962cc837,0,0.41468971212670924,0
0cc5f5c3a5c43732ee1d7550e7068e7d,0,0.4146474667792077,0
6ab2e4b7fc40be0ea3f52a97b848c17c,0,0.4146106319801538,0
09ce6072ee896c89c6e24757c777f89d,0,0.4145480745773296,0
0fc04c432f8bcb23e7b1a48d7f545447,0,0.4145412916150847,0
7be7e4be876f066bf1166355bea0a522,0,0.41451812064333904,0
78831a17b7dc7db248faa90f120b9c7d,0,0.41451654001827776,0
6ee5a0879c4bcd71bc0ae0352effd675,0,0.4144854648986001,0
647f51639d03ce7ddbbc5c77efb6daf8,0,0.4144841600538655,0
4f2aaa36996969aa483891d275816f43,0,0.41447486091437913,0
11b34a957a0affd5aeb850a5c4c0a0fb,0,0.41446899712477364,0
85407fa8d53aededd382ee20b5ddb739,0,0.41445402065398423,0
d2044494c8aadc437303a5fb88037d66,0,0.4144323886358995,0
090511b03435e8bfd6fd4f35cf04bc9e,0,0.41436000043068033,0
c6a513e950f4f84a824821c420925f21,0,0.4143594709734393,0
002cdf87d4c03f08f7eb4551a923affc,0,0.41433160464799135,0
b03da8a82f4cfd9967b23375b91b6a87,0,0.4143261254952139,0
adbf59bac0b48c344525214b3a47dcee,0,0.4143225489402041,0
3b9db64edd09037f28a6ba66dfdb6088,0,0.4141973595407234,0
d2156fb874562ee968d3b7e9c59fca03,0,0.41412628038977006,0
ba5c1bc97d7742e7ef80ea549b27d476,0,0.41412147327777177,0
3a6151e0327e88108e535009c5ec9912,0,0.41411527520591157,0
9adec6f2bebe335e800cb1cb911bc5d8,0,0.41407159373393326,0
537a34487dfb54a0f59ecfe5d772d3c7,0,0.4140239081393945,0
9c4b6000c2b7f75753909d232d8e9bbd,0,0.41402320936491815,0
56ddec1a91f89120aad2a3d0c4fa9d58,0,0.4140018094704227,0
fa95c84c616832cf22d0e7f3b52d015d,0,0.41397543288969857,0
d6f2b57f71496bbe267ebc2b437c661f,0,0.41397153480716203,0
0a03613ee8e9a8f96d3970ba2f89423a,0,0.41396578521058125,0
096fb31aae9cec17398a7f7328cf64f5,0,0.4139258582663929,0
ac0c9a8bd0b81479845cdf97bc02220d,0,0.4139053722778298,0
d84eef527886bcba5d813645e08918d3,0,0.4138821114217196,0
f53a55b30decb143136fe8ca8db0469e,0,0.41387756614644217,0
99d8935df0c62cacb1cca1bb1f7f4b7f,0,0.41382371346433156,0
a6b4b3e1e8e21432ff89245ce6e317c0,0,0.4137379005009033,0
8ef73dbf37d0f12e390cbf8a471d79f4,0,0.4137333752088219,0
3bb5c75173094ab0c8bf5d834c49410d,0,0.4137119107404644,0
49dc6f7059ff68d434ba7beed0ba33a9,0,0.4137054275949952,0
baa5d06c87654525ee57d2a726837ca6,0,0.41369293460869677,0
4f9ab4b3b6fea830e52173f82a7d5efd,0,0.4136767312841379,0
be4e3d1570ec8a2ba9ab57afd17b29cf,0,0.41367627245427907,0
07734c4d78f0f9254aaac9fd4eaca36c,0,0.4136634224206917,0
6c972fa0695bef346e2d556e89efce27,0,0.4136538286269135,0
c76f547a793785af9f76adf03f70fc44,0,0.4136449531296299,0
cce06cb2bf225be85a514a18c04fc14f,0,0.41364070228579286,0
199f86c77eb3f8bd9cad75c39672f053,0,0.4135875365203516,0
5caeab5f6d9a40d8198aa29ef969e9fa,0,0.4135760975972626,0
5c5d29938f2e541cf631e829dc75c9f4,0,0.4135669227779112,0
3fa626c46f413742865a2cbfa914bb80,0,0.41355670103045944,0
25521199fe85b2127ab93c6101d7d0e5,0,0.4134969228702019,0
497b9efa77710b6fb9c8fa4e2969bfd1,0,0.4134647060822965,0
93aff4c7cdedbd2aa4315a3abde11244,0,0.41344395550779667,0
69766a92d074c9160685ba9b6b613c3f,0,0.4134189808359949,0
9ef359a0107cf43c2f46e58b1e23e86e,0,0.41330156560274756,0
cf718c153cbece145b8b0c2e70ea76bc,0,0.4132881513844463,0
a654683f3f4acce19f4c1e9c53bbe0b0,0,0.4132694350983138,0
fcee78b7f020fc29669d7f2390d1b2b0,0,0.41326105189489026,0
fd33f75cc59712d6fde968ddfb105e6b,0,0.4131706953225,0
726efa68c78ed87d7b03cdcc051bd4dc,0,0.41314308469347727,0
ebe7ba13c6f4705a47664d9294782b50,0,0.413118047500852,0
9d9f5c03dc7ff5eb5931407d9882a3a5,0,0.41311566077573064,0
1e6b20395bc9690fe6735e6b6e0d2791,0,0.4130958171589759,0
d197a184e01ac46e6cb6596185bd4db0,0,0.41309571571636744,0
f0d253d59d4bb766695cf51bc263e2c5,0,0.4130769759482997,0
03a44a735736da9775bb45d409e885b7,0,0.41305200383446705,0
f9a7da36a22b5ede9d2e39b5fc0458e5,0,0.413048577703039,0
4d0063e13c579513a5892115c789682a,0,0.41304471095470235,0
7f9c4a8f1b0bce6e5c7677ffc846790a,0,0.4130219008371984,0
0fd96f5fec44ef18ea9a1d86546fb5e4,0,0.4129865712312188,0
2d0525fe296cc1344aea0c6f6e57a7c1,0,0.4129851699110867,0
eb1d1b20ce10de79fbbc021694fed6b5,0,0.4129807221644253,0
55acabc08dae3702cb38a0670ae32193,0,0.41296666256330744,0
96a9bee7dae5f1a11d38f96865bd7924,0,0.41295612164240914,0
13c4907f440019602bd74d2532fa02bf,0,0.4129501255006179,0
86bd509dd54e384ef4731987df8040d8,0,0.4129293141499939,0
70d3eaeb48aba4879c580645cfc0692b,0,0.41290002874337334,0
d74c05ce039e3e0dff168149a8878c11,0,0.4128636140197285,0
7e72fbca23c0cdc174ce9a6121692407,0,0.41282938684850345,0
3d0029e958fd05bbadbffbde56044eee,0,0.4128184988968666,0
892a397bf8506b6c30355f3fc1338900,0,0.4128158722372393,0
15cdca72d93fc92eab25e4484f9fcb88,0,0.4127992285397048,0
6b37d47561c8e97bd313b89215e0ae88,0,0.4127991569118757,0
cb25b0f5b7cdb5343e739964365688f4,0,0.41279285772771174,0
d0665e0d9a9a44c9983bcf19357763c6,0,0.4127709803840893,0
586d32cffd97a4d05c2c315430ad73d0,0,0.41274106159631674,0
4f6ce7be021d8ce84343af1037cf0105,0,0.41273624534133185,0
4f171de73867c62c077417d778a7fa9b,0,0.4127332183129475,0
1e0fd284347b0ed8c11f03f342c8460a,0,0.41272618170840536,0
7a5915d3f9d524a8df5ffd2ea3d8a308,0,0.4126663707265761,0
6e031bdcadac8559aa022051f40260ac,0,0.41264068477474186,0
23166e3098740c2240fe5f187b5de215,0,0.41257736209538237,0
99e16dbcba1769d23db3a72d4d987d33,0,0.4125767799659976,0
bef66fd862d56f0f9d318ee5a5638c0e,0,0.412566243801668,0
d4974a275160db5623addb418688e443,0,0.41256569377584634,0
5977d1e8a56fbc27e8675758c2ef7b81,0,0.4125460836310386,0
b40aae4ef6c95ad5d15cb87bb02da078,0,0.41253290866170816,0
2765fbda0b30ef243492b1a5ce13dca5,0,0.41251348033157664,0
8ca577639091122b3c581bc89d11da3b,0,0.4124952267652515,0
e8597995dbb64c21b761211b7f2f93e1,0,0.41244124996279147,0
082f8d0d83744f4fa435269cf705a07c,0,0.41244124996279147,0
78a951bf30ed2877352b570942b7d0e6,0,0.41242498956926094,0
77c5694f38c891ca6ed31ad377fbc9e6,0,0.41240864104866903,0
682815d59893df1cfcff0fa21b765fa9,0,0.41239802546002985,0
2129ef15b2761ae29663d414cb66978a,0,0.4123951460929615,0
b7bf41e97e42aae7517baf9c28887010,0,0.4123948012205024,0
04c0fef9b7d165360bad6e3385e48125,0,0.4123909730208616,0
24fb5923c927352d20c2adfe3675ac8a,0,0.4123866822393903,0
9c8930fc25773dc854b9ab22f8539d60,0,0.41234648625877407,0
f7fdb10a09da108d807fbfbfce7780e6,0,0.41228659069287216,0
73d7c87d44af686f20f4c826c19f73bc,0,0.4122663788991173,0
69dc49b6115371d02775f2baabd26cfa,0,0.4122532608056836,0
254a37b463b291e2cc13a671e8d49844,0,0.4122454059866827,0
a9deaf2bf693dd1e3b4207f178e05b4a,0,0.41223806104948363,0
0f6355abd2fb808755d94a6084ee41cb,0,0.4122070328193825,0
7ccb41958c591649755ac1a7e245f65f,0,0.4121903859530866,0
20fa186ec94238951063b182b6cebe92,0,0.41215186328531206,0
89672d977dd21afa429505c66a1abc17,0,0.4121492687338515,0
3c8fecf1ca48550923916e2885531248,0,0.4121453353406467,0
beee6288e6a0518ad60c58f2179b33bc,0,0.4120927786213793,0
b3bdf81199df64fa6e7dc57a0e588cf9,0,0.4120861208930293,0
3c4665fc1e2927b7d51203ef7e9bfe6e,0,0.4120636334806606,0
4a696a2f8119d6c40751159a1a460d66,0,0.41203012934983224,0
d7b8efcb66895ccfb0d9b1c94e527dc2,0,0.41201963546846915,0
8251ed483369858c120beaede24c5ff6,0,0.4119788983390861,0
16d92ababe56c665936f0dab8da2fba8,0,0.4119717511781788,0
f709ce9201a71548c8ac219e8f50f5fc,0,0.4119391842288808,0
d02aef1a1d91578d47ea33fc7cb152dc,0,0.4119391842288808,0
ab736d55394003ef6b944de2cfd3de13,0,0.4119061684142631,0
d26ea450c94b44141be34ed5cd445a06,0,0.4118772433133842,0
cced18dc0d1f0d8b16f75f5b5ec3e2fe,0,0.41183667424457016,0
da4ea1f9cbd08194b42f2f8278b16225,0,0.41183566246932535,0
49a646e27cc7280ff6374df7d5d33029,0,0.4118290222529279,0
5a03c0d19f3489c0f6ed18960544f235,0,0.41178161201426844,0
bb2aefa00733e92169d0f4fb417e27a8,0,0.41175510953559064,0
f35d2ef8ed8e757eabb0dc3aadfe0ad0,0,0.4117213082328444,0
538f20c5da86daf31ec285792b8b603f,0,0.41171274157297344,0
ebf6590e6b80e8ecf8cc858af8de0927,0,0.4117021940146775,0
233182a47c04289c82c046a458f46d56,0,0.4116571725382259,0
f4c8f8a862c73b83c4a9895e56dd67a6,0,0.41165477537944306,0
d31c287a64b46eaa581651b6a349f58c,0,0.41165463203402136,0
b6419866d526c1e55c3228280b50d6f0,0,0.4116530168218557,0
2f649223cfa65f8d73ebbbe1eb2117b3,0,0.4116296377566252,0
4786a892f7618a4855172f0fc43fd3f1,0,0.4115914537019493,0
0011c98589159d6149979563c504cb21,0,0.4115906726478388,0
790d0baf6bcaa1d71260cac5d1149ad4,0,0.4115792500154726,0
35b45b906d1450b3540dc96692f58583,1,0.4115750438355292,0
7fd5ec755163671e2eb2679b4bfb35b0,0,0.41153621361406445,0
2704fffafebea37ec133f21e0009e6e2,0,0.4115327064425684,0
109ab99aff49bf7f00685f899b13c2e0,0,0.4114926953557263,0
ef71f5ee727d1f8ba9ed6f8fc6b479a9,0,0.4114820745568308,0
3e301f8fdb84fe9050faee7df6eb9849,0,0.4114687502343954,0
897b1d92f53f6c7762b36b3e808f4d80,0,0.4114200100075265,0
7fde9b9f9d4350aa6d569b24c82c49ab,0,0.4114200100075265,0
70167d9510c6f54bd29bbffd0f4d9e90,0,0.41140918121445474,0
b1dca75b8acb4dab356086616ee92cf8,0,0.41140301061768086,0
a60ad61c995eba0a1ed04f57d29d49b6,0,0.4113651811680505,0
6c57e6bd11b8e9d85e77b3e14fb42e6f,0,0.4113184405119579,0
43a8a00e071b8d2962fc44a682ed3d4e,0,0.4112803568111278,0
a6ae95cd207c7cb963b4b6e444434bfb,0,0.41127619065605775,0
86e0eaf7e0654a1af827ae9172915c6f,0,0.4112701958731419,0
33aa54050581eb08df59a61156a82b83,0,0.4112666377024378,0
8f6564e0a606d34b05edf1206e3b8bd7,0,0.41123304746703215,0
42c69d0748468edb4bf96674d28e07ec,0,0.4112009928862942,0
9ed2fe900d1b4d1840a7551b45573476,0,0.41114634946846995,0
23616fe0ece4185d9bf3e60a6d01aef8,0,0.41110139991318345,0
113b3f090cc1df6f405ec326a1765522,0,0.4110839215458576,0
a00921a9052e43763c4a7f1a7dbd7f18,0,0.41108318024854124,0
8fd6d9632c9fcc25a875bac747e60c48,0,0.4110591253136557,0
10101a131c76b6e2e28b5856cf1cf736,0,0.4110589792968642,0
a7cb9da1fe114c942eb64741d9bd8284,0,0.41103221422684894,0
3d8ee81a826ef3a7a0b47f41fb259de7,0,0.4110078823770976,0
e8ddc823809246fabd9c235ef7714630,0,0.41100753092642384,0
9391e677f4cd399e3b64c19aa6bd5a41,0,0.41092598270866243,0
aea4d758cf1a6af26b5e7c143a99127f,0,0.4109128425608886,0
4511b07d2cf7c5cff947ea49fdc93879,0,0.4109125810847806,0
22b12c9c5bc6ba994b2423d87d3bb88a,0,0.4108582752843134,0
5fd66a1f4e029c2bc89d772dc2223b7b,0,0.41084485432464746,0
45ac3e9bdaf25de0c0550d90ced5ad6f,0,0.4108349312646266,0
e04cb8163224e38b54592b3cd53bb0f0,0,0.4107681309204867,0
8ea8b926af8086a391b130944d230549,0,0.4107486480017608,0
227d47f085083b8fa3b3f1540a4fdb05,0,0.41073593428294586,0
d1725eec600a742287e0576843723c9e,0,0.4107282477454851,0
796330032625c52c206907c7e4acd2d4,0,0.41072238370878306,0
d2f9fdfb4e3b99ad3e7a41588bd942d2,0,0.41070720591992466,0
5b9e2d80a7ebfcf10ed0fa934a6de8f9,0,0.41070495969618176,0
dd25ee49beb12eff932001d52c7bac97,0,0.41070061581055667,0
694d76460713829ec659915cf2b8d9d8,0,0.4106267264914498,0
a1864cdd58debf5031958069ee937742,0,0.4105749793122704,0
1f76b2116007307fb127ce70e489e0be,0,0.4105602597995031,0
71cc49dcc859ef150badb7ae623b6b96,0,0.4105448943610973,0
cc71814df40aa575da92b47730280910,0,0.4105402234921336,0
88fd6a9e964852b31db42c6babdeee0d,0,0.41050541965884435,0
64ed791f8b34fec8a62e616557babea8,0,0.41044169108974216,0
348d165338792ff45589b5bdd768e808,0,0.4103995772751712,0
ab1bcfce60156a25bbb243e29adf0a8f,0,0.4103961094255379,0
81fde78227bbac716944e215b6895639,0,0.4103593110694429,0
bce72558f421c2a875e69c282ef2ec51,0,0.41035444409637234,0
4527daf8c106f729aec412f367bbcaa2,0,0.41034035145829356,0
c4601f3d0e8da101aeba12d2ed530285,0,0.41030638342629944,0
37bbbbc2dbb5e91c6d75dc5494332961,0,0.4102616297252369,0
76c84827b3ee8df52fe0c77a9e38f814,0,0.41024966055272516,0
b89e8adcd81b4e77d1d67eed240eb456,0,0.41018753400303126,0
b58003534fdfad54e2a809da3b5560a7,0,0.4101081879552569,0
f60fe3cb5de099b3055c4cefada6c1c7,0,0.41006329233798006,0
307a8534b805468c913d02278e43dafd,0,0.41003194712758184,0
0dc3a4327bacc5b339d49aa33120365b,0,0.41000814608174346,0
5b30522b5d840bd700962383ab8758cc,0,0.40996552458787117,0
66babda3cbcd59615e545212c30e3567,0,0.4099094849003576,0
a667c69a33cd6139f833eb4d80904f7b,0,0.40990716993662396,0
1232eef6ba76894ccd8e537f4a1232ea,0,0.4098934078796181,0
18158b33a58b3ea56102b503c0cd83eb,0,0.4098521847691811,0
8da57ae4dae59af8b32954f30ac00f2a,0,0.4098416125824793,0
8bd61a6829b0751fccf20202d10e11c8,0,0.409831307188064,0
751ce23d1333f5f094b90bcf634c7cfb,0,0.40978693068113625,0
973f2fba63a7eb540f8860b0c75b63cb,1,0.4097357508535674,0
9d1d6a2338f51beb0e6afa2e876b6540,0,0.4097196926767834,0
0fa960f8f6215551889f2124f2e3bd70,0,0.409708116300183,0
96e5c1c79b1bc887c0c7e18b115fec6f,0,0.4097072387895059,0
fd75c62ea2fcc2b23062191d7c4fea23,0,0.4096953345243466,0
0d56c78ed9306af8a4afb0488eb5fc2c,0,0.4096822461652341,0
5cd349e7d2a4516c1a97c2089b89ffd2,0,0.4096289605976419,0
07ba909584e0943e17023c983d4753d0,0,0.4096126623150746,0
37562a9a26f9bc39d68a454fe1435053,0,0.4095609447984385,0
3d5d038b3b4c0f9f8f9565cef084f984,0,0.4095347210047717,0
74a68c138e3220107add702b3777948c,0,0.40952805619323235,0
3e472e2d60f12c183ead97b03b0e8963,0,0.40948322961906947,0
1183faec4a1187af53c9bba0bc8098bc,0,0.4094806643001479,0
552b9d839a47ed302d9135b38fe66fb8,0,0.4094417512548304,0
2a3646bd81800eaee94e62812eb7a7f9,0,0.4094272243174088,0
027ca2556afdb5bb0741b214c6380bb2,0,0.4093913381676638,0
efd2f4f6a5ebfff07943a4a1c80dcf9b,0,0.40936475278262807,0
607344d7dfc591c9831bf9e8d5a4391f,0,0.409357704771658,0
eea4a5a401d99f19cdb3452efca1cc60,0,0.40926166744660064,0
9d93da71ce0edfbf46f7626d967fadcd,0,0.40924783178192453,0
32c4fcfaac74834ad27dbd738d0038c9,0,0.40920181481310114,0
501f58a3186cef799338c598fea3ce1d,0,0.4092008275338516,0
d653c4815b8acc1fc51ff80339329490,0,0.40919859454180235,0
4f30bdf1bb8d364f8e948642f2864386,0,0.4091942274423368,0
d983e9c0fd37fead1bf11f30ea1259b2,0,0.4091469146557903,0
564fb2956ed34f0a78c1cc37d731f3d9,0,0.4091450998263157,0
c3c572a82a1947f2ca3d2f9c2866ce37,0,0.4091101686779881,0
f20e809a3d0105b99814c37f88dc0e60,0,0.40910180156577436,0
31e924c19d4d1cf7eb6bb1e96dc18c62,0,0.40908567675887075,0
bca4d279d433742656c21d4c3bdd4dd1,0,0.40908433382840154,0
a27b2dae72cdb40af6acf3b3389a9c2b,0,0.4090679353907185,0
274982276baf60dd351fd21c02101477,0,0.4090585319652767,0
897201fd314cec3487c3ff875f081b0c,0,0.4090453089462914,0
c979c7cda3ce942db2701d5550984457,0,0.40902196557694787,0
940a6d4dabbb99c70905981432242887,0,0.408961632664758,0
2981d1943e024c9f88dbd736653225bb,0,0.4089010572149651,0
77a1941e1240e00af4be4e1f18b13297,0,0.40889975800836736,0
7b8b31516cdb407eaed1ce4f2d30c448,0,0.40886780260132843,0
f5362a4fa86db140574a237120e21a90,0,0.40880744645381734,0
d5f4dc82c760d50a27723a2233bafe7e,0,0.4087836063217266,0
15024c407a7adf2b196809f37e667d9e,0,0.40874122144287395,0
1b57430a63894115bb988c1ecb2c676f,0,0.4087080384804725,0
820e78bf5449cb1bafbc56095ceb77a7,1,0.4086932208782826,0
5ec6ec6338fe161e42b765f5ded9d69c,0,0.40869075229916996,0
f949653081e19bb6217736e9a3799181,0,0.4086463131628912,0
b9f6883c3f931f5ec4cd095746e00821,0,0.40864607071181774,0
3949a019223422cf30a6be3fc82f7982,0,0.40863584624038074,0
57c8e6cd0c99b20f40ae781dbcefddc1,0,0.4086355771255109,0
cefddec9f072bf889339624dc4353310,0,0.4086122771242116,0
572d41d4bcd3c9cefce4aca490ea0343,0,0.408600323895008,0
fe9e7e3770e87bb00445911e06d77d20,0,0.408590516376699,0
99643ab9aec6371a0b637e234f703f71,0,0.40856274019427985,0
8c60d4ae12cbf30e7c0893640676dadb,0,0.4085224842820563,0
a7670e23156051f6da9afc37e7309b2d,0,0.40851182659827634,0
fb90c6ed3ad0feb20e87265e1c70311d,0,0.40845751392904855,0
7c5ccf4e7f7a4ab06c45c27d038e8c10,0,0.4084551316534136,0
6e77012224e6cb06ac3bab81aa8d8fe4,0,0.4084547187505693,0
eff312525b94314bef8881542cef4989,0,0.40840732855256756,0
3830512a5415f208e378c6728726ea3d,0,0.4083584203254201,0
acbfaf28622f6abc50961761e28fcbbf,0,0.40832742532183375,0
ebd0921d9c892003ae0ab54fae01b81e,0,0.4083010717602109,0
288176d126141574b79386872d9f15c7,0,0.4082886625071784,0
0d88bced1c85bef2f7ed195b1de99e61,0,0.40824249615079655,0
b609e84c9c83295bb241da5a704bccd8,0,0.4082422756233553,0
531d4e151830acf83c905b7525a9edd3,0,0.4082291383143819,0
111d3b4c481e8b542a8a5b6fde400a40,0,0.40821526868161867,0
6bdff8d6893d72659f69be8d5d3e5d8c,0,0.40820917546733654,0
e5f799780b5508ab75c7169cfa95cba1,0,0.4082083629061114,0
b458627179151e775d29aa2f61238872,0,0.4081843550798775,0
5158d59cf009d963bc390cf5377bc35a,0,0.4081753917148671,0
aead071f9a847c76dda201b10f6f6b68,0,0.40815658380875713,0
80d9444e7cfcfd1288df2888c741cca3,0,0.4080929948091733,0
9cf047265550f15115b178d72db2ca26,0,0.40807552983287304,0
1cb59b42615332de70ac6d65a78ffdba,0,0.4080719952982178,0
b2fdc3d3f15bdc1d696d1d53b0b991d1,0,0.40805331930182986,0
33d352eefa8484bf716f767284490592,0,0.4080464211009713,0
25f2a384fa2be0af7d759ec22bd5e88e,0,0.4080363591395007,0
fb48b86d9a78b53675c121e4ec8981ed,0,0.40802687659450154,0
4d11e5cba5b16d8c82107100b84f2692,0,0.4080200621139534,0
a36f546abad892a0322ac21fda994db1,0,0.4080046817272365,0
70c2d396ea65224df3f901b0d0cd56c0,0,0.4079884443804509,0
40480b822a64c501298bcd915a4d141c,0,0.40796813628802076,0
8364e3d88524b949c7e2b5192c7bf368,0,0.4078668140032919,0
66ec3b6b238eb0c81b95ff04893518b0,0,0.40784085888639915,0
7c763b449a1a50b7cae7943be3dd5a06,0,0.40782972134152756,0
d586c10b062e58dae09473b3b4bb660b,0,0.4078260486732829,0
7532e140fc9aabdcc201730b87f2cf55,0,0.40781185769336725,0
008fb2ecc75561d202dd4db2e0ceec25,0,0.40780824347971717,0
62ee16c2a070f1f24270db18fffa0f5f,0,0.40780449970821675,0
083392a297a1f96c08af1cab009a9b7a,0,0.40775759911142495,0
a4a93dbdbc00ea73647d9f0ff9754b2d,0,0.4077573378821164,0
027ce05786a9c91b427cf168e82819e0,0,0.4076491282798,0
910a4a6cbd33eefa52d8b521bbf3661f,0,0.4076397300290122,0
81f88d694131334fec5e970bbe2100df,0,0.40758787841886734,0
d66080b536ae3a1639751657b3698613,0,0.40758473612366264,0
e0caf1bc5a0940109a4b13d7a8036850,0,0.40756498054700796,0
e651165ec988a062dffec6d19e1443a3,0,0.4074993648247422,0
194276f931eb182adb62c510f2ccb1fc,0,0.4074408607163669,0
4fd6a064482fb4ef7435b59626cd7e1e,0,0.40740421259479614,0
68588530b1cd45a37ec5d1896bc5138c,0,0.4073960971129662,0
8340223572abda7355d99532155d554b,0,0.4073657033447279,0
0aaa7ef2d687f8de9788034c8129c69d,0,0.4073592093527468,0
ad6b78fa879babb5862c63a08a178c94,0,0.40733526633719297,0
03d7bb9d95f70cf9dcef7142f89d8ec5,0,0.4073192714272028,0
b1a4ace9171ff6b8ce946a894208deed,0,0.40731863489150605,0
fdb86bf15a984dc8b14912e4ddc78f79,0,0.4073067244801612,0
f36dfdc3eabc5268ef196f83d0ea4312,0,0.4072087692944041,0
c907cc6d05b62eb09d63c63462a7fa2d,0,0.4071827413645156,0
72739f22a5493890de8cc7f5a1105a1a,0,0.40716535327052217,0
7e7382610d6c06ffe9f8fc3ff566a21c,0,0.4071359953182987,0
ee14cbefb497da66165b32499fc311e2,0,0.40708571268893773,0
15ace7e8f7a0cfb296fcfea489e2445a,0,0.40708085666336463,0
4bd18f5e75411f3c7bb691f763b2be0d,0,0.40706946727656795,0
d88ac7d12d517ebf0442f370187012fa,0,0.40706859827394104,0
40df77400af863da719a8477cffd6aac,0,0.40703384835022,0
aceac2fbd8fde7da543ece96c9cade8c,0,0.40701826287278914,0
6c07344b9824e1e92eb5063bce0c95ab,0,0.4070105717016137,0
18aa614e7e09d0c2b0412ba79550c48f,0,0.40700183348456503,0
4566e273dc806cb1b72c0994b9c44ed1,0,0.4069736325964476,0
640c4953087d57f871d7695644f5fbe1,0,0.40696755270778034,0
26936d6611abe8a6db5f13e2c425338b,0,0.4069655360132923,0
29e93464b8a39aad632f2ad8cbcb1715,0,0.40696043893800377,0
80ebe85589175c3a1a4f2e83364bf627,0,0.40695819169307007,0
b6e333234b9abfc51d7e00157d29f8f7,0,0.40690852708409564,0
e10193dae6c90d2807b69286e1207208,0,0.4068451852950199,0
d141f28ea7b53df409e7a9a466858d33,0,0.4068105665308571,0
d2a17c41f73a9d6bac823ef3845eec20,0,0.40678432613418447,0
fd9f0400789f3d74c95ad5c35b72b330,0,0.4067445208966892,0
65137ac050cd5e8e49d18c0049a6b942,0,0.4067310391442422,0
b67c986980cc181b140d2334e3ec4150,0,0.40672011837304894,0
2a676b89e64d2a9f55b6e81190cd29f5,0,0.4067139785276718,0
4fdfc616a05dad4230168c35a43b52b4,0,0.40669606520858714,0
ba8fe68376e1f756e472279fff01d36d,0,0.40667282734105403,0
46396696dd307e5520002de8054d8483,0,0.4066632908410785,0
ed83458aeab7795e07b8b53bc983c008,0,0.40662915578425535,0
89dedf8be7ce16958f78a8d2a4c8edfb,0,0.40657993677256604,0
9c6eb6c6b60a688367b18a97ab4255c1,0,0.4065713655383239,0
8f730d34613744f02c599cc33314c2f2,0,0.406557171249439,0
af97d4ce03773a8f1111bac6ea2871f9,0,0.4065285965158823,0
83d6e1de275e9b87eb2b94bb46a82a3a,0,0.4065068151982641,0
6811df2808205f25e24a7f84328e99f7,0,0.4064624142412549,0
31baf34c26697a6098abb7a123195a31,0,0.4064541719086833,0
0800b40b1751d9f66189ef534f22e03e,0,0.40644421042904716,0
428584fa93069fef06470c13c4976e81,0,0.40644254968667287,0
766b2fbc375283ac0ed5324c091eacc8,0,0.40638935412182703,0
765d83943ab795b5c1e4c934c4a05350,0,0.40635889245331175,0
41af9171801ce57a0776ce98f7f98529,0,0.4063540958648159,0
5950105d5f3a678d89a7e0d2a54b5eaa,0,0.40634588498426166,0
d2427195a632c34588b0b55256493625,0,0.40624761677160975,0
0076a71311bb2386a353f5ba87d2aa29,0,0.4062154250867947,0
0315b4e89a92f6bea47352a62593167e,0,0.4062095409889314,0
d71183c796ee701d509823758ba619ed,0,0.40618457439403854,0
bc3f3fac842dbb77e8fde0b3dfeceb8d,0,0.4061657020210912,0
c5140e2137cab4c6aaeec83250ad94b3,0,0.40616530643055426,0
9efde9b883e5c09c03f5585ddd74fd95,0,0.40615408046825024,0
c76d05ea3f5e4d9acf41f20e39d3cb6a,0,0.40609237297375006,0
ef78ac6c1ec24fc4bfc2a750471f1421,0,0.40606950665201685,0
23775069a10e6814ab83bf3133979f76,0,0.40600506179546847,0
ef574f87d1c9e077969b159d2ba02ba5,0,0.40597468547705257,0
eb3450b02bf04cc3a099f24b7719da84,0,0.405962252526917,0
b312448665a053784d8affae3782595e,0,0.4059486434173114,0
f892194755257a342ee246a22aceb957,0,0.4059486434173114,0
fd563c8c22b177ef85b1aa825a8394d4,0,0.40593721460603543,0
ae9ee15ae1b1d6e59cdcf7d64ce07060,0,0.4059291714911636,0
9d7d5b2f4930fc4e18cabde5e5dc2b21,0,0.4059117449327297,0
5f66839451ba40fadaaee8d6bdbc0d4c,0,0.4058938587085093,0
efb9b93bf6b5019c17f900de2993608b,0,0.4058900060582965,0
591302451b5937a48c4503ce989dfd12,0,0.4058298672258184,0
7e17851d6618e9babf9967e6a79879c6,0,0.40582882040714524,0
136a9905ef5735e9799c1e11d7d13444,0,0.4058138879630389,0
05aa2ef3623cdba9ca3e83b91f1eee5c,0,0.40580273059768,0
0da196eeb097814372b3521bceab2108,0,0.40579442058207105,0
da6de7ba83e36aa42a84362ac4a2f11a,0,0.4057662119668081,0
78c1337764f4c82e5f2c4c3e7791124b,0,0.4057628703815165,0
30e3cbda9fcaf3df52716f1b7265341a,0,0.4057574012195738,0
79f9be7c3adedc8cb4828a2ce3981222,0,0.4057468054896678,0
4075675c06e08a380daf50d5e0ddba78,0,0.40570204019710365,0
dda1078b0a2275618f8d197ee18c2273,0,0.40568707337605914,0
124fe05c154060b55f07936ba7be2cfb,0,0.40568616517316525,0
dd3856136c63a7da50e21272f9f5550c,0,0.40565864277148317,0
be3d8eb606dba13a902ed67389d38366,0,0.4056508769966658,0
d5a5ceb83234eeb855268d7fce7f54ea,0,0.40564195336957887,0
8082996e039c772b71d8df530f5fea4f,0,0.4056334983104834,0
7967e552e7585257519d2dad8c16cdba,0,0.40558315406204576,0
82cf026d2029de6c690c1248f63962d4,0,0.40557634608783105,0
062b959255257c8f1b651a4cae989853,0,0.40556756474023287,0
4e6e8f49ac335548b54d362e353f4246,0,0.4055313632670912,0
0518f492a1f99b371aec1cbcf8da576e,0,0.4055289185428491,0
3acca5ead7853e20f34528166fbbfede,0,0.40543870242480484,0
d3195631b2c66e9ad4cf137285ff57f6,0,0.4054216183359034,0
2d25199208eddd7559de2cee830eb267,0,0.405418391331851,0
dcfc9c44bf4471c67137fac8b54bce59,0,0.4053889886490308,0
be82db3f285e44d8c3153f0788f6cbe7,0,0.40538388006840503,0
8d010e7f92ce8b3cf0038c2454221750,0,0.40536399701361053,0
41d323fe3b32d8b232c7b9e281e8f551,0,0.40535209189414023,0
a00e899d273cdf688c72055f31576aa6,0,0.4053303814382742,0
7dc30b655870459930b7c7960205d283,0,0.40532782038362103,0
fdc5eb5c37fd60b8ed36990d8a23707d,0,0.4053061953491942,0
526760f3b7255a26c8a93a96dfaee4a3,0,0.4052828928679079,0
7f5fd837ad25b075bd3b583481e11df6,0,0.4052481207997719,0
2586fca3220b925aec835cce085fe64e,0,0.40524504244080967,0
aa11788e46cab3999d7e9d5fee8760c6,0,0.4052369220275988,0
e46a8ddc18308dcafba6e9fb67760e48,0,0.40520959426652003,0
2aaba3d45d86b23c7b8e9d7c04a96977,0,0.4052047804872024,0
9bda9b42cac661d3c6130913864e2235,0,0.4051988330667589,0
e0046726358e704f22afaf9201d6a061,0,0.405157731947126,0
02cc3b5d9fb4b6a27fcffba8640601d4,0,0.4051479814917781,0
8d524dbfe607ee83a4447069a34a09d2,0,0.40512364606154333,0
556ffcdd6185be1c44ea83be3b1b5f86,1,0.40512080463190214,0
c52ad75d077c8ec05b566d6b9f2dd06a,0,0.40511316266231084,0
4fdd708d91ccc748a0b558a3734d5ceb,0,0.4050914673634464,0
839bbfd4ff93b592c82a44dcaa9515c3,0,0.40507200228261314,0
5c0c96462b9ef326e9b8570fa92c0a3d,0,0.4050695234336694,0
767d7041157e4515032f24e3634ed01e,0,0.40505533497810814,0
6fcd50e12046b301e483777bcfbdf964,0,0.40504376768036465,0
26212dbef2793994deae6798686c6c74,0,0.4049838697143263,0
2021f54a47483b25fe2629c901a81995,0,0.40496422445170654,0
e8e151e6ba01d9cb54910330d3b2b62c,0,0.4049333593461655,0
0e18d3592b4c61140b7d85dd36b5b926,0,0.4049210209602912,0
4297601e222fb22f81e6fa0cb596c4e7,0,0.4048865357733871,0
0698d10fc985e49edcd35ca9d7616dab,0,0.4048215839495561,0
381c9155e8176a8091a90224fda17bca,0,0.40477188100517203,0
945a84ba06ba29d8c8dbbf85293cbff3,0,0.4046986447503129,0
0f1311c86b5178f4903121aa73b11065,0,0.4046986447503129,0
8558dcd2a96e1bf5875a4d37e40e9a5c,0,0.4046496626126197,0
18828c946a31502c8b390bec28aceddc,0,0.40464025644678964,0
1f80e2d0cc571920e312b26856aa7175,0,0.40462793138878983,0
a64c408286a26048709e2fee35e9b2b6,0,0.4046095524457514,0
c1c93c947ae372295753fef3285c2d61,0,0.40460411204014357,0
84f4563777cc8b417d7f83e9e694b55a,0,0.4045937520007107,0
976894a9f3e1aa6ad8fe43ba1fef7861,0,0.40458851493256476,0
4ca5f90433afb5493247f0bafb583483,0,0.40455733838178337,0
25a7bf72a2477a1290e6503a2114e6f1,0,0.40453412742467887,0
6fcc1b7a45c7bae1120eb70ba7a0cd77,0,0.40450774606476014,0
7644ee4a8d8394614ef4d3616edbf078,0,0.4044773663172558,0
90422f757609ade507467f9175567361,0,0.40447163742658654,0
e8c1041e916498bf50ea68017bbe887b,0,0.4044674139097,0
869dc5de107f15d9aea724261bc5b6f6,0,0.4044513562597588,0
ef842dbc1d074b0cb9da91b005abb8e3,0,0.40443325746699427,0
90efe6a757d124849b6a0bf28bcea850,0,0.4044285498091146,0
b8c9449245b9879f4e4fa780cb4a780c,0,0.40441444446133024,0
bf56f78ae3555f5585358322d83781e7,0,0.4043980660319553,0
defdf673e33e9c7cfaaad431a317bfad,0,0.40432874668552465,0
ddc29450a302941b6da714f67f296b1a,0,0.4042925683643112,0
ba4d1a4a2b540edfb2721a5acc6e4461,0,0.4042780736755329,0
3335a3c890772bd267bd0cf161ad315d,0,0.4042773836307776,0
41b75c0712e41a7c79c204158ee83f72,0,0.40426985444986385,0
6e156be7c0264334c5c15adde036aa1c,0,0.40423678630867,0
339f4919a71b0fc8390b936db62e85ae,0,0.40423644981456247,0
44635e4c305b4497a1e9b8d224149e31,0,0.4042101869709979,0
c6b2c164bd41abc73502efd29be542cd,0,0.40419321722528273,0
9fb6e8434ac799b5e5effc0f1635d35a,0,0.4041923087997099,0
c334e12e465f4ede93b497d45f6c8861,0,0.4041571554012655,0
189ad8f756f2949a129404227b25b34a,0,0.40415371331978983,0
6f94f5b19a079abba527751a6185e11f,0,0.40414027591602086,0
2f9942aadc90941b47564e5a71b34ad3,0,0.4041113315108627,0
d32b388b3c40e8bb7d1a828afb842f75,0,0.4040746805113626,0
a4f5d1cac58182ce1e57621d84b9e000,0,0.40404217240236867,0
443285846bccf405c41853c5cef24726,0,0.40403821309016846,0
0db490bc105b98f683075b1bbb026a21,0,0.4040330531709931,0
1473636eb2ceaf90448ed0e1f5b6a166,0,0.40399894593677643,0
a47c4c6ad8533383ca16ba1ecab6563d,0,0.40397323924482653,0
9639fe4e2473b032f65bdccbbd35ad19,0,0.40396992025420775,0
3094e3bc9f2c62e51fe92505c9bfd853,0,0.4039341952516816,0
f051c8fe0e5f5f2985ad839cf59104f9,0,0.4039241825371449,0
da24ff7539bfd80350751ae2d27248ce,0,0.4039177591504088,0
1a1d5f3a5178801cce09c36114e30674,0,0.4038747750744679,0
fada7ed8bc0ff5d5eaddd07a67cb2467,0,0.4038572493632444,0
926bb51421314135d53c077ae76f3a17,0,0.403856525287361,0
f2531c11e66027f63e2f6414c9b2520d,0,0.4038198226319586,0
8d28bfbb356b7e7b5a750b73df69e93b,0,0.40381839922402957,0
494f1f463bcd36a662f93567af509cbf,0,0.4038182970196537,0
49d0b00a8a500a6ef459945d7132f29b,0,0.40381286745610573,0
ea3816cbec936b1cd57a31f3b0bc4e9c,0,0.40380135875944945,0
83e62ab4d504cdf419c2b24114e7c923,0,0.40379059295616393,0
37de7bc494e562febe3514ba1ef16d14,0,0.4037788514360714,0
27f23190d48300c65de208da4ab689af,0,0.40375121917576356,0
0a5bb44764db318c6e5f36f260f86c55,0,0.40372340764147713,0
cbc88cf4fa11399adeded875fd9af851,0,0.4036828463637066,0
09b694b37235ce432f1586f6e10426a2,0,0.40362932227704945,0
e9b61ea990734a1aeed03d76d14bcf3b,0,0.4035869927269209,0
3eed0a5418ab8fadc4fbcf57210d99cb,0,0.4035237569100361,0
65cc6ddba5e30243e0eb17d9a58817c1,0,0.4035166354090676,0
3069f30fbf3f30057b1b4ff36c72208e,0,0.40351191783570817,0
60b3c39fd9c3a096dd39d8ac0eed219e,0,0.40350154600342264,0
05c111320b7353c49806016020b89a05,0,0.4034940496325877,0
acbaabfea8a59a75a559b296f66ac7b5,0,0.4034815521643444,0
bfa4b4eec07192776cda053bf13ddd74,0,0.40347560146998607,0
0732796b9e3fd8d74a8314a2e1b14c36,0,0.40344404299150166,0
b243a126340bd59036aac7d3ea38c6cd,0,0.4034069732314606,0
35aa9ebfcaec22160e6f50406b4c89d1,0,0.4033972902949021,0
35651bed380ae418121d130ce37222ed,0,0.40336989823900005,0
e64bf18b342e0929db987c7ebb9e597f,0,0.4033554461003918,0
4fda6d740c9b4c385e25cfafaaaaa367,0,0.4033351832823853,0
2202507920a30d61549a6af35126440c,0,0.40333026412758455,0
83edf3aeab5f1a4229ee95cecd465bfd,0,0.4033221360577471,0
fc27b2de2edfed6001918a4baa836546,0,0.4033151874828835,0
10f102fa80d703fe380d0ab8a53ba482,0,0.40327920008701196,0
ca03193933237061f64b886c1410dad2,0,0.4032662467809705,0
d4fc459f48f255df867a2c4609857e22,0,0.4032634333969344,0
7d20d64ad7c0ba54e6b6e214614b969b,0,0.4032543679737254,0
5e0b5a6c58597a3a1377a75ab7f268e5,0,0.40322040481635224,0
5e3de62551dfa3420c422459abb0fa60,0,0.4031994094670518,0
7cee328bcc37d1d72cbd46ed95dad5e0,0,0.4031484757034873,0
02c163ec34a9218f6f3e1e1a7b9aeb28,0,0.4031080399124627,0
6df2852275aab34523dd35a3041c9378,0,0.4030727011027915,0
a773871075dbfbbf0dd1c2c26374ba3f,0,0.4030496265436313,0
009e70fcdd4ea3769c73210414e73c64,0,0.4030268097392167,0
c8f57e563958b0d37e48eacf0b621182,0,0.4030183722280642,0
e3f183508920c7d5ebdb5f302b016565,0,0.4030169111793904,0
97d4a269c33335466594488e4af95afe,0,0.40297106204975797,0
fa6599824ade26253a6a81f85e1aa826,0,0.4029321187500034,0
5568b035cb36880273bd32d40c7aaa05,0,0.4029206764603733,0
1fb4e98c0aae3e305ae81c7606682c81,0,0.4029196915698227,0
880197669571a16d742941f5ea9310b5,0,0.40287594255029546,0
6fdb15a04afd6a9bdbf3671beb98e6c8,0,0.40280682121626854,0
6b74a422f46a89af0ad6e4ec94cfaf5e,0,0.40278609616347233,0
ea7db74b1a04a7a1bbfab5c7d67f3f25,0,0.4027836868972645,0
cdb8c10793ea950ad2bdc1918fdcc608,0,0.40269387479881014,0
e55edfb92c19a7c7836068f345250c87,0,0.40263804761309513,0
7c2df18dfe4e53d39317a9050caa4c60,0,0.4026358924250572,0
42e26c55be92611e544a2c2a8785649b,0,0.4026316378305777,0
82f62de596463538225a8797f7c950c4,0,0.40262587133669325,0
9d07bf621235d863c3b3b2cf730a86ea,0,0.4025614006226656,0
b0d38d8b148c01bf1722a2f706b00d8d,0,0.40255183949130785,0
0af1f97282af5bae6c1579f7c9596601,0,0.40253972275647165,0
92ea66675d0557a6ededd9af85a9e758,0,0.4025215544659861,0
3f1696ddc8b0b1091190ce0fa1aecde3,0,0.4025169084317585,0
f0385ccb64794e5e7cf2d6babc72a2ac,0,0.4025142190855261,0
780ffe2bd729ace30be4442375c66989,0,0.40251029029203195,0
aa682fe324897a3a7e73bf2591ffc4ba,0,0.40250758575007484,0
5008510088b7b108942cab935e55747d,0,0.40250758575007484,0
b11c24bb17454e2d358eb59b253835fd,0,0.4024632886754613,0
cc7bb9eee1f98681c161ca52d0d2dfda,0,0.4023567002069973,0
5f37cd104461c0fcaaeb1e6119122d87,0,0.40233160400308504,0
148ebfb52d4a5061154ba922b0a0e935,0,0.4023290882178908,0
828a8eb27198a85e88b5bd7721a550b4,0,0.4022757764569601,0
147fae04ca79eb0e3a3617428b43eed6,0,0.40227531978901554,0
e035bc2dd00f7c7a6f6ed2effeae9e69,0,0.40223355570966396,0
5f559ae955c7022e7774d5850bea5351,0,0.4022170160351454,0
b80be3cee2104ccdbd49fd839eba4b9b,0,0.4021943667214458,0
b451327530ee1dc95a3c03f34d97acf2,0,0.40214872345863806,0
4afb87582a140485f980b0bc0efee780,0,0.4021090921403675,0
70a242b52ee3d0640c6d7f5ee237651b,0,0.4020874757177731,0
9282de16552dd121cc9c9b47a271ecc6,0,0.40203261172511967,0
634f3f7e7defc6cc3d5a26dc6e2f00f8,0,0.40202517955707595,0
a0ae0dbbdc2266b6715a97b8c21bf461,0,0.4019836518331354,0
911800f0c6b6d6292ba173787f3f9ac7,0,0.4019816262393517,0
4836d79bf233f2852ef8e8acfb90383e,0,0.4019736199148791,0
22617b8dd0df998212a6638a97a476a9,0,0.40195543518089344,0
81b6c19bee3e72e8cdec6bfa0cc6b4ac,0,0.4019538753750771,0
b9b827b003be252370d4f851f603b58d,0,0.4019496601587481,0
7223361f862a3cbbaad18f93f341e78f,0,0.4019272674972803,0
b208e94a9ac019914ea8e5ed6e6dd482,0,0.40192710187728053,0
5acb7097e2fb26bb71b3320d85bbc3bd,0,0.40192506576820086,0
2e510ddede430dc1705597d5597f6af3,0,0.4019068007748464,0
bf0624610ea9aedb0fc1e2a5219b7fa9,0,0.40188872873490433,0
4e4898c5d6ac22ce29b5f5a97ee639aa,0,0.40188833962654036,0
8ba038ebe1eb77c81505267773e4a53a,0,0.40187477079936507,0
f4bb96f382843a496d6be68b7b2b709e,0,0.4018124867438691,0
106106992030e0d83e6f1bc9d4054070,0,0.4018073604640835,0
c3b051dbef3b9a2e2ebfaa2a67bc14b2,0,0.4017911688092565,0
589621a1ce8b9302b75d6920dfd7dd01,0,0.4017651253035641,0
3a1b96376a45fa28e4f746ebae3a8f52,0,0.40174357756256757,0
a93ded3225b94e83aba36406dda9dd6f,0,0.40172599840625384,0
c5f0d3a9f49be326dd2b7f48ec5d7912,0,0.4017149206768158,0
bb4eb3edf0ddbba864bb65dec4d8db2e,0,0.4016539636281853,0
15c475271415d78d135bfdf0af20f64b,0,0.4016383738288541,0
5f7f41b160ddb05269c79d0f331f9c67,0,0.40162584280529146,0
f219a745765c59175a89d3c420926365,0,0.4015750309815053,0
1b5b7eced3f241ded2a1eee965d649cf,0,0.40155808079495225,0
9fbb9f39da9ccd87bf143cd0532c0164,0,0.4015329558353135,0
a49c25b37294eaa2f50ba92291686137,0,0.4015280692569143,0
c9ea03d6d70c919ca3e379cbac8299a6,0,0.4015226208620915,0
d3d748db10b6231a612c66b8a633d9dc,0,0.4015184259916639,0
1bf8dd3ba1288d5dc05d4e9f6557ed15,0,0.4014766195214034,0
22259e5811897acb32be121c6c959644,0,0.401474327531649,0
ee29767d4a6d680a395744537ba96b85,0,0.4014538032669188,0
58020f0196c2e407bffe6dde0b3418a8,0,0.40144714447333835,0
158f9d93c09713c984d20a517415ffe6,0,0.40144714447333835,0
df033c6cca61206b057d843131600fc0,0,0.401356273010689,0
79094b0f83e9b40ac65f7aaba30823ca,0,0.40134960988078794,0
ea6000c52c03ccc5d428a2583d056b09,0,0.40133775107944897,0
37f62f45f4aa355b059db858a29fc606,0,0.40132003075501427,0
7d86feb80a0843ed43aef438f8c028b1,0,0.40129370967003974,0
8f7822e4f4fb685c89d972cba79a8b9e,0,0.40128856330355295,0
0a6346d93cbc92b5c7f7d884254cabbf,0,0.4012729847466186,0
383c47b82574d1113e325073815708c9,0,0.4012590979592644,0
af193220ef9da8d32e1c4cc37b3cf916,0,0.4012584229911667,0
9e1a43ff4b344d86253ffc4afe5fb870,0,0.4012500275153815,0
548077252c175bae61888f5d7d48df1a,0,0.4012477702965767,0
4d637e10e434564aa2f6aeafad4eef47,0,0.40124438174429744,0
70ab04e3b57c3906f0773f929169c445,0,0.40116791165754984,0
35b49d5ce0398f5d528c60422241084e,0,0.40115701559536737,0
436fea1a83d713ad2e48e35cd8631c26,0,0.40110023947018014,0
05abd7660c793780c1907b39ce20263f,0,0.40107698889282967,0
4bb2968805bb1103e4ca971caf045da1,0,0.4010446657778294,0
fe9e22b5f00b48c483db9b65082c1d53,0,0.40104380969678044,0
a05e40352c8b77d9b06426ee54764a5b,0,0.40102485608573807,0
a4230fa91579ce60e6d6702faadb73f9,0,0.40101159839308126,0
5d29bfddb5b180b9e7e4e28628829d19,0,0.4009964271554455,0
dd1e9538fb98728cae371bf3a0ca541e,0,0.40098504652330974,0
a9897bcd91b1e3d0ae365c526e3503df,0,0.40097921632778855,0
fb0b0f23796b9dda6d428cac76466b8c,0,0.4009613024683749,0
02fb446e82415f8d22a44a8dd49c1954,0,0.40095576691984514,0
aa67457bb07fde4e952d67b038135bee,0,0.40094576769860457,0
b79939e7b655e75d48b325c460ea66e2,0,0.40094469494660556,0
d78c02cd0949ff38724a310b0fc2abfe,0,0.40093876420985375,0
cbd70d39b38dc382a7104dca8fa6ad28,0,0.40088987308117474,0
0c5c1506b2cf6352053ba2f57ea5163b,0,0.400849987447214,0
84d7806c2f631afc4a50a9d81844c4ec,0,0.4008439511072254,0
e060df3099d550d647a82326badf63fe,0,0.40072268305217945,0
2c764c0bf39fab6c7681ae5f92b99ccf,0,0.4007008885315086,0
2274c5fa51c6d8bc10880c772c3c5365,0,0.4006829826715579,0
4c0c3fcaf24ccb9aa352452e2588491a,0,0.4006694250943473,0
ea80ffd1f7b96035687a4b3125d72e95,0,0.40065369840700527,0
4b92d79a2c7ff2692db35ae984ceff1f,0,0.40063285564635165,0
8b09aa1a501dd6ce1425b3d610d4e06f,0,0.400595376033828,0
3f7fe16073dbdd44c23f327bab3def2c,0,0.4005028252501106,0
96e58d8d78694f7b50be70a1f3c1fe2d,0,0.4004831704573394,0
5093cbb34c66e401239aae0e4a246be0,0,0.40047900831639743,0
7773deb3349ca589ad69538461d35077,0,0.40042714227444604,0
3bd0646f25efe3b9156b22cde6f3c356,0,0.4003965692808369,0
06f660202926f97c1f4fda2b62b64d10,0,0.40036696295657886,0
c1de0c5e90d8ca07b70560fda1f4cd29,0,0.4003661220112915,0
1a5cce05d8d3f2a72731b747359ac9dc,0,0.40030184064175217,0
162588c7876967e252a13dd64ecb3d89,0,0.4002783221657134,0
c67aea5dba36ec8b8b9cd1c16e0fcee3,0,0.4002472673545733,0
10e336f7aa6ab68311320b21b4b6c44d,0,0.40023856798239177,0
b97b1ce93190dbb0fbdbe688997a8880,0,0.4002132650910066,0
dceaacb38425bbd61d7d71968bfdccda,0,0.40020266849377856,0
13734c565ae46c49db28f97997bbcb44,0,0.4001724320784353,0
8060d03e3051ee90e4ae2280cabb3237,0,0.40015654413028706,0
00cd767526517f8a4fc27db6cc5a52fa,0,0.400097419366592,0
4fb28170158ccac4252f5d7572487bae,0,0.4000476978697309,0
ae92cdf74cb350e23f5630d830a7fc53,0,0.40001886530175146,0
4fcc02418b087994c8ac9481d37560a3,0,0.4000033423405153,0
816e808e3042b39419ced774da4bbdaf,0,0.3999376273104434,0
14de92b13bf9340bf251dad9dc03bdaf,0,0.3999267803467721,0
d18226975e699290279749eb64a11da2,0,0.39992415733150644,0
d04a111a139dea9a477913fba49267f9,0,0.3998886247720929,0
b2d94125508fa9d71cb3fa0ab7f2bd5b,0,0.39983212869601525,0
a26863f4bec97ff62ddacb4986543e03,0,0.39981100356383015,0
f7aad827a6ce574b9d35dfbc682fa27c,0,0.399799064525143,0
b1f7a17e4b8df4dc62658689775458bd,0,0.39979040939474453,0
551f97f309e80f9b2c330d7b90e500fa,0,0.3997309504469465,0
24e3344693790428aba18ad6c71d0c4c,0,0.399712583474781,0
019f29cee4d4031f59fed390d3cd0bc7,0,0.399688303691939,0
3c694cd43e46b6f99fb02fb8e1ebed87,0,0.39965942904452245,0
0ae522661311f598df20272643d39ce6,0,0.3996549351401494,0
2774150e9936d809c868608c41cf5ba7,0,0.39965204026041473,0
346dce995fc6c92cd80e64c0bd69c651,0,0.39963803047669755,0
38983aad587a0f0af1374a4fd4e6aa56,0,0.39962933458514516,0
4b58a0b63ba4c62c373e722d943a6989,0,0.3996115811407958,0
c82e93a4d97ffbcfb659c9c42810da5a,0,0.39951542473423357,0
5ba849a3f0341ce2d82476c0c79f77d8,0,0.39950671238372476,0
5d29a6dff682f95a13ac64e233512f2e,0,0.3994526687009053,0
e0bbb10705f6361b27c8b3466b9b7317,0,0.39944958944009934,0
fe171b73cfaddd2f6f9645121662da32,0,0.3993686337215425,0
d8e99fb3436ba8df32bb469189420fc0,0,0.39933383109492837,0
72a44740e8f89f64bd29d50ac46ab7b0,0,0.3993284474141756,0
3068398b4c8aebb510ddd9656f481493,0,0.39930627268852176,0
cc3a29072d934f8b2e6657ca1bdf3694,0,0.39930265828419553,0
7d6a5546075d5e63cf9d8c2fb886bd3d,0,0.39929907900021866,0
eeb83f657fd7e063662951b4da3e6978,0,0.3992800774339893,0
9f78f4914f81f4221a381a7a84f48435,0,0.39927856495112135,0
256c50d7f5553a7b3fff796fed6e39f3,0,0.39918132661946587,0
c3cd83d323f6babbf0a03609bb7d54a3,0,0.39916701348387634,0
5962b3d00e5c411c4939c732442af00b,0,0.39914324980432564,0
b66566b5b58308fb54464233bf58d1ad,0,0.39910067276084826,0
3cca48546f28433a39a3f3793fc5e0b8,0,0.3990800871242687,0
027e682a11d8db5a162f01e1b59700cb,0,0.3990769739499521,0
6176a6ca3a8d75da8e99af5506dc8497,0,0.399016741299161,0
7ac40d04251173596461f1ab8a23ec1b,0,0.3989978333649092,0
5d76af7047f41670ff622957a7c4c908,0,0.39898928851374144,0
9d3bf8779575fe1c011707d69ede3a95,0,0.39896704564524993,0
9b2efb55dd99203d79594dd9f4db76b1,0,0.39896005337805973,0
e58c0f78a7e98fbed6df464265855d37,0,0.3989356967860557,0
8354efcda5b838cf6203c9b135ce4e0e,0,0.3989185267451953,0
dac5a1cb9310e1531c38624d1cc518b9,0,0.39891675525177483,0
6c0d12ea45068c8e739a20b7de2995d4,0,0.3989153779948198,0
320518c1bd52576db66dd8fcd465ec55,0,0.398901957913592,0
575083d1c98ec2938a00cd179a40f3d2,0,0.3988932219613627,0
51a59e5535d7248b0995d628d4e159d3,0,0.398858356712727,0
05a2a8159b5f30e79614ae9e14cafc4a,0,0.3988293363038313,0
3883f79ec3d786755e150cb2f9af9f5c,0,0.39880993278116295,0
755c7b24d4e15e3846b3210250a21a8c,0,0.3987858619742936,0
f0fea25c4f9699fdea475623bafae0c3,0,0.3986967802204497,0
bc864e4c1d00af7e934a0805dda79913,0,0.3986816415070627,0
b19394c18927e992df2282c93b3be555,0,0.3986780925851221,0
e47096e6fb17d6677ccaee302afc05f9,0,0.39862119767468746,0
293b791060422a836254019d2e994ef8,0,0.39861235820186847,0
97f6bccc8a818d0d2afb5de2cb2690ff,0,0.3986108983973392,0
7dac7097370c4cf1b3f4d49108f20a87,0,0.398524278298862,0
8ee172edc2158ba15715f463ca98b0b6,0,0.3985184391426294,0
51f2fbf8f12d68d2567a247fb4829c79,0,0.39850503889421124,0
926787c5cfb981acd2c82fa388813421,0,0.39850065799508955,0
594ede005cff2f26d4164325737a49ac,0,0.39849015009360716,0
177014bc78f1488de6c8f665bc9499af,0,0.3984607021345552,0
767f0c47d527f7153df994240eb12411,0,0.39842994221928574,0
d6db3091e8c13023bf1e6d367b8c0847,1,0.39842984290907074,0
f232e6a55d60632661ba39564ddac9d4,0,0.3984009247082584,0
aa2f0d6598d265b0cccdd1f401d1027b,0,0.39836096656730424,0
6ab204b2ec892166b54a2821852e7c75,0,0.3983570555249467,0
e232239016bf8e25c8b619dd9017bbe3,0,0.3983126044068793,0
e5a28b7fe3e163855d0b0241bfbe6160,0,0.39825951947137633,0
c6994523bf0a5d3aaf5c442bc4fb2c56,0,0.39824126784571107,0
c2693a7cf9b97a0d610da608731669c8,0,0.3982393230532199,0
ead869e6bbe0f75457be40f13c31ca35,0,0.39821212721601557,0
43294442ac7ceaf7baaa4e0a7c63647b,0,0.398207747652393,0
ef0289314083f763053d7163da20fc7d,0,0.3981859128108663,0
718e75787e76d665818ef5b40f217c75,0,0.39818501916278887,0
b23384f34fd9dbcf6018e0e4084d3fd5,0,0.39818034474065467,0
0fa31a0880fa6aced72b677f0c661ccd,0,0.3981176804206177,0
c8b9d96c38916a738b394d87b319d41e,0,0.3981100411548978,0
e76c6b66892fdab38f6bafcd081e034e,0,0.39810401865993333,0
8edc35218531d9a052c6e1f0d1327e6c,0,0.3980664505509572,0
fd1b415c40a23f412c00665714feb17e,0,0.39805434621688623,0
20f27a24bb7a184464cc32665e4704db,0,0.3980517605877521,0
3f6d872672557ec732e5e12bc2dc885d,0,0.3980437905967824,0
1703f96b2bf04524c4d90e132deac47a,0,0.3980323793916749,0
4c09b626998c22c926ac93fe6501ca31,0,0.3980314030922483,0
b389188f45e7a61bea039b690dff2244,0,0.3980195436082991,0
eca8832cb59ec8fdc1b4a0641391c7cd,0,0.39796863866736065,0
56f2dae7f42545c864a7d15c7898fc9d,0,0.3979360120573306,0
1c062f62b3e67f4bc9095d332452a2b4,0,0.39792701408225045,0
0d792631cb6270d60cb2757de8ef4a90,0,0.39792701408225045,0
7ae0e594289824e46584dbdd1aec993d,0,0.3978880670672655,0
79012e6f4c5ec98843e88a974f6272e4,0,0.39787799318704636,0
877b70d8c09bd5bf687aff860ffd40e7,0,0.3978257032242905,0
ae2a13be52ea5fee673fb7f720e856a0,0,0.3978002742001937,0
97815a7fb6efce9322ee1a17afeb1b96,0,0.3977974444929901,0
36023a7f667578e554e3a308c9d17598,0,0.3977891044554106,0
5ca22a63e82e98f994f7c7a27635230d,0,0.3977667795135291,0
d2dbd5be475f37efe006c1de35e5db92,0,0.39776637776080026,0
d301560c76f99987077a8c5e068cfa3e,0,0.39770672290495085,0
73b4c987cb1f7a278751f2d1f60d4305,0,0.39769219840672515,0
93056b9326e069742d38238a4f6b89d9,0,0.3976132851102944,0
acefab7e230c98e8eb1f0df75a99a682,0,0.3975823193159413,0
a8baa4a063ca9dd104ecd654e717ab1f,0,0.3975781121776427,0
ef5b6bd043a757cd031b4f43d499a353,0,0.3975748816242494,0
16dff0079294d5d060b4861db3614d4c,0,0.397534840192268,0
e5cef8af2d73f942f323232e2ebf08f4,0,0.3974703903307235,0
27a846eae515192b9c7c37ee36d51404,0,0.39744354831417494,0
60b488ad8d8847aa531af7d7f065e4ee,0,0.3974279061316888,0
bcbcdf6a5c1d0080b661d12b5f09729d,0,0.39740229512250097,0
18e5c815bf3dd30fd8e56942c573d61f,0,0.3973966858216895,0
9104a97ed58d6f4e79e4f42b73373a11,0,0.3973211493758419,0
a56badf4b7de38af642df3a2470378c0,0,0.3973157371991832,0
55c84c3a6ed3e40b21b2c40a7448d774,0,0.39729830444454306,0
931a169d1e15a0d9cb3dc049e5428d58,0,0.3972869522786389,0
59a61650c717d5acdfed0912e5a6e96c,0,0.3972503577117947,0
3b718dafac17bbd4d4b6a6161d75f179,0,0.397189365442352,0
e6f55aa8c9c52345d6efea82198d67d9,0,0.39716790515932504,0
298888cf6c1dc18e17e944817c30d579,0,0.3971281937695636,0
c94edc4af5621bb5f8c914b3aae0d428,0,0.3971045695007747,0
60e0627c0c657fd6c6999cb0eebe0c62,0,0.39708030983127873,0
628b9d1771f6b4fcc22daf2559baa7b5,0,0.3970447298872183,0
e1dc04d9c7409bdb78bf89102616f7de,0,0.3970207014559871,0
ab25d363a5b33a527d3132d14579ca70,0,0.397017037788979,0
a8013eaed72b611329bef0ecd67267e1,0,0.3969974328056678,0
d1106d2d918751f7a04b258f7ba6615a,0,0.39697686884484973,0
502560a6fd69bb140e01b0feb5eb0b61,0,0.3969654715823318,0
af51e8dd1c30737ba2dd0ece8cfa294d,0,0.39693355318739504,0
220d6d0b622a3b6f6bbe074ed9b7fdea,0,0.39693336153525643,0
f332c1d5685eec43975bb006731adcc4,0,0.3969262599925407,0
0dd971dd4cd409105778aefba5f7fb38,0,0.39690419982093716,0
34741d8ad9e21e04bf0d49f8d76727c3,0,0.39688954733981674,0
b87a0c6d08df2e6ac2a9f93a48637ab1,0,0.39686721420530297,0
a37d2247365b2a9cd6be7f9ed8a640eb,0,0.3968556675136767,0
2f2bc963a0bf88ac75287e5124e04c10,0,0.39684600495853545,0
1e6f0994c009e61f06c1ee96f53f09c9,0,0.3968005713571132,0
d3a7a4556becaf8cdb5ffe412608819c,0,0.39675860678383323,0
8274f41708ee0e337a2efdcd61c55b7f,0,0.3966442798279101,0
b4550db0dd0acc01ee218ec3aef8ffea,0,0.3966434385842239,0
4455b60aaaca6704a9bc5293a18bd636,0,0.39656066921898603,0
14713b16a9e8f5b7732763d7f78d3220,0,0.3965568512689485,0
e332a76173be0bba3419d75a561260b2,0,0.39655400271061314,0
b78b62961e25d84947c5cc89cecab2e2,0,0.39653401346278794,0
2d2dbe464c4901500b3a3ca4efcb3425,0,0.3964948743098536,0
fc6c93980264a3d9e80e62abadf2e6b1,0,0.3964794017956353,0
8b836b3d28b3f937368ff7f6303195c0,0,0.39645221340734504,0
41d0b6904c9b4b6e0431a0bd2bde13a1,0,0.3964075650374709,0
a8563d0be40211e2527f8b80c24f4845,0,0.39640261648141933,0
deff2c7ac22cbeadd688e67271ba57ba,0,0.39634328734869423,0
a621c2c0af1dd7269c1ce20602f1bf9d,0,0.39630033485554167,0
430aa07102022a3a0c84bf3a9d6a9961,0,0.3962280271668638,0
0103751df12aea8b962cfbcd2b61104c,0,0.3962193436180337,0
3507c77f8283bfaaaa00e46514f8ec9d,0,0.39621599719156336,0
71fc2f8d69ca53561f99cc2eac8395ac,0,0.3962023450983203,0
cd330e38c1817294f67186b458cc78a5,0,0.39620008362513554,0
0cf73b29318798ac70404dcbfd8609b4,0,0.39618141937939133,0
2b9d75b098e314b98c6d5690982f723d,0,0.39616344315750435,0
3ccd53395855932e15e05b77cfb60947,0,0.3961287451882767,0
d783ac25156525495cc6bcdae28ccdc3,0,0.3961237523840398,0
0815bd70689b5bb8ba3993746c9574a0,0,0.3960978422861351,0
790e20a4251cdfeef738109a1f4936b7,0,0.3960929624319501,0
57b5598b1181e344c027ecf8ef6c6dc6,0,0.39608597311335236,0
0c5e206ec36cc859ac0b248f2ad72e6e,0,0.39600109061617383,0
694d80d9924784daa43b1482ccda0af6,0,0.3959694119750522,0
4b5d6446476ed8625ccd4e5db7a04aa6,0,0.39596009026379214,0
06791add1b4b5c8530f8090bb63bb2ab,0,0.39596009026379214,0
35bbb96d850c5f9ab81302b4dd1670c4,0,0.39590145180458025,0
f0a1a51727e953540b3edfa8e9a9459d,0,0.39589756603985854,0
dc93a795711b06b177aba91bddb79be8,0,0.39589497133764323,0
2f9d8025a1d40981b6ea1b631c8bebb9,0,0.3958069929537958,0
360922481ea6adad1ec886b6deca1d03,0,0.39580388308205494,0
aed3e03b42ce7b4958431e118267fb95,0,0.3956600182789964,0
6eca2d2de1ab398dcd92e20d047fcb0c,0,0.39565852787452516,0
20ae758fb6688386d9d1540f63d380e0,1,0.3956345282693848,0
584f08e130665e4767876b0459e75931,0,0.3956009317168936,0
be18991fe209e908abc211eee04dac81,0,0.3955915770443405,0
8f42b5265366c2d072cd4adc52c87f3b,0,0.3955126214026552,0
f3da9b68d1719c69ae16534c80a71d83,0,0.3954575662401142,0
489d5ab0a3e3ae531f9efa5677878509,0,0.39545325609123244,0
15072151aa98cf4ee2cccddf6b87f080,0,0.3953966818851513,0
9f16fd7755d607cff890d9af2f212340,0,0.39533946631596467,0
7677f9cc63a115549811ab121f34801e,0,0.3953218254604155,0
ded2c5cbdf74038cb0ac494132275052,0,0.39529738522634417,0
ec48b4e88b9a638a12b3e490e0e2f50e,0,0.39529396325907873,0
9b4cb2f18b8f2cb6adbd4294ebe8c24a,0,0.39527110096526386,0
f80a32cf757a7187d6b312e28b4f831f,0,0.39525123259662986,0
8cf1bdf074a4a6e5fc61800a219dfb08,0,0.3952296232668517,0
82648480e2c829a287c7c2c737f7978e,0,0.3952040403469547,0
6a1ad41ff798697a116a2c59e5114eb1,0,0.3951827017567193,0
02c77985e45aa50795362b8a2013aac9,0,0.3951688489233681,0
80a4b25c05a87abc564db6b8bafd47ab,0,0.39512368612061294,0
f99f4e4db672e22718b5ad0e910ede8a,0,0.3950946700587433,0
76e1e9ce9116c736191b902441e4cb11,0,0.39508870985062927,0
8b8d49f6546c2ecf433d3c94bb17a6e0,0,0.3950206597036036,0
e96c10f142f3a616d0ec9c73cb3f0a98,0,0.3950115099762167,0
2e73f2a365d0f54d1f7743f110dd7dee,0,0.3949835834501005,0
d0248c662a32d91e0021b5bc231d58c2,0,0.3949762586367455,0
bb50112c998293f45f49f49704165768,0,0.3949132347775257,0
e2248a877fcc536b706ddae3a5057112,0,0.3949130635537896,0
aea1294c6b907b03c670cc2ddef0e056,0,0.39490672700361035,0
9778e26146f7c6ffe23c65ab43326bfa,0,0.3949029774780955,0
0f0470ca2b9c77d9fed0c4e9137af190,0,0.39486082136152567,0
ed96ddef619d26be2d39af9573b78590,0,0.39482524325569796,0
5db263994edb3b2ca1efe7474793bf82,0,0.3947905228454607,0
a63bbb542ab783d6eeb5b453301dd07e,0,0.39475027954297787,0
7c109fe64245f4bbb7a68a877c45f637,0,0.39474528909395407,0
059651e2ae17025bfe1e9aee451c94d3,0,0.3947345923604917,0
1f83c87997168e248ea52ad3453b069f,0,0.3946966763183296,0
d98e2747f77e5fc12e8b76da32a9f308,0,0.3946458866619673,0
4fec36fae74fed9693516946dd472e67,0,0.3946457043986123,0
44f8def4cd4563e772cb964eb97ad730,0,0.3945698029805184,0
ff1df81c3678c2b8a865d90c7ce89df4,0,0.394497709012367,0
db02349a8dceb69414ac2a0e682c838b,0,0.39449142534040565,0
42e2e977ef7c9e55025e1f6eac99e5a2,0,0.39446985503602366,0
0d72697a4108378b07a8c32d8c6181fd,0,0.394394171678721,0
a386cfbe02fe676d118fb356ed6c0cc5,0,0.39431722087185694,0
af59b09d3ff297a070bf2f2cfe962783,0,0.39431513790035205,0
866c923cde750dfc8cfbcf9d5ced0ee4,0,0.39430130147578435,0
462653b881bc123b46b575e760a61f05,0,0.394282677497336,0
63fa3dad6bde01314fc7e125df83fd00,0,0.39427966288746674,0
5229b8e4d7d2b9b676c2083c17b1ecd0,0,0.3942513202124529,0
1b0620623e20fde7c0f9b0119bb64db4,0,0.3942334965469187,0
2567fd8855dc8ce8ead37c8131414ddc,0,0.39421129849630915,0
714b82af6d4618c17918159fb710789d,0,0.39420738283315343,0
85c835d128beae5b4ce8602c491bf385,0,0.3941334138940366,0
75e035001879e8de78a597ae043c1688,0,0.3941155710184096,0
1e85ad2cf60fcd8b3668f0f9a403e846,0,0.39408698664236247,0
43d67f7d268877f052369ccb05f70f34,0,0.39403504096902925,0
b576806119d9c13cabc9cd0c95158c60,0,0.3940340533056539,0
d47283d16b3a0e7f303f7f6119b23fad,0,0.3940081175145474,0
1a41dd496b43b7d421b9f487d8c51a47,0,0.3939634262728894,0
2f5e8eac4bb8769b51998b18ca267afd,0,0.3939518269420318,0
5c97a78a32251458dac4d675c872a9ce,0,0.3939406250141269,0
de166e0e5846bcc902deba22ef24bd77,0,0.3939377912863248,0
0096c9cb600a08e601f7c2be6734531a,0,0.3939148787401916,0
1b21065c3bab9088f045a28fda55a336,0,0.3938612675874015,0
4f034a3aadb89d23a7ac701def40bdbc,0,0.3938610970114022,0
c5a755e023b897c5c07797f768fc2e81,0,0.3937968360835936,0
cef1d9676dafcd1c21483e3acc8c77ba,0,0.39377195711793245,0
68abb22a309ad287caedcb7c8f556a63,0,0.3936783309015402,0
f12b71c6e234e45a85bac3b4f6d9273b,0,0.39365402262941873,0
eb69ead1e0da68c941a67677f6a39f3b,0,0.39364163334494123,0
304e7ff75ebe5745d25c7fc7d7623101,0,0.39357438392627175,0
266ae48d39699b688fab56339e81c2d1,0,0.39355659465921095,0
429033ee746368b1bdeadc210a9a165a,0,0.3935433554831477,0
a69911fa160e2922447fa1ca4708e8cf,0,0.3935367153781937,0
c8494ca706f70318c49ac73f0d3fa1ea,0,0.39352681247742444,0
945448926041de7239b918ca3b24f0e7,0,0.3934834075330925,0
52242cf8937733d3fdb54db6720db653,0,0.39346715068330607,0
99000f7568bf12a64b4206617e0e24c0,0,0.3934633426205516,0
807444dfb525ec7867f28babad34503f,0,0.3934471890753292,0
41b69f4c1eadf53e16c4390c6ac2551b,0,0.3934375801130958,0
20d0ab366498582caba0287df65e5990,0,0.39337109801860903,0
fde6994db8fea368850378a9e1e55666,0,0.3933358576981755,0
a6914c0f619536c2635520e5add5fedb,0,0.39329213432900667,0
a2b25629f92bcc296b154fcd7c1401cc,0,0.39328021988376266,0
433d1adfd69fefdb5dff7a06bea549d9,0,0.39325067405188685,0
67e17b43008b31b692bd7fbeb7582126,0,0.39324663030216095,0
fc99653b0c5f9d1fb36e3ad3d1accbef,0,0.3932273838390472,0
8d56fea76b9680121bf22de752787277,0,0.3932140664043616,0
2d0301ff4c32ef70647295dfbaba7116,0,0.3932007341490212,0
46c59f112858ee897d46f8e43af4a336,0,0.39319049182723753,0
a9f5c3a79712c265b684072569b2c468,0,0.39315480643580064,0
c351fc20bfae0e5f5ed16c91d3bdad68,0,0.3931547545334602,0
a0f206c2c1a4a8f15e1fab6fe953603e,0,0.39315313276442115,0
58bf69d651632f0a65f9550935e881c3,0,0.3931447792534419,0
025e4cdbeeffdff36f7f289a4b714965,0,0.3931178050410878,0
effbcd5686486e99ce71e00e0087e8d2,0,0.39310941493423013,0
2408917d65de5653f636d4ba42d45b4b,0,0.393077030907916,0
6286f40d6639efdc3b8f0a4b2cbb2a0e,0,0.3929885318543371,0
adcc7fcc48551a2fc5a7965c409f7af5,0,0.3929578577297585,0
bac3c6884e558760dc56569bbb0b4e92,0,0.3929517157845963,0
364cb4f2a41aa84eb36090a25f26060c,0,0.3929374544421457,0
98f682d840c4f2cd3df03ddf830a47b7,0,0.3929332636720846,0
2f7cd4e72a3d6d412f2ca8cf15381e4d,0,0.3929193142596505,0
eca0e6bca527ec363f29c5d038215d82,0,0.3929157198526154,0
5a7d9eb6ba2ea2fe7b9a7f1640dc3876,0,0.3928884067720556,0
f64882def8a20e86033de3d0401515c2,0,0.39287893556954095,0
ec980e080537095bce473c5265771fad,0,0.39287294623799407,0
f682632acf21dd2666ccf52bb9dfe584,0,0.3928706991541916,0
8930b5479cc98921206e7f37545c55ad,0,0.3928406570274463,0
9e89d2232df792cde636a47212a9f2bb,0,0.3928243833032972,0
a08abf6ef3509b1e3b0e96bea4dbe96c,0,0.3928075028712319,0
03dca8ea786a4ed9cd2397ae25af721a,0,0.3927908738453734,0
8cbe7a34a4ffbd77bf1e3ef1b52f2dcc,0,0.3927790355363948,0
707257a882dd061dac7a3b6750bd9bc2,0,0.3927463742511079,0
2a8e9a7b6d67b448707d0d7ac6110b9f,0,0.39273339237128446,0
2f773f0baf86e08ef3d039747121abe0,0,0.39271497743660794,0
8a41984b859c987000af5060ffa492ae,0,0.39270769303596587,0
4d27b5e8b1dbf35db62bd6891f7fb0fd,0,0.39269823020626066,0
d3b7b3c1e6a1e88e1d8f2d0131acf460,0,0.39269738503483376,0
9c3274a6235bf31b373a577b82d50d29,0,0.3926799747956472,0
5700e3ffb7f0709a625b50dc0f0a3324,0,0.39266777196131075,0
44398604748742d719bcc524c9bec731,0,0.392635966751327,0
7d5ce4cdfde029c9c7f0e88429c9e4fb,0,0.39262773962238234,0
9a3526eee723accd014ec683afe5bf20,0,0.39260131897161965,0
a3714f108a1502cb543cb3ea3b9942a0,0,0.39260104974465293,0
9ee9720bfbcd3618785ad0353fb1a289,0,0.3925717580677878,0
2e7ab114267a45718e2bdf68635d45a5,0,0.39256981934989577,0
264ced2a97dc696bd8355207822e8182,0,0.392568278958054,0
c2e6cd02e75e83ebd8c81a89f2209b56,0,0.3925202395271124,0
0206119a2f332d97fb68a9c1f592b2dc,0,0.39251366754390377,0
a177570db04b05b83f8f97293cb9df8b,0,0.39248961576097763,0
80172250f4b01859c09d7308e3090a5f,0,0.39248833651935944,0
ac57215e1e95735cc99492f62129bb7f,0,0.39248449568458194,0
048afeb603cb6f95968487df5fadfec7,0,0.3924359010481219,0
ad7b5f94505bb6e093dd42152b62e036,0,0.3924105587142092,0
c3db10f12ce959f2eafb254f169bac4d,0,0.3923236497209767,0
ec9e900701d77c016edd8c864f03fce0,0,0.3922956042720805,0
2e753a8ca566fe42ad644446fd5c7be4,0,0.3922810357391719,0
8e83592cfac940307a4f9b8ec245157d,0,0.39225826178076245,0
78bdad0413aab78e0d53f2efd6dc69f2,0,0.3922378586725147,0
db8f18483f0428ad7715d5cdc30dea06,0,0.3922290707983675,0
4fa99df9aa1395567e37079b9c47f7ac,0,0.3921896900264941,0
92c9525f9e8ef6fea7690651e1ebb377,0,0.39218745432059277,0
3876fbca6c768943f0eae43e390256a1,0,0.39216906405579594,0
5cb5e010562f6856f97ef2f67b223f70,0,0.3921376882944886,0
6771013326c01004a0dfee208f0915e2,0,0.39210723141355996,0
eaa192a5c3ec1fe7b69598646621fe63,0,0.3921036064359924,0
128e4b25ce222d138da346b4d5f91bb6,0,0.392076235248331,0
81b78a4d236acd0b23c624452064fcba,0,0.392044236919893,0
81120071afef533fb284707f3d076a1f,0,0.3919971024634668,0
ddcf879b970abe56ab899ac045120667,0,0.39196626371793253,0
563d2cc4ac6801a20405ded1ad31dd83,0,0.3919555638007732,0
317ceb9e0c7ab908f1844c0024878cb9,0,0.39192094223824786,0
fbba76465bd26dd27b80f546d7d4c561,0,0.3919203226193536,0
a1727e8ca69356e86d3ca24cbedc6ebb,0,0.3918790494540658,0
736dc726fbc37a6c2f3e3274fe084922,0,0.39187402253305104,0
5491dee0f317e6d8d4dc76ece4eeeb73,0,0.3918614583802213,0
917b87db8d919a371b8bc30c6ba49cfc,0,0.3918348533280532,0
9de8d8f634de6e6aef706a91280cd76a,0,0.3918160473511105,0
1e7383de60b7725b15ba8ccbc0fae3c2,0,0.3918043473373117,0
10f7d8da052ee379d66b087ab4463e63,0,0.3917797390433867,0
8040b6b69f77f454c1969f6f687edce6,0,0.39176579960302,0
91edbad4917604a9a24f004c02d788e7,0,0.391736683845797,0
702176302a39135b2be89681a80fbc32,0,0.3917257398694987,0
a29ca82b322c504d2b21d483b91fefdb,0,0.3917247925456024,0
a95d231f95b332299c4134d1da77ffdb,0,0.3916028821621047,0
a1f23e4dde67cf0cf575e23622008ab1,0,0.3915867008781823,0
c75ab79eb3eaaca757f3ce14b8afed74,0,0.3915791664137929,0
a4ef152fb11bbf554f033ec7e626da60,0,0.39155619280517534,0
bcfdca13b3b657eeccd2528bd38d0425,0,0.3915462475484577,0
9fdad2ca8868642222d93d2bdd1f4f37,0,0.39149915281070125,0
57d10094c3601410c6c52853ae525498,0,0.3914622143830437,0
63b6869819505cd39cc9ac34ae18b0d1,0,0.3914611113549433,0
67b8641b608c7f0b17bb555778f0e32f,0,0.3914516996801022,0
660faf14e9201af9e1c4f65968010944,0,0.39143140658494624,0
c7c57673fe2bd1823ef2ca06c7591df0,0,0.39143001391676036,0
08e4025ecd49f87c1d400d46a897313e,0,0.3914274933222258,0
afa4fbe424bab6593e9a8395836966ef,0,0.39140469704218933,0
0470ebb9e656c572e40382c5e64b82df,0,0.391401131019755,0
4f96afde8e7c89d59b2853fdd05e113d,0,0.391384810448448,0
7eaa86786b5955ab188db287f4726d79,0,0.39136558073636774,0
b9927b07633ba3f3e40e4fb8ac1c5136,0,0.39132757337012936,0
49746c4175293e1bdab705a1c0a4699d,0,0.3912500914199306,0
4c538b33d3406cba58b48c10dc66ac2d,0,0.3912347473686554,0
238b185ed0913daa484898ace5e62c11,0,0.3912208817728953,0
813420d14581bd869f6a532e8bb40f5a,0,0.3911936996864629,0
dc44f10ea637e0a1bb5b67f76654c882,0,0.39116409761744836,0
bff448abe613ae8e4cfc345b8bfd649e,0,0.39115745442321376,0
70a8db6a5ae17c3a4e5df68bbeae451c,0,0.3911510746247437,0
130b2188edb1f787582e779853a02bd7,0,0.39112150636072346,0
8066741f85db0d4fd39d0e085f9db5ef,0,0.39110766428536103,0
e16d7091d21232b86422f61683e8024a,0,0.39106186238074997,0
6979fcc892196af0236d41de9e17096e,0,0.39099550864742444,0
43ac999caaf5ea6271440d391d4e9ec4,0,0.39096786280358076,0
78f40d39d4a401c047c0c26559e7775a,0,0.39089857810097595,0
c75fb5680989856542a441c1d9e3175c,0,0.3908873613132298,0
f793d2815c27a46dafc9c92a1c960103,0,0.3908484147862741,0
3edd72aec37d086eb6a7f71f6974c488,0,0.3908292675119503,0
d9052d131200e3be8a046238e11a1d84,0,0.39078134876366244,0
3d49f761e44ebebcb158842823225597,0,0.39073183264508304,0
3e405d6de3c4ad057fabc8a03be353b0,0,0.39071740682784034,0
3bddd41df369aca5ce4df4352c93cd95,0,0.3906988680561461,0
14730c28f41ecf39e139695d13c836c9,0,0.3906898763531918,0
bdc2cc2012501964d91a027f76f3d377,0,0.3906870581962326,0
907b09d579b1175a474967084aed4ac9,0,0.39068594924676514,0
b5447d364a6201833d7e004e22283a6c,0,0.3906733444095158,0
ddc9f46f410833e764302f8efbe87ead,0,0.3906386199982048,0
b28a2a196e0b078fa4b86885041b4ca6,0,0.39058198418856477,0
1025bf870ecc9804564c89a9607c23c8,0,0.39053513670586565,0
55fd57195ae0bd2ecf368bbc4be6ad96,0,0.3905031159960968,0
cefbbb1124978910bb96634fb9fef97c,0,0.39047843847319397,0
d172060f03b2863504103b5a0e9c8f6d,0,0.3904530026040223,0
314945ddf0337d5bd23bf42a6873cc15,0,0.390450209746711,0
d6ae86d5d5288d21d85bd5ad260ca140,0,0.39041327379432145,0
0798b226f964052f8d0201c646d57df1,0,0.3903862115599498,0
58325acdd6f37b9190303a387572b5d5,0,0.3903785244121984,0
7c72a48460762de7efe57efe71dd2324,0,0.3903591040520417,0
fabfc93dede309db1077892cce692b5b,0,0.3903231447174562,0
c34aca68734dc3570afaaa0fc4fe8e54,0,0.3903148390967655,0
f6a60bb10ed8a46ea1d002545eb6813d,0,0.3902965105098527,0
e384888803fad281b6d49ffabc98786a,0,0.3902651718175992,0
dad5018ffc0de85eb72f72575b552784,0,0.39025826009871395,0
cce4844652ee1faa10ced9ef56f0b005,0,0.39022301860304526,0
77097e2d15af9ddefa213a0e3f154466,0,0.39020316898164925,0
fca69aabc006a3ebaa32c75de53b5c57,0,0.39014423974597584,0
3065271ed4f6763475a4466750414c23,0,0.3901354649885237,0
b361becd8599cf3c60683828ce6268bf,0,0.39011729291762887,0
81e1e6fb1bbc3a061c8c5f6c9ffa9650,0,0.3900947614734037,0
1f0509052d3043f28b3b508a7cebfc31,0,0.39007102426064033,0
855e730893171da01614bf6347acaa9c,0,0.39004160422046935,0
b06f1c6ba8464e480ebe5a10d8ddf25e,0,0.39000423502576564,0
fbcdde84f6cb37199464d41c8fc0a63f,0,0.39000150056522187,0
9891a0b954b46a998dcaf4ec71b89a49,0,0.3899925604934638,0
6528793a2047ba411c10fe4d9b66b504,0,0.3899425156183391,0
8a2a5d47165b5d564b6062d35e6efd4a,0,0.3899072037902155,0
48c9e0aa6bd6ca010174be0199e2124a,0,0.38990219702796713,0
5cee086dfbc266298d558c29d8809b99,0,0.3898775266032237,0
dac388d1802f7c9dab198518fb44753a,0,0.38986257080520365,0
8b13f98a3be1b1d3651656ee73f03edc,0,0.3898483699124819,0
4d5e9c30fe0d640437fa60e0f25629d6,0,0.38980160783048634,0
f1a2a1327440c4f5c0b364e1144c6d90,0,0.38979921513070936,0
af499a728751b79aceabe7f2d2a84e81,0,0.3897736597041806,0
80c90ad8b349c3d26dc554492c280448,0,0.38970138185367864,0
d5ef13f67eb8a4287538c0b0e8eae171,0,0.38963968496023366,0
840fad2e1607d3f426debe582c4e5586,0,0.3896086998987471,0
80cfc1c16082dcb5bab658bc44bac0d9,0,0.3895880864252612,0
0d46fe250a42969e1c64feb1b8747159,0,0.3895826725315886,0
60fd60692eb28ef0d4bbf5a54497ff56,0,0.3895817566647109,0
15b002c1c3d9aeeaf558ae983635bf85,0,0.3895659213331321,0
2df1d02e053e5faf28d6d408aebd07c2,0,0.3895563126539387,0
5a0bc0697fe1c45538c3d834182ca653,0,0.3895530989478651,0
237b5de0ef8f93ba5e0462378422dc70,0,0.38947481104197434,0
b2990d3c2634f34154748086a2767506,0,0.38946730012254904,0
1057fd6817f767701286354dbebef40e,0,0.38944688313317294,0
607cc01fe70bec41bd01dc3b76cbda62,0,0.389361218034334,0
f12659cf094e33deca32845c21b114a7,0,0.38930169234778905,0
a60f1a0f0cd8fb2f1f68348c98841558,0,0.3892514404475772,0
7c432cf28b7a095c016ea544e873f19d,0,0.38924491390422084,0
28cb4a455042c8a6ace6790c108b23ef,0,0.38924252244180246,0
43088e9ae1468ae7f8f6bd222b6a7329,0,0.3892399815223423,0
699aff2983d389bf9428aa56a378085c,0,0.38922084471695206,0
f80012f7de08f2be7e627cad3cc2dffe,0,0.38918865933120506,0
bb4a329975df85aa69684e124f0b48b1,0,0.38918027333631555,0
0e886f63fb3e1d3a7c0a56bbab8724c7,0,0.3890506908429278,0
233437b93c3c0e406a565e0dc3d5aa07,0,0.38901629962938894,0
adf4fe4a0c7455d38ce27058d4b85f97,0,0.3890086607496495,0
980d5cf1712cfdb0b336e4a1244dbcba,0,0.38895866923353806,0
34bc98021d19b1f17b277e51feb07f9f,0,0.3889269208625678,0
76d6d5c43b1fc7066b46e93c1288ee2c,0,0.3889026265958073,0
be1a2721d896d969ea8c0fd4ec0f2ff0,0,0.3888553138693649,0
0342671f965441203a37ba45931e64d6,0,0.38884595196903776,0
5287a4cab834a71675c2beee5b2a78b8,0,0.3888086279260405,0
83132b57a9cce2595f648b5f8153d17c,0,0.3887990789520807,0
721456720e9daf276cf059935b7ce096,0,0.3887596580750453,0
025bc857299fac3e5c699322d2a1485d,0,0.38871675222286944,0
cc94f9e95caa64ae1fd7166494106054,0,0.3886993907867718,0
3dbf2ee8f924d2c424480aee9f5f69ab,0,0.3886965336055767,0
379db5eae5915158d0455e97c437f5bd,0,0.3886894049193013,0
529d9a64d59d4626fa19d4f8cd385d70,0,0.388681015825572,0
6d35c6b2d82893a68275a4a40c7bb4ea,0,0.3886461850737581,0
c23807fd33ced021030a267cf0193ca8,0,0.38858795629218484,0
513889ac65a4388b242913bdb45533e1,0,0.3885805536441166,0
96a720d3e5d42e6112b4ab920eb0df85,0,0.3885353508750518,0
563e700163aa2df323b1251adb24f789,0,0.3885079119941143,0
33092ee3e3cf7f00eb5ad1ce9498b141,0,0.3885062452223216,0
bc6839208cb211872c9e1909676cbd0a,0,0.38838722387204394,0
5a48e68daf6419abb65cd6fd1c03dda3,0,0.38837363814877957,0
5d2b8976970a58343a90136af70cf5fc,0,0.388370843249528,0
ae9aa8f93dbf03449fa4e27c27a51b8f,0,0.38836385596785994,0
4888a22959eb15316d48792aa7a4a88f,0,0.38835021324354796,0
a918cb24d1e85182ffa5200ea39efbef,0,0.38832934282968834,0
c72567dce9df39b8307a84ad3bd28b43,0,0.3883155054884726,0
7397210b6b1c62f455f2dc7f758fa74a,0,0.3883119670365083,0
bc53a865b27f8a5b0964062e19a934f5,0,0.388294369987968,0
07849663dcf359516f0619736716b7c5,0,0.3882854162658922,0
5d01d11718c17b35308465a0c07c9c3a,0,0.3881953986648635,0
547f444dac7d970761bfe5d93dcecd67,0,0.3881860894336759,0
0aa2138f6454dd54a78537eb8dcd6ee6,0,0.3881852670603727,0
a8ce57ad761366c926c70443d813c172,0,0.3881752231949168,0
f5b0285002cc988e5694855a11a1132d,0,0.3881690109008907,0
ea7f7669eaa892c233c5f408ee0f389e,0,0.3881643371224354,0
15e0f5e3fd10fb235acab6d62a9cf84a,0,0.3881396327039285,0
1c645bf414ac90e665558b8cfd8dbc02,0,0.38813471699796603,0
16e05efcf67a32b7c2d15d63c6893f53,0,0.38804951828595097,0
fa74ed50f1a843f0316b5c75666b076e,0,0.3880209439755441,0
cfe3afae435863f0eb15aaa90cfa4246,0,0.38801648300871455,0
0a3ce869b8386af24386cb035ce6f2e9,0,0.3880102276723469,0
c229a48608c20646daf2f81656093fb5,0,0.3879577489644833,0
0d36922553ab8b00e3d5acd0d1ea0abb,0,0.38794758748266783,0
e83ca85f8176c4497377cff2cc7d9b7a,0,0.3879311636660614,0
5fa46f6e9387b360002615c36c0ae68e,0,0.38790512247445524,0
115d8a05f4d8734087d6cec282c85e68,0,0.3878852747333557,0
0ce6d8e7f2b6592768185b1782a0b5aa,0,0.3878848398519955,0
3f43c86453d02badf9c09a8149b620d3,0,0.38781312288982467,0
a48d5ca50a8523fb01af7d907947781b,0,0.3877919467746819,0
46d70c68b61455ad44deed17d18050f1,0,0.38775306987106906,0
9c883c141a78473b2735f2dbfe96570d,0,0.3877228733278988,0
170c6b75068b2cfbf2bb663966bd7506,0,0.3877072334772611,0
f73e3c901fc73a2576be1f5c1b8e229e,0,0.3877072334772611,0
599eb0241d7ab7d4224cab8faa166a65,0,0.3876598671571766,0
ee1aeaff4b31c4005fa61944d11ba51d,0,0.387652451872277,0
08443602ecb69ac3eefdf50e98098633,0,0.38762514967307216,0
3f8144ab580747f9d058cac76404cf56,0,0.38757187117991343,0
abbc371b080d0e55bc3f40c244b1172e,0,0.3875689484332413,0
ceb8b329e744b3e8982e6f9d51269ed3,0,0.38751077563081127,0
d4c0286f064fdfe0879da14087179a69,0,0.3874065730907839,0
cda92f71914238a7f8849c472c88a72b,0,0.38740214808473145,0
8463b2438d3aee95d295adfb30d81243,0,0.38736813330914044,0
6b90e5cc5324227c6488caa0f282a28a,0,0.38735774236029713,0
95444597528fa4349b35f17bf9f9b6f3,0,0.38735207376818886,0
3669d77f53c5334085b4582649737f08,0,0.38733460361633,0
3a96c708f3ced94eb4cd3f43d109833b,0,0.3873228245954397,0
1fe3f32614afcb3e59289960c0de5b71,0,0.38727686761974206,0
432ee7edf0be5950fe2bc6409d3af9b7,0,0.387248274474551,0
0ba133b294e8131231a0176e0a2f0853,0,0.387244700573672,0
df1bae0197085d251a5b7c89f87b65f2,0,0.38719779967536727,0
1e6ed9bd2eefb091a43b488f803f5a7c,0,0.3871702377944043,0
c60519fbe3add880c770ba0f9cf4112e,0,0.3871651082532133,0
afb480f31af6e82ab67777121fad6dc5,0,0.38715301881436626,0
183098e8a2b68ad63794031d5b719d69,0,0.38712734097366275,0
f08c37bc41a677fa88236ece8011c20e,0,0.3871120365539767,0
2dbb01742ba9013519934d18d7f3890a,0,0.38711099617197503,0
6c8972c9af5f8ec1612b9f2125ae7a6f,0,0.3870968345329955,0
d2caf4729e0ae98d5c19e9173ee29e24,0,0.3870850260882355,0
224fdd805e76c9c4896fb3fbb73d6dca,0,0.3870790213391535,0
99725d1822e8a48e8e4b2796ac502569,0,0.38707365878383965,0
7b6e328e9b8901a1da0cb7922ebc6624,0,0.3870715908023295,0
e78cdc9100df07258fe69fab38a8cef4,0,0.3870340342543605,0
349f354a452196ee541d88ec176b5de0,0,0.38703316712545394,0
1bb71b135f41d72825a79a8012e4eaef,0,0.3870301316268552,0
72cca764d90d1bca6be6ab9ab34d3cd6,0,0.3870203375152668,0
20e0f6a8e0b90737b43357fb0f23b891,0,0.38701036332298505,0
7f95c43c439d2d15474b0cb283b4a0e6,0,0.38699230331012946,0
a8af397c1bdcee2b7bf2fd7740ce8429,0,0.38690295321373774,0
3f7c242174060c29fe7307fb722a6dc3,0,0.3869026179831313,0
b6a579c62be83db3dc6d5007803ae5a5,0,0.3869026179831313,0
25066a40f307a5ba3b0d053c7f3c8ac1,0,0.38688454968398084,0
3f5e1e19d480a0e4683b1e52dcd0f257,0,0.3868508034574151,0
bd919bdc2d312cab99607ee18610d23c,0,0.3868396609797871,0
039a597bb045646b899477a8480bdd93,0,0.38680905571189,0
08a26f73b94297d13b59e2e7d1e3f5e7,0,0.3868032112924744,0
3ad62aada70e8ef15f8930d15454a4fb,0,0.38680308254260326,0
ea0888c0223d89a787c06ecc74633156,0,0.38679699987125377,0
b3af9d78fe4fc6494e121d9c19f1f775,0,0.3867568918680854,0
118e4a34f930dd4b2561b1f32e097f3d,0,0.3867527268029741,0
e8b370122395d9979a0d319db8dbdfcb,0,0.38673197437110846,0
d1fe4bc6768b366d3765ae53b7689cc2,0,0.3867292571722375,0
92a9601c31da170034ec411625bed475,0,0.3867141684324445,0
562283d5909a15e58ddb7dcbe3f7091e,0,0.38662317597427,0
62a10d90dc65c0c75cc617da952f261a,0,0.3865981072554116,0
09252bc15c7c9e9b2538343227d15826,0,0.3865954173954664,0
bfec8760e813a3110eaaf428effb5029,0,0.38659057865167656,0
ee4d047e8cf84484bdb439da5c3fd3f8,0,0.38658835131674657,0
791fa90081e564c24a355b7e20d1c080,0,0.38655465390105487,0
cd96ad378788155fb021e1c6cd1985d1,0,0.38655447611850086,0
a845495d35185aa74a848451024e8643,0,0.38649895946140767,0
8f701e9f930cac0d9df626b8e4d4e91d,0,0.3864764486040541,0
4c4bcbb5046b9aae5bcca17f2ee37755,0,0.38643928350389667,0
dbaa4e5cc22975b87383687b38042fb3,0,0.38641526393989384,0
305d147049c26b6110239222c995fd26,0,0.3863988118358403,0
8b8a28ea9c0d1b98fb471b9d408b2b16,0,0.3863980055515076,0
c343ddf04be95e21ef83a4bdc770fd15,0,0.3863933553581433,0
773a26ce6d1852777caa605d17f46f82,0,0.38635528838497374,0
98f5def9f4288281f2459b7a88d24967,0,0.3863301104521954,0
e25ecad4f206325588f4b913642377eb,0,0.38632449073656233,0
4ba16e2f6120b2503466540024985dcb,0,0.3863163361360562,0
ce5f6e03dd62498a5d15321c2a89bfc6,0,0.38629604470497536,0
7ac71e6b7527644c6ce6d9d8a23ec22f,0,0.3862520413810352,0
74504bb83eef70eb4974a7506a0b6ca0,0,0.3862329291867081,0
3fed19e15a61d255abd1b1ddd4c16c2a,0,0.3862226284714755,0
49db234e440ae01d54efb1f97e8c92a3,0,0.3862174149262696,0
8b8545eb716cbef0248f0546f3335c1c,0,0.38621567108870786,0
bfa1570b09b39f1004a218f7a508fcee,0,0.3862099296828769,0
750d9679cef84e8969e9270f4e06c064,0,0.3861589997771651,0
2e042bbee6a6c8bd718684fcc0ca2876,0,0.3861556466579604,0
70640db97981139ee99d8f86a555d344,0,0.38615053656234777,0
376c9c37aea85ca26315dfe54b3e4c93,0,0.3861273518963366,0
d9b562edecb017bdadf73a12e5f63201,0,0.38610795583699287,0
2478b87e82298da52865e797ab4f730b,0,0.3860959244080743,0
fb4c2f8477e7f27b44535707bf4644b1,0,0.38608590060316955,0
d363946838cb01d7a48bd685ba761946,0,0.3860731354183817,0
5abefd60411a987e1fc6ce77d4949f7a,0,0.38607215381392435,0
fa8c9fc9c608246c4caf82c44e5b570f,0,0.3860572109711974,0
40d75d25d699193555e9e46e647dfa69,0,0.3860483758122451,0
c66b7ef2ea9e6e2e7b3597f8131b56d7,0,0.3860178919371911,0
4782bd734cb291316f1637caa02fc38a,0,0.38600265452067395,0
d15b81f887354001575cf88ebf4d5445,0,0.3859979828331673,0
bd795d5de7a0119b5460d76f411f31e6,0,0.38593945255808837,0
aa2ffc76040384f4dcc63d1ff2bbe4ff,0,0.38590877049626604,0
c3eca8e7160b01c6b9dbbb5dcc456894,0,0.38590737982025214,0
af4faefd3ee2a30f153bb605031e7afa,0,0.38587141673911485,0
fbba9f65a09a8d52b71e22f4fafed420,0,0.3858673239932646,0
83136218344498d3a9ae689076ce859c,0,0.38586285032738216,0
33ed714859d7367ea2efa578453d4b17,0,0.38583356382921946,0
6ad2d388e636f671af18d5937bb146b8,0,0.38583180917894755,0
b5f42a53cc42e8aaaac5bc30fb9e3f99,0,0.38580127658409075,0
bd7287fdad74d4d53c8d2b6e1cfd644d,0,0.3858002728216986,0
e664e17fa897fc345bb97661a57a910b,0,0.38579501176063974,0
f7b633dd59ae5186b9366d2a171b7c1a,0,0.3857886527903067,0
e75ae2755c9f690e4a258de2ed2fdfe4,0,0.38575744704584025,0
144b9f1cf244df05e042b5262ecf97d1,0,0.3857067524337288,0
0d620f937aa0fafc5fc03d59f85a419b,0,0.3856928043538473,0
fbc9c3a06d228159f866fd7bcd32febe,0,0.38569204963187986,0
e3b4afcb56abffc0ea514aee91ac1c6f,0,0.3856792691296579,0
84f338b13c27803e2334e16235c2b8af,0,0.3856719266882897,0
831718bd6707ec2db4f411b11f26f3dd,0,0.3856318609533428,0
cea1fcef49930f7062b64442b521f6b3,0,0.38558274243767493,0
29a8abb3c40ac7c4b9f0c0d164caca94,0,0.38555373228975254,0
43c30ed8f88c003dabf6d0388e8cbe82,0,0.3854790919367837,0
bcabde850fc0faabd7cd5ee05624350c,0,0.38547711122063416,0
f2a84e3bcb9db0d7ae7f66c23f6a390d,0,0.3854761277116111,0
fc9de985b8f8cdd1c3ce06584312c6f7,0,0.38546375955656303,0
c1423d3d1cca5186e6aba177fdc54dfc,0,0.38546029357684336,0
ac229c12dbb2086d76e9365e2fb9d6ee,0,0.3853943550183266,0
ebd362478f5db91ae17382d1e334b973,0,0.3853794056714727,0
80c1a041f22f3968d1994c3fdfc1cee5,0,0.385351346604407,0
a39d3092eb769ab404416763f602d663,0,0.38533521454827735,0
d7c26282de6ee7d6b9bf65fdfbd9b263,0,0.38532068459330054,0
0a6c923fbc247d6e47675ef16648a4ac,0,0.38530725748928013,0
626495d0fb14f39da07290bb8d984ebf,0,0.38526288848511203,0
5558cbd8b8242ff5e6855165f42f123a,0,0.3852218724185611,0
d68de2bee2f1019d2b77c7f4512307eb,0,0.3852083824781206,0
1f8f96aa48b35fecae89ca2b52dee79a,0,0.38518597139132665,0
7f31cf9189427507d76ff27437f75309,0,0.38518250447461755,0
ca4f8919171814b7300040d583411a11,0,0.3851813402738386,0
3e2bdf994900b28097d638cb91bb6cb3,0,0.3851801910937646,0
f59d12a1dc4d761dc9f5ad63f904e222,0,0.3851178423558724,0
1d41d4877b1d13802db2a5cc6a7f4e64,0,0.3851059562333865,0
2c7e4fe72cb7e29f8aa921ed7e9e9ba8,0,0.3850420989679367,0
0aafa33eb8446afb62771e96dcb61c43,0,0.3849731979486381,0
2d3a722643ff7f24e3e70952238d0746,0,0.3849623465007091,0
08bf80050747f02a7b29b40f967e1f49,0,0.3849386770666788,0
7e7da3784417f7a06908e02bc52387c0,0,0.38493347625046126,0
571a76fdcc655128d212af3769465b32,0,0.3849210498467198,0
3e75b24d0c39407cff09d8a910526850,0,0.3849127256628505,0
c828fe6a294e7fc4aff1453ff182e70c,0,0.3849036701374377,0
d0699e3ea114a569e16c5538b549a261,0,0.3848637516220994,0
cbdc549429fc56c21e1213978d35cb53,0,0.384857977865137,0
02a09961a48dc54166f61f00c8fcd7e5,0,0.384789486339509,0
be090b890480d4e78f88e844fa68050e,0,0.38478440936656355,0
6471cc6402153f8ced217bd9ad278bf5,0,0.3847490018773881,0
8aba68ad39962f7b25c2b7ac62ac4c0e,0,0.3847283910083657,0
453cd758afff18e40754e677fda9fa59,0,0.38468390375081823,0
c63065a808f00075eaa83617705789dc,0,0.3846622374807009,0
ba2ca51c94b0d7c91c6f8f45f5d6cfb5,0,0.3846308536502159,0
4eb6fcfd481ef3c2ab3afba135ef4bcc,0,0.3845715065733313,0
535b784d360e244b5c276263e78bb8f0,0,0.38456208545243303,0
539cbf1d0d9d8c6e13e8b3383ee21e65,0,0.38444205211246196,0
38d09f8349a7f12fb75f41311b775cef,0,0.38441978308102537,0
ed4b936bb2389d67b2a765f464c36ed9,0,0.38440570724063106,0
7494ae28f5f873f764c2b09fca672b66,0,0.3843283966425157,0
c2e045ce833c8289e489314d2b6386fc,0,0.38431405811439967,0
7cdcdb5976a5be4c23883f6d3a288ad6,0,0.38428786154881145,0
c745b63e62dd4ade45d673b2ebb54160,0,0.3842802953896624,0
ba690d5ce0fb26235943eb728ef4efd5,0,0.38426304164612174,0
c2f70b70cc6c043ca2f6ac87c0510fac,0,0.384248890943756,0
f2781bbea4c9d6396a0e1b080f69aaa9,0,0.3842172150447987,0
be0254dbd2aafac3682ebd387f7e1d2c,0,0.38419078385585564,0
a047766daf8d4d5d1db248f37ed7b036,0,0.3841410107426204,0
abe93f69f4efa315cd9cd772f31a9707,0,0.3841335062138097,0
552fb4b2b8c996ad7615372c99e12ae9,0,0.3841290450627708,0
d104a1857bcb78c73dec2ac5a46ca210,0,0.38409422616315164,0
a7580eaf5fc0f7b43e95eb59e405d323,0,0.3840807423892425,0
1268b060098ed3f22c2e7c34cc72a1a8,0,0.3840548925554858,0
a147a860f58faf7715ae9e9e5c1e49a0,0,0.38405187984815803,0
f40eb5de6af3d4c70d1d351c66214920,0,0.38403203329320973,0
61abe4609ee110a6d3d0209f428d2e88,0,0.38401709243271565,0
79737b5a8b6850907b0a5392fd87f5a5,0,0.3839871332310284,0
1c055106e8229b8677d8263c81014fde,0,0.38393015390147045,0
6e2064e4da450befb0b70bb2f0c68f64,0,0.3838918868234947,0
92ff85d68a9b33eef7acc0832636f90f,0,0.38386940336813613,0
07a0a4dd3a3e7330c9f1cbf44995ba10,0,0.38385555549459993,0
56b77aefa217c759e1985e362eca1120,0,0.38381104747253275,0
d28a58a0bcd071bda90f1f0375d18602,0,0.3837661153453752,0
f3201e968a7ab367335f43807cd67576,0,0.383762587827577,0
b0f8dad6d4de1b5bb0de84cf969aab82,0,0.38373452363351596,0
c7b748bd163c5b69c546cc17f5d740ab,0,0.38372230501811627,0
239cb3a266040f65b1bc755f18325ee8,0,0.38369644025747013,0
0d002c58efd9f4b06f5f681f1ab651c6,0,0.38361191672976563,0
e28f25b5a3dcc16f1c7c575f09d01196,0,0.3835941961803267,0
2095e235cb23d23f4e289492b7135a5b,0,0.3835860993469405,0
0b7e8a47536e37a99cd123528fee61b7,0,0.38353935040477816,0
adb4178cb86ee499a8aeae1f099a6bef,0,0.3835302722051129,0
af3729c6e1d8559e4362e34fca43987a,0,0.38339559130028183,0
7dbc5b1e726ba088c6c93e324c076681,0,0.38339507537773243,0
1624d1ba2b7d696d0a532aa17f110747,0,0.38334107810468177,0
46e1c5fa70c1f3b35960a35c5dd08084,0,0.38328715764561017,0
dfe9ee4af105be79c35a1504e139cca9,0,0.3832792998747399,0
483e50f687193b68c66d5266e9dfff7d,0,0.383246527913542,0
43fb7cd074b0c8b373505d1e46b30a07,0,0.3831982895996069,0
e9dde8681b9a6edddc49eb0fabad01f0,0,0.3831365254132656,0
b6ef1cb6c4205a23d3a13bba6320c1a2,0,0.383125034136424,0
abd87d6b8230ec9abd478b70fbb6df2b,0,0.3830824667465512,0
30850e63ba3763fa8a2a1bfd2fd007e4,0,0.3830594021370148,0
ac231820c5a46d9016d565722d348b52,0,0.3830439296121761,0
d0b3a9a30abd9d7a3830a903e7ceae67,0,0.38299836486902633,0
7b2223c53cb293538b64cea6a9e11860,0,0.38299793696384954,0
01029c2615eacab8d39f0450e6b0bef3,0,0.38299770954137663,0
a2580d4b7f5471bf5e8352446ba6628e,0,0.3829865733580774,0
319b8f88851aac75605cc06bb64bf1a8,0,0.3829761325423226,0
7287f8ad2395a2f739bcad2fcea390a4,0,0.3829518842147233,0
8f299349d6fdc25ad456200adde96005,0,0.3829091137717984,0
f35afb6251ea2910e12f0e2da522de2c,0,0.38289273005096897,0
6f82c9c2bf87a5c75a6667e39dbb4997,0,0.38280996096883535,0
aba8a07dff4f1c805ede7a75d6f34423,0,0.38274610148114513,0
c4eb99d1b5513defdeb43b8b22dd3de1,0,0.3827323702946358,0
c477eeb763c6b24fe733bd8d2ca39045,0,0.3827285628097384,0
ea73e6215c806926eefe1f2778327913,0,0.38270605616625747,0
90932cbc3036814c6e99e460cf941755,0,0.38269831993592507,0
67c9bf527ec4cfe44434431770e96b49,0,0.38268188289421134,0
76af04c7b5f972387c716b674ca46a00,0,0.3826812971980524,0
58585e1ec9edf78de9f233b328a3e046,0,0.3825944138701442,0
8e0aa7241f92784858314b4093ad73aa,0,0.38254609883092666,0
639fa303243a0f5cd49697a7310144cf,0,0.38254340872974285,0
aeeb922d8373ded061e1cb706cb935a5,0,0.3824689597756251,0
1e716a50e0e3b10d59c2284f6ff642ed,0,0.38244937517379374,0
af74758ef042323be803ecda0bf63bb4,0,0.382336707145042,0
1a30d100192e3a5ad31164bf0dc90d9a,0,0.3823329305462022,0
f7d76bf3850c8a9c36ad957e0e23ecca,0,0.3823217347145831,0
299df2190c40e7477db2944aa584e96f,0,0.3822902253567347,0
da958308298321fb8d5fb1432e2d3bf6,0,0.3822860630953845,0
887c71ba8e0b027ea5499e55764ba5ec,0,0.38228570918975885,0
1a12ff4a5fddef949bb09b3a6b8e5146,0,0.38222696359314867,0
c5369de0ae7709bc615200aad3711589,0,0.38221538356640034,0
1a74d9e5d5382168097ec7008b5ce470,0,0.38219242154769406,0
ec5ab7b5e9e6202c5aef7fe99b94ccee,0,0.3821762222509844,0
1de6d307a749bd18bbb50fd2baf2294a,0,0.3820899010119441,0
55a9ab9cec1992864445c64f4fcbb3f3,0,0.38203142071525503,0
4739b5d5f7b5ce4eda1e9323d541f051,0,0.38202172972487525,0
8fd42ec59d8b5eb1bcf3c0a38ace9584,0,0.38200085102009235,0
47c34cd02023a99f933160d1bf4ea244,0,0.3820003753734644,0
041eb6136ede40c0bd0f31372d7f481e,0,0.3819398800013938,0
f852ebc052dcdc5641db11c9ca5e3ac6,0,0.3819365295342484,0
30a8cca357635beaeb2409eb769c228b,0,0.3818873275186067,0
d590ddf189371b577fc2f8d1d57dd3c0,0,0.3818689217452941,0
d77f1ecd97aeef6dae72e3938c401462,0,0.38186889186569356,0
810e1355f46182a401dd527112b5bda2,0,0.38182080325756346,0
0eebd23eb14eaa9c9af46b13c04d6e12,0,0.38180027121103266,0
69622cc3c28c760631192198f71fd35a,0,0.38172120250787284,0
f3a366103dfc14d3bf924a4ab4ec2401,0,0.381710885493245,0
ac61b6e29b8b0cc7d5323998f3a84cc1,0,0.3817094143381811,0
9a581e2dded8ef3ab5916d76766903f8,0,0.3817062041644289,0
e08a91380740a10dd3fac40eed46246b,0,0.3817000866168446,0
206e64e8af2633a2ebe158a7fcb860db,0,0.3816976633273143,0
45bf3782c2b705afcacef32d217e2908,0,0.38169263740199894,0
6af3cec61f62cadce067ba750186d5dc,0,0.3816559779853509,0
3574bc798156f406b12f377bf3fdd381,0,0.38162518515222116,0
f359832fd1c530fbb94b787e049f833f,0,0.3816088905878124,0
c8b2145112166ec8dc322ac57138ccab,0,0.38157357464415065,0
5bf21e765852faf2dbdfe3bf0f4e2ab2,0,0.38156111162538836,0
aca14f8a22e212118aa41758e2af2e76,0,0.38155467424573664,0
25ec47585ccea752254b5a57a0cf41d6,0,0.3815273796231578,0
2d2f7d6477a42e44e8f888b5dfabfbf4,0,0.38151297609089285,0
3381de3c473250378b1d47934b2fc94e,0,0.38147064459319113,0
957d903f93cde7788cb84ca983b9d1a6,0,0.38144832063473244,0
c512604224f6f9eb1d6e0d258c3a90e5,0,0.3814220642184274,0
6ebf447f2c50cad83fecc83a05c03fc2,0,0.3813860089184919,0
75c9d9286f420028ef73062dee65da94,0,0.38137533120172346,0
e2c8637256677ff5968ce784199f26b3,0,0.3813699309961602,0
4e50136e8b584a0778f12acd53b590bd,0,0.3813598934671121,0
30c33e7244ee4b2d1395021c28bd8fe8,0,0.38135249275563143,0
96a2e16802343955772267726f99653f,0,0.3813509246232249,0
c7d52e92398362c2a379a234e140a992,0,0.38133845768851515,0
3f1a1465cabd220ace8f6680154ec82d,0,0.3813294644279029,0
cc6677bdee3b6e93655465f3bfbd2cfd,0,0.38130776863024374,0
30024e4bea278a6d6d58570df9c6849e,0,0.38129970097372745,0
5fa0fa2fb3dec085292d53b201df81dc,0,0.3812694658270315,0
92310666b85a3217ffcefebdbb1bc042,0,0.3812542294830184,0
c0578dad64a2b596bd1983c3e20d0ae9,0,0.3812244700372089,0
8e47db59c9d5254ee858ffa0f9f4490b,0,0.38116759554657137,0
12261e84e0ef3349f9e1bfb8da48cbaf,0,0.38116318441906444,0
4ba1a2e07dfdd6f3224561707860785b,0,0.3811487155888133,0
fa0d8301b39cab67c292571ab3256975,0,0.3810827377895132,0
211e999f66da3c5950fdc055c9799d59,0,0.38106468372072666,0
1f6e3a4d6b7d81972bd5086cbd4e1d7d,0,0.38105000709428305,0
d7a05555bb294263a5f7b8ba6bae2ff4,0,0.3810347010835183,0
029f24823177b442913b23816ee59e17,0,0.3809591541779198,0
ed2ff3e9f802fd7efb2635cb48694ea0,0,0.3809482470179332,0
172e5ceb39fc662dc3cd66286385e91c,0,0.38092798072600553,0
9176a9ea5acac529c987e679e80a953c,0,0.38086746038470176,0
5a36e1707c1cc4e2fa138a4dca3d9743,0,0.3808598397783739,0
c4b8822f61acaef4c35b95a6372a0dd5,0,0.38084521453001924,0
e41c430dcbbf5586a5ce447df1e37f04,0,0.3808178072489013,0
740ece7e8cdb4ee5eeb95dc76a4e578a,0,0.38073565321907893,0
b7513537961909a7579cd284aa165fd7,0,0.3807329974029518,0
91c4ddd0b79ef6d0d6f1f25c2a85a73c,0,0.38072869628215494,0
7925dcb5128b04977f3ea47fb374a177,0,0.38071956471529195,0
02d50470ba933abc280ae8815ae03d74,0,0.3806991732219698,0
2b639025dbac589a4d21f05c4f09b021,0,0.38067651121864765,0
78ac6736810349db7207e2b4b86d33ea,0,0.38067280003247966,0
92194b068ea27de300852fd169d8bf69,0,0.38067060471418734,0
fad38f61bf94f5c7e3509e5fc4c7eb6d,0,0.3806459387595714,0
2414a555c8788e1191177c84382f0233,0,0.3806130869225349,0
22e3532b0ba6ea86eeb245602282ffa1,0,0.38059681863866374,0
3c1b119e825c18b2394bf1dd637efa59,0,0.38058853114658403,0
4856ffbe4c074b9ccd4d7f28be021a60,0,0.38057407961241785,0
ed64deed8c00ac7b58e3f75169b87040,0,0.38057048609436167,0
b16c2e098aa8101373e790bd385d5929,0,0.3805582628996708,0
1b8c0b5cb79f3ef1d4307480e79692e3,0,0.3805419311057376,0
13a94b1d5f949aa3660cf0e6e740d74e,0,0.38052651380953495,0
e302f39a1fe4cbd92cbfa4ee2ab5d7c5,0,0.38051969241897843,0
ceb4a58a238175053bbbf54ca503de8c,0,0.3804819379526652,0
87ac7e5f6b930506317ef40389cef147,0,0.38044118904679186,0
d57470a1aea5ac406ed6e0bc6ff0dddb,0,0.38040214986114346,0
9b91a58b62d8b7b6c98e20dd91c086a7,0,0.38040214986114346,0
9e31af3a959762dbcb33efebc315745e,0,0.3803997243701698,0
64b7bea5aa47bc135dfff846a7b799b5,0,0.38038674720444937,0
5a1a6144e1b36d1233f3d83504ec130c,0,0.3803548389760872,0
53acc4368b7ba1ab5512f831c8bb9f2f,0,0.38030666295357557,0
1b1d83efed255b0a6b212b9f679f5367,0,0.3803052936821915,0
79fe223f57a80d6d7debbcb1f6e5b08b,0,0.38028836776208463,0
d3e23b4ad76bbc62159c331b14b45702,0,0.3802659127273834,0
2760a10fdfe3a77a374bc8823f9cf21b,0,0.38023308217169866,0
3d0a330980e19020b32ea78c631f2c60,0,0.38015739917939706,0
752b88396e2019ae498034f10cc14e43,0,0.38013496669802505,0
0922b228e2f5fb61a624ee01c20345c4,0,0.38010782869005777,0
69a08c1d8a5a57a15fa3592decdc3819,0,0.38010584904048367,0
35b8febc8fd46c7c7e07c29352efbfd5,0,0.38008454796184027,0
d97e6750b3625b7a5721d6d978e62763,0,0.38005904414656716,0
d6e385d660741227e6e2e80b858dd2cd,0,0.3800112280008316,0
104ecbdcb645f2c124125cf58db3051d,0,0.38000500241622653,0
881b414b317ce75bddc5d2a8167da37f,0,0.3799658946805695,0
4d430c2a858d49869677e31351a1d891,0,0.3799596026737531,0
4ad3e061e218845a11e7e6dba6e88ac0,0,0.379956375998064,0
3fcc3e5057e055c2c6371508e92f8b48,0,0.3798697359684012,0
89a84b94c1be25037c872789b4a49f29,0,0.3798606387672043,0
76b8536235f243eb1c1ff94bcc816404,0,0.37985790783631634,0
50929a718f4feb5b89b109bd36ef6039,0,0.3798508458998096,0
cd7f83d9aac4d5d0a2998d237a0adaa3,0,0.3798472167295593,0
22150fcbc6502f84488627e3257877db,0,0.3798193488602312,0
fb485c0feba34a134c01dddb334d36ba,0,0.37981617519897815,0
29dc4aeff866d6a940c471a3ea4faef0,0,0.37974829071026084,0
120fea94e5d7c2df66150b475a07ff2c,0,0.3797336037090009,0
7f3a72e8f988c6e735ba118d54f47458,0,0.3797210923301198,0
08aaa460d54b5eabcb6e8189140b97ad,0,0.37965674132159477,0
01c12b236caa6f6d630b985da0ab5d30,0,0.37955993591358667,0
147f79467cf3b7af14c9c1c01a21ced7,0,0.37952176173487406,0
71c58647afee70d3f1c5eea5610a03e7,0,0.3795152724611479,0
46c850e2d990302ab74ae150807ce78a,0,0.3794897662459474,0
bcde9c52cea2f09ded4c451c5306f99a,0,0.3794635223456032,0
c68af16378e0f4457224f064d93e15ed,0,0.37943925945958645,0
113c9bb80bdea9b9490b6ec7a16ebd81,0,0.3794136935054896,0
01d46b5cad3cda9c22f52df41197a671,0,0.3793829190426729,0
bcd59f96a133c26d1b4d778be7ccc033,0,0.3793812701744911,0
e3bcfea9bab07b492391664fc1ffc28a,0,0.3793175890101202,0
c12477a728a884c4b3834fa5430ad3f4,0,0.3792441263781777,0
5254cf3932add60ef66f9730b2315cc9,0,0.37921719101135837,0
6fa0de0198ccb5dff7de07dd4c139150,0,0.37918938131572455,0
ff11b38f483df431276354a0215d0435,0,0.3791549618943175,0
a6e635a920e7ca43d9453a21f416b44f,0,0.37908296512976325,0
907a70154585b142b1481392f6cdc916,0,0.37907091793999637,0
06d4334ea4015768bd38c2d5531efe95,0,0.3790333634470286,0
6d7e00801a00c911ab9124048a5037f0,0,0.37895467928890814,0
d94c392ceb3c7ebf870f71e9a79dc9c8,0,0.3788857621541255,0
65908c12daed8110dfe2545a543e36d8,0,0.378873701854837,0
b1a01b5e537b13ac57823093179fd764,0,0.3788629618352053,0
65db6dcd7ff3b3930cef912ad7d9c900,0,0.3788085113105824,0
e5b9ad454568dad2bd1e128968af4374,0,0.3788068080014017,0
3a619e8f1ea6373c75ad340b57acd1ab,0,0.3788052339889159,0
93dbd712e976844f51218d25af826776,0,0.378776875813027,0
f9450933d6ac3c10355fced7d686b473,0,0.3787528541927119,0
5fc1e59a07212b7005468f6e080d667c,0,0.37873429655476826,0
bbb4a3998a2b9baf32489882527762b7,0,0.3786826386545956,0
39c92d1ce644b84c8b7236aba8a607d9,0,0.3786812720344664,0
10effbd35211616a40d0dda1bcd8cfcd,0,0.3786533029868731,0
8fbed3a01c5bb83fc9bbdf640988246c,0,0.37863378069780207,0
e4c6571b17e09eac2429e6b3731b53f1,0,0.3785871191301904,0
806986b81ad2a04e4619bfdfedfb5722,0,0.3785859668945977,0
37e3cf8e87e7539ee29e8c0138d9e386,0,0.37855616510705964,0
5a8082f2f02414ee6a84c52a59f07fc8,0,0.3785194178828668,0
fb35ceaf4fc926eb1060690896bcd582,0,0.3784981205357162,0
969acb1e7147b79c775fa0d8e9ecd8dc,0,0.37849237142667647,0
68b75d0ffa11262395e86f499004703f,0,0.37845440466493485,0
2cf2dcb322e069c5a6762c3a24bf9e70,0,0.37845281430453886,0
0b38d15b16dad21edc22d2b9df5b0cbe,0,0.3784420056162001,0
7cd7974c9f79f75b77f323878ef87f43,0,0.3784289740495289,0
13eee0ba31aa2d2cd8a859abc4a3a330,0,0.37842621813859867,0
a653cd03835e3c273caeb626d001f79a,0,0.37837495498252505,0
19f67f29e98ad51ae3d788625e10c038,0,0.37837290619686015,0
56c4075a563ab3a9bb780804e1a996a2,0,0.3783405751504481,0
01a20270c305052404127be803843f2f,0,0.3783386430057408,0
972689ad1bb2dc64c51d8bb8460d3721,0,0.37826797627352354,0
d46f760de99326ea2d7e1621d7075ed2,0,0.37823357650950773,0
c4314bfbfa6e8b24033c3f8f64d426b1,0,0.37820703460521937,0
1fa22083bdc82971e0f2ada59064984e,0,0.37818799086444055,0
eb4e4b6a2935ddac7937a294dbd5cb5a,0,0.3781656901126908,0
4f8a6074dab0c35bca0d6ca28a704cfe,0,0.37815338812765886,0
536a45120c7e443ad9d244872e8e06a4,0,0.37813711168961267,0
e6e2a0b666308138b428a3171f518355,0,0.37809016558530634,0
72cbec0de890d3140ba362903287c8db,0,0.3780719652598757,0
a3a6f2d1b8311efa1f58c7755e022a4e,0,0.3780550678407617,0
2b1e03eb6da2a725f314416498914e0f,0,0.3780456202432096,0
cd44ea2fe8283f4748c87f7d52e38278,0,0.37803747440321134,0
8377420a8b3549f6f40dca93815ee602,0,0.3780083495948316,0
d453631105ef4efe9324ff9163c93895,0,0.37799559493794105,0
d2ead5f3b6dafb8602e5570e3f5038fe,0,0.3779812222671522,0
cc434c101482125acee3ac19bf01d98c,0,0.3779471301143968,0
966b5b87d2d0342c86217c18ad54573f,0,0.3779216621530654,0
7312c29b3a24b3dba1245468eb4c9cf7,0,0.37785360910131455,0
f644a65d67ae3d51c1e5e4ca513bc0c0,0,0.37782931720520374,0
39be3ec644e8deaff61a398b8da28c6b,0,0.3778081928959334,0
7940f60b63a13f6a2912a4d2b3710dee,0,0.37778880759776584,0
083498d5fbdd0f87b140bdcfbc55dbe7,0,0.377734831776634,0
493faeaff7409eead1e70f8f9ae06289,0,0.3776875984186682,0
a3bf5edb6dff641e32059b4a873f4bfa,0,0.3776861726985994,0
e808aa0ce98f33e671bf3e5b47756564,0,0.3776800745241082,0
652dd04c8aebd7a3ef12dd1f3509c253,0,0.37766560713716824,0
86f0e59d74cd6c51cd8b9250d9f524b8,0,0.37765299740203656,0
398e70ea299343c456dffc65853935b4,0,0.3775221491032222,0
66832c8a08118ce07d6091866582b30f,0,0.3774722007783789,0
a423a4429a980619e98b406c23369073,0,0.3774159207595227,0
039b42d2915afbc2d4aae9c7b8f2071d,0,0.37737809075157874,0
c0c2dd9abc68c6aec1964614257ccd0e,0,0.3773748043127949,0
e020fcaa14c71bf6cf1c5de63a398947,0,0.3773434644479129,0
c5ceb73ab5a3e6f8f7c1181ffacde6ed,0,0.37734228747779897,0
6d1eae956d1f99a35e133aa09aa0d34b,0,0.37734023710942965,0
8a4945ba37651a97cafc08c45e63986a,0,0.3773225184583924,0
bd95758ee0f87233a8fdc79bd8b00ad4,0,0.3772612609579664,0
c827cd0940bf566b46a1eac11d7c11ce,0,0.3772164101046298,0
1981cc0180525fee9a18c2b88bd0ad3a,0,0.3771679258174264,0
87a7db17f4e44fceb48191d2e5612acf,0,0.3771316414434085,0
bbed9cd869f4fad214a79776336b932f,0,0.3770965772283072,0
8f7be7114337f8d6f2883f1cda15f4d6,0,0.37706631273821767,0
d21f315ae37b45d5d01e6999c1e22223,0,0.37704371093018535,0
fdef5e91efaa5c7772e43998087fc12f,0,0.37701580063253426,0
28a4a9aa9bd3640e1f9a9cf542cb25fd,0,0.3770009899027291,0
681b1f6f853abf792786c3429e8e8633,0,0.37697948699578027,0
a72dc4d599f84d18327c83df876c3460,0,0.37694583932151554,0
5e3f9ee4b948b61e902cce42e227cae8,0,0.376897005742969,0
cf71400ad4dc7b8ae75143ff39dc94bc,0,0.37680853770612277,0
9b4bb9d14ad112db54cc539ab2b8fd05,0,0.37679038115474295,0
3d703b3bdab1b0a16ceab2019745ca2a,0,0.3767807481978472,0
5d7ece4f7e312b7f234c125ba99d0d46,0,0.3767500625739149,0
a0746c4b9b28979012e88048753f0b74,0,0.3767343673031941,0
a012ae83a5e3214d951efa46b8e190fc,0,0.37673410590917766,0
dafeae816eae60919178510f01f74e45,0,0.3766991898256937,0
22c0526367f8c30fcefa6acd45956e47,0,0.3766183969295846,0
664c69498d29121d41bec641740a6e6d,0,0.3766125699809799,0
d13fa2a2695c021fd9fe5a02f2d57186,0,0.37661141879582455,0
1c1d8d4d37aa80baf2759482c6c379f9,0,0.37660946928543365,0
fcab9346a63e15349572e6f396f8b213,0,0.37660845529088655,0
03a31fb0bb19aa17e33049b1961e2aef,0,0.3765974456651893,0
2b9d6bc6bce2439eb172a004287c2c2e,0,0.37650889404417803,0
9945a60ee0fda58bcef8d67be5122509,0,0.37650600531925665,0
a92e1b33fc90178753e232b12bfc1667,0,0.3764599447097523,0
c9c7741935dc1782ad64f6cba1f956f7,0,0.3764461533150999,0
71f93416aba3c29ee0929275f545b506,0,0.3764440381950166,0
2b071fc994fcf99713a1413246647ee3,0,0.37641973070831397,0
57eb153ae005dbfc297fdbf1f44bf046,0,0.3763837095899728,0
4321093879163c2ce5a8672a99896166,0,0.37637579750243866,0
70dc88c077a7a25029098b02931184a9,0,0.37637332187686606,0
a53f1209542810811dff649aad4a65ed,0,0.3763200403991296,0
bee06aa4d48d912668205d7520d79098,0,0.3762843790284591,0
4148cf7f98c122f574eff592cc6dc941,0,0.37627770220812484,0
61a375f949bbdfcb28bbac7bbf880f9f,0,0.376268735366563,0
c0f1d2f878abf2e47ad002ae3e632831,0,0.3762589993310984,0
a07b2e5f8eab3a32b20c9cc515f9d2fd,0,0.37624087712611176,0
8b2311048b3a63a10a5f5083a49634af,0,0.37618079636703566,0
6b01d3bfa7c7a79abfb824f97c7c6809,0,0.376153712087331,0
ec14a996a9746204bb1b66906e12cf1c,0,0.3761055210300533,0
2f2291efd963e5eab2cf9bef51264c2f,0,0.3761027488289289,0
129534c4ea2ddb83f282e85d19921044,0,0.3760951736697165,0
c7d501613a8708cc3e7480dda6e3260a,0,0.37608252057458597,0
6500f6444726a67b5e717d3fb6b60f92,0,0.3760384832536956,0
203ba234be1dae9ddf36d6f4b9705bdf,0,0.3760237556703634,0
c23fffae692167e9e9c6991ae60d4607,0,0.3760236021070847,0
6562021a0a4fd24be820ca68ba96c2c3,0,0.37601801267715657,0
1598b9b386b0ea6a432b672f8c3cc843,0,0.37598402956570137,0
71ed1965114a16482546b76995735cf2,0,0.37595035742584043,0
5348281df50de35c5eb3816f99e69ed9,0,0.3759111271209769,0
ab0fafb07c4b6c9efee1c073f50fd94d,0,0.37588729727229153,0
6950a34bc57639c8a5c66e4022979776,0,0.3758672920886418,0
a827768579aafd9fea7efe10a7a458c4,0,0.3758620180013735,0
e539f349354711c5ba3ae28aa7b87f88,0,0.3758602126056774,0
fe8c8231f074e23044e03e33085f1070,0,0.37581787220869645,0
65ec42c914fb6a026fa005cce0a89a02,0,0.37580662652512675,0
ed322112dd2c22da5d5d9dff4c6d0fb8,0,0.3758027119719816,0
93912813ad240dc44785cf76e5250fa7,0,0.3757814737007238,0
aca8e93c4a6894ec83a2f701a68db9c0,0,0.3757672503082898,0
499133a2350e0dd751dd5e527bc77530,0,0.37575705978189283,0
c43530c253de630fad5e2630506af7cd,0,0.3757473554802301,0
3529e35d6c0a2e876f29373ea07154aa,0,0.3757359552395675,0
42f296ed9782627fc7408a950975cfd2,0,0.37570096953903415,0
d3cb1b78bc10250586b74fb15d0310e1,0,0.3756428039557584,0
4cde5935a14d2026e0ddc96766048e21,0,0.37564226124219424,0
d5a53c4fdcf8dab6373d996b9dc62f1c,0,0.3756386895232349,0
bcebdf69569a5b1cdbb67ebf178e794c,0,0.37562952824580076,0
eb35b5ff8f4bf6de268f9d338fccf0fb,0,0.375612602581909,0
d0f9b976da27b535b59cc7d7aa9e5077,0,0.37560222812249516,0
93a842d6ab8fb82ada2ed64c31a6b61c,0,0.37560222812249516,0
1d84bb0eda369daff7786d9aebcd988d,0,0.375538670101239,0
17b94b9317f9b0102f4eace63fbb193f,0,0.37552829845875113,0
a6526803f9f8b43bc69842e99cadc914,0,0.3754544709223234,0
ca9d4400d59992c0540b0cdd6dd7a35e,0,0.37542269743781576,0
880abf8eb99187d4a6f3dafad7eb5d75,0,0.3754200562178627,0
d39ae25acb5abb3eeb7ef96ff1f41710,0,0.37540362754340584,0
56a9c159fffe93bdef88ffbf6e729712,0,0.3753663654546227,0
7eb98c8ac32bd7ba702254f3aca26274,0,0.3753608947982324,0
793023a2f25ef26e2f3a5c277e416ea8,0,0.3752065228271615,0
414c84ad495003b943019c464580f531,0,0.3752030109749821,0
1d6d7421fac2e0cc34a9636a58c38283,0,0.37510498675013765,0
5af136e0f8150962dfabd8dd1d998b12,0,0.3750781756254162,0
a0e39e460fe1aa52eb9affe3b7b4ff9f,0,0.37505287525975217,0
61097dc6883dd5e075fa2fb36ada4875,0,0.3750339384104332,0
93c76e601efbc53b7ae648755b775566,0,0.3750084435900355,0
745fe69e5cc0a523b9b8858053d2f824,0,0.37492372163004223,0
1d6cd35271e75ebf524d224021678911,0,0.3749202423158063,0
5995828a9de81dbbf610cc6f27580bcc,0,0.3749197561246025,0
deccdf437a66e6321442264be7bd60a6,0,0.374902601630873,0
2bcbce880708ca3bb8106040d0b18f9c,0,0.3748700875746191,0
3392843b53108d6f3531c0c658995770,0,0.37486719120225426,0
59e13abedcf24076cb1ea9ceffc0235d,0,0.37485302071979143,0
564e41612fe5386af042e5f4977ffa28,0,0.37475662776903873,0
ed0c1fea8c117647834a39edd665533d,0,0.37474835796671235,0
a9bcb9a697749bae2fc7ea4ffa643970,0,0.3747351884380342,0
aa81dcc2f3102f2bc77b8ad863ae2f97,0,0.3747243895480372,0
cee6ce5015643cd821d4c8cbf8b5d9d9,0,0.3746892783271236,0
a098e7b256ad9d7608a0cd14addce234,0,0.3745841436483359,0
3d057e2134a816aa1fda7ed50aa73843,0,0.37454220988612147,0
1162122f08021a557cea96e02100380a,0,0.37452981165013044,0
ef7e621d7461d199cb905471587e4ed5,0,0.3744326701337208,0
6da50c02f7d45dfe391ef880b44c6b08,0,0.3744292026768504,0
8a218245ccde038f0762598adac8b5df,0,0.3744282876299004,0
95efa3477de9d5ee6bcacfb42a618488,0,0.3744230340127986,0
adc1efacbeecc9d4519c1e8c67e37407,0,0.374406400470983,0
83bd8551b3eb05460414882a2f4be504,0,0.37438252675703804,0
4c9402f218157f6a34c6c0fe13a3783d,0,0.37436755066423794,0
dcfcea1fed8afaf9165b1037af4082be,0,0.37436372882665614,0
14c51209471ea776cb9c1d24ff6c4d71,0,0.37429187929159735,0
acb316fa76570bd5ebc4bcd0a24ac497,0,0.37428767770738414,0
23981df02aab2a148db4f90e357fe8e0,0,0.37428385255586155,0
1188233025a9769168e1f1f1981c2444,0,0.3742538297488427,0
0b305bb360d9372963fd0f464eb34d20,0,0.3741815184663073,0
51be43bc1d4ef66dfbeef9681b3d11d6,0,0.3741687501300742,0
cc51f2b71dd014cea296ea568e5bc1ff,0,0.3741674562612075,0
f4599d96c3dfb16e879ec4bcc0c4f8c8,0,0.3741482395614181,0
8e4c808c556cf8200933390024448ddb,0,0.37411954046653767,0
de819348a45ebdca4293e9d4fd1c2894,0,0.3741065451105485,0
41a147dd6ddffcef63d74c6b0d5311ad,0,0.37410582235278267,0
fa8c2cfec9eecf82e7f3c3d2dfb0405b,0,0.3740748858241797,0
cb9d949baf2d5b07cf456a7a4da90aea,0,0.37405933179861445,0
854c931fdd2d34271e234d88badf604d,0,0.3740513590567496,0
99062accc4c9bbd3a766f5af8beea25a,0,0.37403578047470165,0
11beae315764309b8a23d0c1044d08f5,0,0.3740230622025896,0
868df2e96f28e3a3d98f7044306270cc,0,0.37400231332135975,0
e6d0123acf6f32436162b84e9239f6ce,0,0.37400091416840786,0
8597fc7ec5841b2d3832b3ff62c5d2c4,0,0.3740005353405033,0
2ee8cccf165911123a27fe2976739ef7,0,0.37398575182552934,0
ccf80983df16383f4ef02716ec4e1e72,0,0.37389066287673617,0
f0c85a3e052169c1a3aaffcb9737f170,0,0.3738853924146137,0
cfcf8fb937d788746626851cd1695059,0,0.3738736409013495,0
92d8d3769e33b13903af5274f6f498d8,0,0.3738149071508604,0
5c4e50afdadfb15daa38fb743fd6f5fd,0,0.37381240921514336,0
5d7d4841e71c4276ff0bb8ac8a850cc5,0,0.3737903141436061,0
f599274309ac06df5888101ffff5d6d4,0,0.37377805555068355,0
39222adaf3afa52f9d914fd23aa9096e,0,0.3737324954379129,0
ff095a5f37e0c0199dfd3f2359ecf6b8,0,0.3737060531579217,0
13c150eddeb625f94e1124d7617418be,0,0.37370128279121123,0
942830bc527cd27e13dbd6e9c37f73c1,0,0.3736123276783696,0
65fa0f49b0dc94ffcba412b2b11336d0,0,0.3735737875671811,0
bc81913cb080c668a64efab50515273a,0,0.37353560781478856,0
6c83f3a834852a8d4d60e2b386b56e6e,0,0.37353113704666074,0
bbaf11d8da0643320627f1d33d82cd6b,0,0.3735047574011028,0
0f47b99a7a474c43f7d1bc1ef3fd85bd,0,0.3733977939509988,0
4fe7f83190e3618139dfbf5658172bf3,0,0.37339764611541115,0
edb0081e6357a78d7bec82c357fb8720,0,0.3733956086598314,0
9da055c652848f95e07a0614689cf705,0,0.373346028052286,0
8b686328efe76648e7406bfc31e2198f,0,0.37333678987305857,0
3714bf3ac39761a6e7e9bcf4d91fb47e,0,0.37332611657406084,0
c5a65d154638d2699e01bb8dce88e917,0,0.37331954543742657,0
41f6c1e8220ce517e3e6d06b8aeb2c64,0,0.3732717928004054,0
d5757a126bd48eb32c706bf3b2349947,0,0.3732529311285995,0
64bf6ad1486c8980c35a9a7a124a6aa1,0,0.3732428481236118,0
232276aa4684c636f797f7990389f660,0,0.37321524871513373,0
bdfc72cd388c7041e5a1a7409d104699,0,0.3732110007305753,0
fbb12d5820cbb7afc51e9d1183406005,0,0.3732009333281818,0
2570706b75a967c86c0f56d2a9eeed8f,0,0.3731109897608655,0
ebcbefa0cdc3865ed7e77fd47d7a7bde,0,0.37296408931394276,0
368c35b244c7bafbebd6481be7a74a57,0,0.37292836630873744,0
d5590a8abcfeb107b233c22216fa0906,0,0.37292540541099717,0
16ea24232dc37a31c097d5f55edf17cc,0,0.37289565768853217,0
13297523037b589caaec95130f4bc37c,0,0.3728282522376617,0
1242e85545a001f6224e2263d7791704,0,0.37279874391359286,0
4b7dc42c991b79a2dab9a95c796306b9,0,0.37278414134242965,0
43ef5e7ad5bc8a0e4d8e166b74f34311,0,0.37274424760649644,0
6b59750878fb1122453b609a6cc618bc,0,0.3726988625573324,0
684689f222c50c8fde9be4231b6bf5c7,0,0.3726484374016857,0
e0d9036aa26d37bd52c8dd37e87bcc99,0,0.37259934676824324,0
5c2780ae7fe8ae72dbc6cd197c13f2cf,0,0.3725858816433764,0
9f41be4770ba8418526ed3773650314c,0,0.3725331657451097,0
0ff1d5d2f59249ae8edbb7ae812c418a,0,0.37246234761170116,0
833548182175fd759fe7bc2a0bf50e36,0,0.37245965099824796,0
c2929bce5f53bdea31e2d1d4e3796e07,0,0.37241579114377527,0
7a502c12cc7cd8cf64c562e8bbe18f2f,0,0.37239260555185183,0
2eb9d7a92a64e232b5b7173f0c029594,0,0.37239120856711905,0
2df613e4e741e4bce91c2a61b4b67c41,0,0.3723715715355559,0
6ece5e46e6207fac4000c8ec1925e53b,0,0.37237141633197207,0
300e292ab8b4f69464294badedaadffa,0,0.3723477769086856,0
d19dc878423f423680ad50ae40a68a64,0,0.3721675644378391,0
04ba08bda026040bab8bd9895eed89ad,0,0.37215977069258477,0
d04f39740c64da524c9b78a588e5dabc,0,0.37212007733945807,0
d144a54689821ddb869b47752b536cef,0,0.37212007733945807,0
959957b04abdb0acd726e8f0e700a899,0,0.3721140532930736,0
8ee2c847e37f60f23bac367ca01264de,0,0.3720909243224208,0
b2a6c72206db8783c8cd128885eb262d,0,0.37193308849793416,0
84d81d873c6b113606e9c984c4d24f9f,0,0.37189638083423804,0
d4a3f6fc07154dc450ea87d8ed91906e,0,0.37188079693299464,0
f6019caace5acb3c12373c4f17b005a7,0,0.3718497191490661,0
10e49f47dc1cd4cdf5a634f500946871,0,0.3718436428583455,0
ffe39c116d96cd81dcdfd9dcca655cd1,0,0.3718425481401636,0
3a849e2a57677842fbd689f6171528dd,0,0.37183485670108585,0
15d945f4ab4625c8d79ea7a3fd16ddc4,0,0.3717167905756945,0
b89ecab6b0fc4a02fbdf36fd2839e3a6,0,0.3717158345260341,0
72ebfd1eb35e40c91c07a78a16e632f6,0,0.3717102209659252,0
6c380fda56444d9892da736cccaff39c,0,0.37164764226435976,0
203176d5efdb94633c04cad04377447f,0,0.3716371318606344,0
8b071492904201b500fd79962f197043,0,0.3716083842555219,0
bf32a4cdfab5cc31913c0ecea68ec7de,0,0.37158311988161924,0
19428eceb88f38b960998d2cbd88ab15,0,0.3715712308653704,0
1bf8b36d725e5d083cdf35b40bf69a36,0,0.371558726916931,0
73e879f10191d104c98f767f967b1e63,0,0.37149006138637747,0
6f3ca89330837b46001199053466d4e5,0,0.37148887453187757,0
47d2b80b343a27cd4cc0f657b3235f99,0,0.3714765687291009,0
6522a1d436415b898aef068ba68e81fb,0,0.3714568900674347,0
d015e027ffb187723f3abfbf1eddc7e4,0,0.3713740509336822,0
51748cd52c0e0530a997e74b40de380a,0,0.37130533797485316,0
d491a65a6ef3c04e145d37395996bad7,0,0.37121606837087506,0
2dfbdb080da536f85675b1563716cc22,0,0.3711504877858032,0
675bbd87e94431bd6c6fc90aefa1427d,0,0.3711120573758536,0
cf5e6a37d7ffef60af859e8025b3112d,0,0.37107635255809274,0
226ad1e04e75266d492bcb6bea70939c,0,0.3710685221339162,0
32f00f20e6843b0a4ef767ffed5344c7,0,0.37104720927578616,0
9aa827c8f91b60445792293946670ef4,0,0.3710369046070211,0
e5ab9d9cc98f8d5befc51f952a44c87b,0,0.3710314702046142,0
ff0053f211cda47ef0b3c139e7c07dc2,0,0.3710011729431361,0
a379743ba3eb6aa270f7a8de23519c3b,0,0.37099213124312097,0
981d4f1ecbafaa0f28d47f584af7befb,0,0.37098381636758254,0
f6e984e0e2a6d1f4a35f84deb8a65580,0,0.3709665107524902,0
4b6d726a54a2660c4d09bd675d37a813,0,0.3708938824280471,0
2e235c20dbbb4ff8df5506f0c3592c78,0,0.37089046486202026,0
49ec88a24f9b752264845d912c581306,0,0.3708699708484311,0
b1322edbb6999addcb0e853a7aaf5bda,0,0.37084780107011645,0
f50aa76d289c3ae65611348ab6eeeea1,0,0.3708021012273811,0
8807f164ba3973e38aaee77dbe9ed0d4,0,0.3707731670065447,0
88d7bbe880e96a4a2ecbf1536d72ac5f,0,0.3705893143675107,0
4753f636cd4b638747f560aef48855cd,0,0.37057292248503954,0
01051cf3719a23faec8b2307b369faeb,0,0.3704968083491493,0
61c67ca191fb209bf1313682f850123f,0,0.37048512479839096,0
f152835caa3afccfeec72a657103d078,0,0.370452057744225,0
7a5930a54a9c0b2cfef26af870428133,0,0.3704142075334632,0
61d840adb1892fd2ca3ee8b594327ddd,0,0.3703968948562643,0
fb88ebab2021f2706997dbf98a6790f5,0,0.37039220949888224,0
68bcb3a214bd2742c071d48804432a5a,0,0.37038924060068035,0
2bc18b4c3a3cfbcbc2cd860f4ef126fe,0,0.3703713048354329,0
0158b70c1d28da409abddfcaa5f0801a,0,0.3703371806250791,0
29ed11de90af3b8dfa3068a5c2792795,0,0.3702973941527942,0
52dea3631aa7ae55b1fc52a767908327,0,0.37027935294521386,0
3d7ec5ac1aa5010c30977a1caa10a735,0,0.37027840833409414,0
91fd864bbfadfa78a284620fa33c7826,0,0.3702513982519044,0
54bea16a6e490d7df8a6b3d422abfd18,0,0.3702206291071165,0
eff6192c48d07995aeac0af479965353,0,0.37021915061304483,0
065102c8bb5cf4f308cd356e74343c2c,0,0.37019645489190006,0
f3c4042c1c002eebcdb7a49ce06feb3f,0,0.3701820065661604,0
160d4adccc67a1eea13bb5ad108f1273,0,0.3701680800091766,0
e24412dbb37fcabe11101f614ceed41a,0,0.37014551383415245,0
91d3cfb7bf03075295fe5debb6f6dc3a,0,0.37006564045658563,0
6e135ee2582e4594c3bb59e831e86d73,0,0.37004767170954644,0
8ec7ef0021e319bf0a72e48a7cb42833,0,0.3700467649554542,0
f0cb222cb2db15551c7ecf5cd246f58d,0,0.37004533216051677,0
95ffcfce436c8486268d9602aa865d0a,0,0.3699553251561925,0
7a773eaab5f2b50df2816eb00848283a,0,0.36994614914600604,0
c7595c2a24dc66529995c52bf2110e5c,0,0.36991030814283654,0
7761a5f33917cb2d80362b42771fdbb5,0,0.3698637420015565,0
e6f0ee5fa872be826a42412ba423e02f,0,0.3698625695744935,0
7634efb2f26e897125a36155a6f92889,0,0.3698088171306846,0
9f69f6dc4a2d8c04809c15f3a87f876c,0,0.3697728619243696,0
ca41fee3b0b6191f4fe0cdf13a15b1d3,0,0.36975648357577157,0
1d84d49592b8d6db9e1325f4b831431b,0,0.3697424037411658,0
ef2dc97cbb5ede01bcc208c154829179,0,0.36970227972214914,0
ac9de1ddb57cd97e4f36412d7b328254,0,0.3696800678254806,0
4bf595f17496ac8af412583acad4860b,0,0.36960885732083953,0
c9ac145cfaa87b54c05ffccf03854fd1,0,0.3695869113777727,0
973f16909f0457624946c3493fa7b2ff,0,0.3695542307843461,0
548984292afdde8d4aae26a60f01c883,0,0.36951971953583945,0
c2f9502d4fe948ba08ecfa7e492fae07,0,0.3695162980414878,0
fddb81302fa13caa643a9ce680ba8ff7,0,0.3695063851125605,0
00a7d14cb10e11b7f7d65120a7e3942f,0,0.36950001570480046,0
95be078ecc649f1dbf4d35bd9fd96618,0,0.3694710948370298,0
6dbc4a42e68c5f0e3ebeb904be3ce3e6,0,0.36946885225787035,0
62d7776b75e87d3dba846e3a4331766e,0,0.36944536834626085,0
74bb35834cc90f8b98adc9da1c4c8556,0,0.3694360545612792,0
4cf2d7ff911f717d1465a515144086f6,0,0.3694356039075107,0
d11dea88ee53a4f71c18b40b3d659135,0,0.3694314594159224,0
3dc5aac2bd6aa40693a55c0ddd5c6b72,0,0.3693960037722899,0
1fed5b513e4223a542c143ceb6d46232,0,0.3693911017092568,0
c6f1615b629142d8ebc815ac300bc854,0,0.3693540197977087,0
682dff0e9050d37ddd64e2ffc53bcbbe,0,0.36931490069708556,0
18cd06f52874ea5e5eeb41133113f761,0,0.3692646321715738,0
2e49a3bbeb76297ee0ff49df39c2456c,1,0.3692275367270006,0
63299f459ddbe79050c7094da3f69b8f,0,0.3691923006909617,0
877aadf8b2739716c0163f5011c7b64a,0,0.36918105642599086,0
ecd359ab5d9414b7b46fc1fee20d87a6,0,0.36916856073314425,0
0391c660eef1a812b4d470b77238cb3d,0,0.3691628394865909,0
2723dbe1b79f4f8e9e5eacfbcf94aa36,0,0.3691508634505879,0
1b3b0b055ed21f7ce245c233772bb5d4,0,0.36913142187649234,0
575c80c905c6a56143d0536aa077c3cd,0,0.3691312187479267,0
5fa61594629c87baf0d75bdceae1cda2,0,0.36912401235803055,0
a330c3cd4e607dd2f8dca4e303325e6f,0,0.3691219473912756,0
c8d988a1c19489356c78e8adc0e277f0,0,0.369065176780112,0
98ec8f34699b3551d97011b3fa201265,0,0.369010062288366,0
5d5acb0d0817c4ebbcae7b66cd74c409,0,0.3689752507616891,0
9fb13bca6ceeff4b206175eaabc35dd7,0,0.36897182135150447,0
29a3dfd056ce4de7aebfe9f2e78f8268,0,0.36893020613130323,0
322c79bc3dc8374b09c634fcc4e338bd,0,0.3688759101275496,0
55a08a9545274dc36a0c5804389217d4,0,0.36887494564958306,0
c0e0099353963aa2d4aeb0f79b564e1f,0,0.36871775256631245,0
b9eb307415714cbf3ecf026ebbf028c6,0,0.3686406506797918,0
30de122d775af047eb43340af4ba6159,0,0.36863317318167615,0
fb4106ad0e89610fcad8677358e42505,0,0.36863058679161337,0
5bd17f5327e1b09de119b707776dcfc0,0,0.368604070393606,0
b43757352445858454095433204bf8df,0,0.3685863913719069,0
c3fa4a9551e1d4ec50f1ed7eadccc4af,0,0.3685589595416834,0
2699f3d2e5846a3409177ffe4d2fddc1,0,0.36852635768938885,0
3b295e63da0b0a6e4ca92a7695e71a6b,0,0.3684968327716689,0
34309ff7cf5db0581ee6b2a6469a3a9c,0,0.3684351432758735,0
eb0b55f3a815a65c484dcce67efec73c,0,0.36842872279814276,0
cd157ff77b4ef3c1e8263d18af1e4546,0,0.3684106777475437,0
3cf3148d940e0838e2f9ebe3cdd66f7c,0,0.3683987056822721,0
78f1426483887323ca6f074d0e76f3b6,0,0.3683983528589701,0
74f6539658a10da4f67bd4f9d8ea5c04,0,0.368363022742056,0
adae0b960db3a27f2ee19bf0e2aae8dd,0,0.3683342125713324,0
7c08375cd96553acf4ed275609fd22e7,0,0.36833015793349205,0
f7bdd054d707f2912240233e1d53144f,0,0.36832887776655066,0
e5508ff3b3aff36d837ea8f4ade0daff,0,0.3682455729503226,0
69e79487d1e62c26b2d911799a0e63e0,0,0.3681723131445515,0
44783d396199a5503d33618adf6e7088,0,0.3681133162933391,0
df6746fd3264e62757e10939c41803b1,0,0.3681087530927654,0
12c014a2befc962df8d4fcb42a8b95aa,0,0.3681084577072899,0
001f3c4211216384d5fe59b041ce1461,0,0.36808889563297065,0
ec1a95e501ad513a4081f463e5f1a10b,0,0.3680576393540555,0
c2beab6213541eb95e6414f46ab00020,0,0.3679825470775279,0
c4512a10aa748a4f4a67e98d31ea4801,0,0.36792206226105906,0
b2cf27725215d78797c4f00e05f642f7,0,0.36790937558817133,0
48234b2beb62ad60e2aa0c27a7cdf267,0,0.36787984441745764,0
e75299e7341399b1d5f990c7d13b2773,0,0.36785322013890737,0
839e87c05aa9413d96be04b198565a4c,0,0.36783251174340553,0
46587168f28103639ae8249f19b53043,0,0.3678283880218597,0
7371724cc4cc1386274d9efe1b1f7c07,0,0.3678264211387885,0
03860720a9bb240fe64390835d7c1b7a,0,0.36776557744035004,0
5e2d8aec6009ce6b41ff04c47cbcf314,0,0.36776459696597746,0
6af8c264c512e6bc3762aae0accac114,0,0.36774950963459463,0
64f4bd3f2a366864239b3ac1bef9ccc4,0,0.36774426465438875,0
3f6989456b86f1b529e6ac63af2f1780,0,0.3677233683727802,0
93289d579072811f3202860b159a3c7f,0,0.36770803554463294,0
880e01d45fe9fdf7f417f37e55e7730f,0,0.3676802967367343,0
7af245753b444d209a25d062b1a94724,0,0.36767606280271437,0
4a3b97f14ae31aa0b516b3057e862377,0,0.36765842242581387,0
fadc1ce39affb802bca50bf6c1557221,0,0.3676436945048017,0
142d440cbac2f8db84fbc444a493f8c8,0,0.3676390333694824,0
fc98416ebb838666036dfbc9dbde3ed0,0,0.3676216971492175,0
7ec33604edc10560ca1be8e5d0b3c19f,0,0.3674309261117698,0
d0cf12aeba44703a0662d2c9438a48d9,0,0.367393074128384,0
690dc6aeb81e9ea0606f3817c011077c,0,0.36738575095008275,0
04b9a14c0f0e107453338b7d85ea15e0,0,0.3673126338723918,0
7b4afa124e770b0423ba553b1a51a72c,0,0.36731258136400674,0
e687e4462ff939a01153e9b436b4c0b7,0,0.36730240493209027,0
82e8a807d0dbd790eb24dd815a2c0998,0,0.367226991262611,0
a7ffd0dd76d5ade08dfeb96ee2f1748e,0,0.36720571158938686,0
82e974b142d5542642c9336e02ad52b7,0,0.3671977627251784,0
74b8735c819aa3ddb7d86d0ea39efe51,0,0.3671829367310421,0
98cab91ef25ac6f839e6161474e95f39,0,0.36716013189878427,0
b1ae3f6fa918f097fbada5ea2c8d917d,0,0.3671246841251883,0
20913f8824e7ce0cd8f51bf8a3552ace,0,0.3671021095769112,0
8cfecfbbdad82f1281686a54caf46dbb,0,0.3670747013814637,0
7d3c23d715240f2f77f201483d3cb276,0,0.36695195913799705,0
5b73202957f46dcfad859ec6189df941,0,0.36695134108296984,0
22a2429023380f4ece624464ecc724c1,0,0.3669476683421398,0
2fbac141bcb7101d19fab96ef64100b3,0,0.36689106803970495,0
9da198b3b0ddde5a4dfd5b1c445b1fc8,0,0.36683256077711535,0
b4125510d33b4b70c6752dc9b732fe79,0,0.3667877979097693,0
2e644653c7c93fc9020ef771ce505845,0,0.3667646675776708,0
2c58adb81726bab4f6d8836e8d6a217f,0,0.3666474395840241,0
49ffdb999b79de5bd25ea0d95f523ab8,0,0.36662652176241517,0
d6055e5a44700ffd1608f4c53af35abb,0,0.3664736530837617,0
d2df5e77202e975353a79eb969740dde,0,0.3663430776786124,0
ff57311a2fb5f9aa3477cc13c1c62a50,0,0.3663038371880518,0
7e0e8b0b1d13dfaac4e281531c8fc958,0,0.36630149115634075,0
fe3f83cec743f3a26ffef06741b63ab2,0,0.3662154714882147,0
388c57dd16d91ff43adb4feffe0c45fe,0,0.3661930577228693,0
4013fe69a1a2188578ab19e62529acb6,0,0.366183560195203,0
5dbcb21f1c87086be75be5245226e4ab,0,0.36617289044312606,0
1d912ce5ff822275e79ac05e2644be7a,0,0.3661625454910392,0
21611dfeeecee2c4646828b01d61cd38,0,0.36616056674923103,0
7567734ab2f1e04aa9e315fe67ccd29a,0,0.3661461986705391,0
12e60c0e800cc66349d537d7ea879bfd,0,0.36612283314762,0
bf4db4d22ed0d25e09af9d3c67859ce4,0,0.3660899111359486,0
3364a8146335df8b90c5b67295ecbb78,0,0.3660806361156881,0
06a247426fc77f880369ccb79779d3e1,0,0.3660321186961869,0
3cb7cb6096fea95c2bd5fadb04a6084f,0,0.3659716891773691,0
ff580ab4901e3619925a27db44eec095,0,0.3659057913779958,0
2a180de94cf2fdb46378f2b7b7eb2e7c,0,0.36586905937077,0
70ae932494a15eb824ee1e88a6451094,0,0.3658393774097533,0
39e4c9fa276aaa9b6af1fcd80901351c,0,0.36582310441424165,0
2e9cdecaa137e8ba2084bbde28c85105,0,0.36581479323601374,0
c3a1da41b850eb83975a058a8184f264,0,0.36578294541994505,0
c548afd73d06e332a846b16c6c253a42,0,0.36575151754600305,0
6ba3c687055589c6271f660f1fbf6595,0,0.36571220943178984,0
3c2b68df85eaf13645391c7f681708fe,0,0.36570385256260346,0
44ac3628e86ad7c0f7ecadd40de7bdea,0,0.36567706096897995,0
5d1b18fb7cdd9337373abe5b471e089b,0,0.36564107389831785,0
54aa4f57f592909db6f8e28caef75638,0,0.3656215658975162,0
94e13aa16d04f67481633a5005d240db,0,0.3656202495293244,0
0d936d4fc643057083df630a57c0ff03,0,0.3655920356753483,0
45a44531da4008965e2b336e1083af8e,0,0.3655856841945292,0
7113bfd87bd5bc858271d272cd303251,0,0.36558311424998796,0
a72b60a7c28c1790133e377f30f48b92,0,0.36555591066419235,0
d296c3efd7780ca963e6bf6c5fb6e150,0,0.3655554450564002,0
011c3e6b4b11fa8a326a39e78deb6e66,0,0.36550631720229704,0
70f5d483eefe51368b9e4a4e31a4c2e6,0,0.36542567860333475,0
3a5c7f0a36d613a96a3cef05fc890ae1,0,0.36542242353384446,0
28e52af2f578c8b16e5de289ac09f1ac,0,0.3653790218229559,0
10cd1082f9f9c210733111429f3d0a85,0,0.3653562004417902,0
7f5c6e0414d78b89d32b504bf2d36afb,0,0.3653542689111599,0
e2749eeca83ee13fa1c2241818c13a99,0,0.36533207427950914,0
1f44ea8774d632324aa59b85e66eb84e,0,0.3653274047359819,0
ab78e3dc0a9ba374d7cd4aaf92254371,0,0.365254757574519,0
e1c02550e84159111c72c83aeb1389dd,0,0.36525177604112774,0
ddd2a389934bfd50ce3bde06379fdaeb,0,0.36524303949556225,0
d38ea3b2fcc900afabd4423cbf900924,0,0.3652336295046632,0
de045b87192063d6b7f9a963915e5167,0,0.36522048111605,0
de3477760c6efc7c56e7789b34a5ad79,0,0.36519463617512704,0
341c1bfcce15f772ef1c1e93dc360141,0,0.36517939686724205,0
e72c54ba06b40cea8b3099c6662ef3eb,0,0.36517660759427256,0
60570cfe8dd2e12425c85297497675d4,0,0.3651570467605667,0
52516ca65414d0928486f06fda9096d1,0,0.36515491125189603,0
f8d3a383bac9056f61dbbcc0e5cc95cf,0,0.3651146558939433,0
ec79b81306f2de1843730f0db528ea4b,0,0.3650927953447647,0
47cfc8afe7567f70d25fc8d2b153d0e5,0,0.3650884364162557,0
ea02aa85005c75e85125d79bfb76db38,0,0.36504748697226586,0
c0955a0a7cd0cbaf66ee32b50d136132,0,0.36494401598570303,0
938ab7f17abf648aa2a56779c6df3cc9,0,0.364902091870061,0
b11ed526f7f6681196d0a59cc7ea7f71,0,0.3648914333795309,0
b2b3bf7bed51d6b3bf22cc3a1373fd7a,0,0.36488930221753274,0
355c8e5dd7ea03b291a4057c4a8b7a4f,0,0.36482791938407394,0
9eb6958dbab7b4136d22e411cfa8ff03,0,0.3648249555672616,0
d586e02cb6b6902a5ff80ec04bdaa93a,0,0.3648109991404698,0
9ae9df4d1b92f1f5d6306a4267f3a4d7,0,0.36479966137329717,0
31eb58b2b9cc1ddbb66ace0727f22211,0,0.3647903814088096,0
ad483ec6bde148c8eb096c9df5f27d25,0,0.36475287466892115,0
12456b22f2fe7567211f0f29dc7dc58e,0,0.3647109517027233,0
9d471065b72938db48ed449f1c4b826b,0,0.36468989044154476,0
7e2b5ad4ce455201b8264ff03f72ab6b,0,0.3646792322159214,0
82a154038ccb893b4e3b795495e93dc7,0,0.36464461136118564,0
d216b3b35166965b3e124680fa9c1321,0,0.3646233775610576,0
ed31f1abb1f62d32ba7e02f6aae16ed9,0,0.3646151413879098,0
f5dcd5178c6c7ce8b09aa0b13589bb62,0,0.3646074492874424,0
447a91b1f9f2ace3fdbac8745a95369f,0,0.3645547522916014,0
46d71c7de8c88604b1beafa0e1692b98,0,0.36451591965052227,0
634673493639273c0801012b11364bc4,0,0.36444499246977835,0
5e9b9a8a03e7eb90d53d2ef2592b7d53,0,0.36442613437927074,0
387937e8013de5e3f422741b4e3b4e01,0,0.3643759949407003,0
59a6c111d33d35ba49287f594418028e,0,0.364284731460036,0
04e5504bb1f294ad6f6c7f5157a24eb0,0,0.36427678208730196,0
77ca9de303d71489cdd541c373319818,0,0.3642686408741245,0
8f08cce7e75004fb904db0a3fc1fb800,0,0.36422548216764283,0
99e94e6c1ccd58bc7f96df28d11d3881,0,0.36419434820951035,0
c82d387fee1e389d246bb3eaaa6ae024,0,0.3641937806981487,0
5babe7dff334b057190325fe6d7c01c8,0,0.3641153644654811,0
c828808ebb0358bc61afbe589e2ac125,0,0.36407377280594083,0
014fa2f37ee690774a7505252a28daf3,0,0.36406728909741054,0
39455728f0fbc1ed6d630b9bca5f14ef,0,0.36405311205755597,0
c8beef897465bd87168f7793cf9d0981,0,0.36403451033225565,0
5d67dca5f030100d1fee3c30619827a0,0,0.3640188852859864,0
e287f4581acc932dba78075a1d2cba49,0,0.36399481656632715,0
4bdd6c2e39de4e9ce960ea90eea5ced2,0,0.36397504592129926,0
708f43cf48dcbafef3f83ed949e28648,0,0.3639646425303485,0
d86352edd100c4767e9d896e5727c2ee,0,0.3639447606592501,0
088e47ed760dc3f95592399aead4a0e6,0,0.3639211297490711,0
3673c4a5f32f52ba698145f2988c81d6,0,0.3639082623959738,0
c0c0c50de0f9c7089f7de06b69577afc,0,0.36389952120947766,0
69937b29053f17d6b5f4ababbdda0ac3,0,0.3638887751488607,0
a8b0ffcad9db25e5407a2b88ad3d8140,0,0.36384046905649886,0
47264e9608c5814e2a7b260f6fe154b5,0,0.3638264214734554,0
5125621ddbfc60226af1eca497b8fe4f,0,0.36381006020644296,0
1d03378e83cea900bb78ae88c12243d8,0,0.363798791966783,0
6cd05bd08c68b5215b59a54b9d274af3,0,0.3637558917185215,0
3e874b23b6b46a0a50dffce68e61a56b,0,0.36373620947956625,0
705748b59cffa9d676c096f44a227476,0,0.36371966578195536,0
1f1c78fcbcac0b1245df745efc0122bc,0,0.3636971291440567,0
104f7e16c7b3c8593171ed1a1635a792,0,0.36368383687844014,0
68700df6aa9a1763631c5f70d6ef64d1,0,0.3636066116688756,0
c40a0a2cfc45bb907031a54374a06cbe,0,0.3636026985917646,0
ded340acb51cad2b368c3e986d006ba8,0,0.3635654442708299,0
d99cf97b199a5b8cfb557442f32de75b,0,0.36352207025565436,0
c49b2b621213601a30f6d8a12c03534a,0,0.36350809902896,0
3686ba65138205251eb8b2940b1f198d,0,0.36348557511808094,0
30e54b68d6303045310f552b7b46ac06,0,0.36347341680710077,0
7a3ad6673e636888eed8898522205984,0,0.36344347122170134,0
7295713e93df7db1a459e49cc02013ab,0,0.363421352655744,0
1593dab1a9c62bc248db7de6da632661,0,0.3633985665550864,0
358e9205c1df6c01c033d87d2b953d49,0,0.3633554955020559,0
e7c843b4d40173d8a5fbee9db75fce55,0,0.3633498549607558,0
fc9c5c08c0b25d26b16b049530b62e5f,0,0.36331541437118187,0
e53763fd1b993887e2d1d3757d9783d9,0,0.36331235657089395,0
2673ed475f648cf08deac9bb9c1abd0e,0,0.3633106811741098,0
0486806b29b14fd5170ddf39af16dded,0,0.3632317263960724,0
555bd6ec6c1277b3a2a09dfa5373c3c7,0,0.3632179661345687,0
067843a903239951b74d81abf2c9bf37,0,0.3631997907230196,0
7436c330d21f5055be3179f8bce0ff88,0,0.3631753182405227,0
20d42a0ad782572461d689604db4aa6f,0,0.3631735017031026,0
f8309b834186f428f9b4072036885959,0,0.3631618674150078,0
d815779a21d230d2e11e37940d13650d,0,0.3631300359484574,0
12f73aed4941f539940f485d0708b36a,0,0.363103881761418,0
0471a0535e61dc7ed1f3b023b82a88f0,0,0.3631038330235843,0
ff6eae41d4cbdc5af3844a39a89431e6,0,0.36304796424457786,0
704ddf4edafd9d1789fa7ffd35eff10c,0,0.36301646674694615,0
6307616c25e28a633c336e41e4053661,0,0.36301646255433384,0
fc75028f1cce2f8a1fafa861429e3819,0,0.36299246811629177,0
36e1846b40253ed2cd4037cc87c63aea,0,0.362917806926433,0
f1480d98bfaa550680f72d2a3ba86366,0,0.3629151084378374,0
3c666a108c01654a85fdcf2a20e12ed0,0,0.3628869877712289,0
9a33dd59711dab6f08d324eee7e03ee9,0,0.3628775043548939,0
809813761ed3f1f82a8ab5e4e216fa41,0,0.36286216372828367,0
dcf2e93c682131bb9b8ba3472d95bed1,0,0.36286037378789165,0
b69360e2daba44347ed7e5bbc548da55,0,0.3628406042781054,0
ed3216ee8043d69b14d7c21d848976b5,0,0.3628072608979856,0
5093af6735012677c2eafe5de78ddd12,0,0.3627666594863269,0
489c830d99a861b6b7c71def0d7e2c6a,0,0.3627497753924782,0
9e03c8bb195c871ca0ba3a3feb8dd945,0,0.36271457927901113,0
6150c48a9373c851e1de0db93da09bd6,0,0.36269840170251727,0
92df0347ffc0f4e76c01020903d7f2d6,0,0.36268476623873613,0
8f01f92134cafd494c6ac7ace2951f4f,0,0.36267745018038533,0
19ca668a73743cde5a961ca9987b83ae,0,0.3626268183243292,0
3da51adff0de3e116ebdbeecba9a6a6d,0,0.3626268183243292,0
7656bf999d33080c220ebca7384fab38,0,0.3626224316335222,0
fae827c7f5444b95b0fdbcf2f271600d,0,0.36261618664195727,0
5839c476b32821c55d8a591a17fa7809,0,0.36255492186257765,0
7c7a1ebc5ebb56165d42fe5b9cad86a2,0,0.36251138197137467,0
ef7e9a61e6f1e1b5a8887908463eb24a,0,0.3624688591238274,0
dec260a57209a3ff82484e6510808a3b,0,0.36245770668425503,0
818f9e26dfc3927e3d0f1db74a2bc673,0,0.3624227205891769,0
0246128cbe42bad650aca67dea148ecb,0,0.3624199991148951,0
fcdeb874d4198f4906cbdc97ed06b741,0,0.36234526718036764,0
14ebe7d47ea523943e8cf21fdcdec40d,0,0.3623379007764128,0
4656b8688170291a74a7c466fc34b524,0,0.36231900944151496,0
8e42446fd2d6165f5e5c11992761960e,0,0.3623014727751322,0
9ad7f351da31cd0b98d6387ebfb2f8d5,0,0.36225513022143874,0
ab5167e02cccb7aa127379a99485474e,0,0.3621820301914413,0
eb255e9f7f5fbc8315061b20ae8f3ad7,0,0.3621319884278643,0
d53768b76f379751a3429374d9ec0b48,0,0.3620968521302264,0
4ba022d377a63d6c0f63920a845b0960,0,0.3620784203458287,0
bd95d579644675df7618e1740778b7d1,0,0.36205868564090077,0
0efd4833752113fedce2e7250d49d5ac,0,0.3620187571081042,0
ee3944b64a4a9207cf551a5fe12982d1,0,0.3619679219302023,0
b0ba2e0d0afecff3b850f4c9675b6f1c,0,0.3619636874005077,0
25281ef35fe56051d768115d5b65cc9e,0,0.3619380286116812,0
d12c7cb919ab7154a0cee8adfcc212a0,0,0.36184623157073237,0
f3e76dbdb71ca99e1ab351937ce9aace,0,0.36183447709118893,0
4462b054b8d56ce4cc289435843d38cc,0,0.36181041657308893,0
39fd40b7766d6d39bdcc6276541a26a2,0,0.36178804172117934,0
a37b9c0dbef8899d74b97531f2418a2f,0,0.36177469229804204,0
16a118cdd850a423b5708fc79019eeb1,0,0.36174656266003574,0
ac2d0feec62a1ba0b5d7284220faa403,0,0.36171881606344003,0
42ccb64a8249790bfbf885c6efc1cb40,0,0.36169055934760846,0
23686693b97e6a4b92c08e7ff87d4317,0,0.36168781657136256,0
a975496624b578358d2f33cf43d8ba4d,0,0.36168362804718746,0
06ee95df85ab27db04eebc85ce42e3df,0,0.3616593485447713,0
45f1c844c7376ed6523aa7a8059f87d8,0,0.36165531389764916,0
7989d259bdf69447ee8e00970c3f3228,0,0.3616454936573102,0
8f3dfd04811555a6f7f350e1389c0394,0,0.3616341146723639,0
d20f34444ce44ca683d46e9da98456e1,0,0.36150976785385464,0
c6cc55b24198a561e81de6b2f9387010,0,0.3614995803346792,0
ae9fd757bd2bc35c083a68cea4de561c,0,0.36144523381058974,0
64870b178a9fb3eb16dd905d8668274c,0,0.3614413739579504,0
9cb4955abc0a59152a611d3fd8d968ba,0,0.36144009429750906,0
3204cb18b0f18464319d17a3076fb5fc,0,0.36143011892633103,0
47a9b9f33e0ab41e84e32f6fd11e624b,0,0.36141896714272737,0
38b4bde28e5689799c4de367d5e63a16,0,0.36141885285668185,0
3952a3732315e557ba09aa19e975edba,0,0.36139528781593794,0
72181e64136175fd1000c8af3a087b1f,0,0.36139262236086533,0
5001acc859cefd081b938e9ad399f8b6,0,0.36134430953013297,0
9298fccf4e18c9a1cdf6c81de201198c,0,0.3613006847716395,0
114886384ffe882fb734de722e614d72,0,0.3612925986144673,0
8bc858ba94ec0bc49baf3ae32bf06721,0,0.36128886019542644,0
842ef7b625835338761215389595d4f2,0,0.3612522838851684,0
3776c229a04a5072c6f36de7487ea5b6,0,0.3612402516159751,0
3ea221da0451d7a2fdb9892f427b0744,0,0.3612313983417432,0
de1ca5cfc962002b9af7508e3543dfbd,0,0.36122613149549937,0
ba5cc2b7dc5360c3bb6d3ea699d071cb,0,0.36121072975685553,0
72a1dace457b5b4565b174be16891f09,0,0.3612041775218228,0
7cee74898db6f06a7b0471aa2486a1ad,0,0.3611922928819032,0
b87461e6c2feb68b9124000ffe3a525f,0,0.36113406428135975,0
885123fb80293279cb687da62259b412,0,0.36112174588045043,0
726c6fbe626251ddd65b587cc8b57aa5,0,0.3611030565154492,0
af7677b14139402d72356e06e8d6b924,0,0.3610479688093768,0
383e1b1f3984384d9caa050379d4d0fa,0,0.3610025146820612,0
1531da3d145d9923ae7a23d2d4cb47a4,0,0.3609713366389583,0
afe9d6d9c6f3392215b71f8b2b0c11a7,0,0.36089865335473575,0
bd2ccc4622de58e02bba5a271aec30a3,0,0.3608269493421796,0
f8f9ae61988ede102c236bd80e2cac23,0,0.360796348898038,0
92236d2168d9f0968798cad253cc5818,0,0.36077073334573856,0
c6b9c99e610da744b689d8f546c33acc,0,0.3606753059481094,0
408a225630a7b19b4cdaefb4a03f84d9,0,0.3606211055658043,0
195977225dd5b24820770fb1883723b2,0,0.36054863832916006,0
4c7f31418ae513cb3a92774991037f95,0,0.36054386608185385,0
b200e74167aa19d6ac5814038e96586c,0,0.3605391851621589,0
43d24df8fd7f818116fbf626afa5adee,0,0.36052634809999384,0
44364f14110f2f9fae86aa6747101704,0,0.36050887396838255,0
c0e3fb019e82c119e210fede624d5aa6,0,0.36045813752190126,0
357488646eef476ce86972632c0d64ad,0,0.3603954721547348,0
db70a8a87fd3ae2ec9b0d9e9daada859,0,0.36036081849647095,0
0a519a9a9077d42f8ac242825fc99a48,0,0.3603385119762864,0
8728c766c84eeda24b3e54fe6e632051,0,0.360332137337296,0
4f56cfa326497f52858ccb5b95f3e66c,0,0.360272372310126,0
de1b7bc73693b558e505ad4099639843,0,0.36024573992380926,0
55c0780366960c4a7f6e9809ca8724ec,0,0.36014798841814033,0
f490b0fe9e3fbe4bca2885d739b9f3bf,0,0.36013966313440837,0
357049f956a3b868a0b8d0a9c468e8c9,0,0.3601308596667917,0
d3064d90e228f5f2fe913cd41342c677,0,0.3601244003200881,0
2f7870be17b6ccd5bd9691b9f944e075,0,0.36009797701489693,0
06220b4bd98044def9ac913508f523d8,0,0.36008816008693945,0
d11d606d46b6f115b856b7e6d7650deb,0,0.3600630135275696,0
f6cb427433e01f43f79ff7a3b1f4222a,0,0.3600562061629685,0
76d752a5dfa418628f25df08faecbfd1,0,0.3600494963427649,0
79096a17020f8eb6b0e72b4aa232cde9,0,0.3600432918952092,0
e9465ca5e9043493c69b786fcb10619e,0,0.35999715466195437,0
371467d2fc99bed797f8a4e955cd773d,0,0.35996803769760316,0
12cc9a54117a13caabe6385600058649,0,0.35994812685998556,0
e0d4d43bdde0d6a37b3496871e903096,0,0.3599215308296933,0
5cbf577aa643b800590b5b2db36aa400,0,0.35986830885766824,0
926ed421810baa116448cd1f89e08ce7,0,0.3598471657239087,0
f23ceb8f983987bd6b0f3bde040fdade,0,0.35984505514469534,0
ee08771981480b6860b836946b42630e,0,0.3597357263664559,0
ff9d2f60401262b9da1e868f956fb2a8,0,0.35973535873959167,0
91941baa83ca10be2c0b9d1481329af4,0,0.35973377315686195,0
175bacbe6e17a305817f24b9ec6d22f5,0,0.3597025776882139,0
96f8231bfbe8e6b95dc0bccc91947f9b,0,0.35967958174170783,0
1c30a9c6d0a6ee3d147c5a6a35c8c24c,0,0.3596285384742091,0
4f308d513ccac2840ecef09e3f27834f,0,0.3596270756168905,0
719c22fa3c6901cd71bd4010d3c71bac,0,0.3595532847039201,0
8418894735b3f7de55e38d1fff69b7d6,0,0.3595450402244209,0
f64a818e4841b27e93754de3d05ae66d,0,0.359501626475166,0
9e0c2f57faf8e4c16af890eab3100099,0,0.3594559682962699,0
c120aa71a6791d0e4ea52a637edd95d8,0,0.35945307779849206,0
ddb8ffdbf7d9b0f26895b6c0712ead4e,0,0.35936203756249263,0
bc1feed8793b34474f3b53783599e0d9,0,0.359275567154265,0
bc495306b450cb8a30666dff4e362077,0,0.3592450642719976,0
7d4697714f3fd77c53b5c77c93a3f364,0,0.3592332033830498,0
7d27b3444e65bbe0e2ffd27908b9d257,0,0.35921331774570187,0
bc1a1a7e42614d811b6940ddbcb71059,0,0.3591788878554605,0
286c4f2a3f0d51fdee3163927498cb6b,0,0.3591519324175116,0
9d10bac79cbfafe359de7dfa9f5a1e47,0,0.3590874104065365,0
a531aba0a9dd9a17dea3f5e99c63563e,0,0.3590347435357452,0
db6a3415113111c49e13e8ca75037728,0,0.3590157515038936,0
6ceef58f8d65b1f682be0a97d3a5f980,0,0.3590016754302612,0
738c80de5b70ba1cdd2d2df446d06f25,0,0.35896559374940556,0
2dc92af471496ca347e530172e0979e7,0,0.35891774417387473,0
eb4ef41d614050eb2f59bb3ea068cf93,0,0.35891428023893446,0
5e6a352922e29670caf312ca809093e1,0,0.3588377395272869,0
e42a139d08a707d86ae883a72739c8bc,0,0.35882409321879144,0
65667e216c27cfa1960a832578b8ef47,0,0.35877996487637626,0
231b15fc7a2d0b20ec277816e0385cda,0,0.3587780283283249,0
db095fb465d1953805f0a25b1618de77,0,0.35875754645361346,0
ed1e4450166afd6ca7af55f4c5019412,0,0.3587465430508272,0
784934fd0ef7f0acb22a535b08ccecac,0,0.35874448115493407,0
74ecadd7be5375700695ed0b0c5dfd1c,0,0.35872347442782593,0
b29b2db0533f6ed62aa570195e791842,0,0.3587198390797769,0
69e1952fdbf5f5a17d0e3d2141c275ab,0,0.35867744374694593,0
52c43613a330cce5f0b01d28b9df8f58,0,0.3586146070442412,0
e306c019a262500b02f86129b8d5954f,0,0.35847922037601443,0
cefbb894f68d9620677a76bb4a010eb6,0,0.358460545956665,0
7041e1e84c7e1bbb4ae51fd9fd94f3f4,0,0.3584594537977027,0
909b29cdbcd4a6de30ac9c1a8abbc179,0,0.3584470769305987,0
c035cedb61d638d3e8b48521a714a86e,0,0.3584360196972699,0
5f60c7674f590470c5f331c6de28ec34,0,0.35839458799344537,0
1192a91a937b41d58f344c8f1a656ba5,0,0.3583885789575983,0
ffef0ffa736c7b3d9af741611089729b,0,0.3583644471255215,0
1699973a2d62d4b25f3a74da61e22539,0,0.3583063972177944,0
7ae4bf16624c8869fb893bfc67035ac6,0,0.35830149747260465,0
bbab3816c5a428aa07841f42888d3c49,0,0.3582866760749074,0
da0c0b5929c2aa21e4ce805270b0f73b,0,0.35828003576578416,0
4ed0d05aace22bfec857e1f442d05e93,0,0.35825777475600673,0
1d92720f87b068d217398e293f183567,0,0.35820353418336714,0
f0d3389b217aa61b5a66744ddd694cc3,0,0.35805879770788585,0
4ef1b904f1f96de8003c5982e1201815,0,0.3580480292889414,0
4d8de73bea31008a463a284851bffbd8,0,0.35795483245980103,0
f0d30d87e962257bae0032a2775bd8bd,0,0.35791995084642403,0
93530b95a65ff2938d0dce7089566766,0,0.3578913759793152,0
9f1fc6a06662230a1fc39572248a64c7,0,0.35786975217681966,0
152645ed2f25bd7695fa0df19379c566,0,0.35786307522958205,0
1d9aceadf84ee94c22d77d41e502b5f2,0,0.3578402088598188,0
33dbce715ee4edbd29fa2f26007e02da,0,0.35781379661977175,0
288ae9eef8aea0a10244894a9688b226,0,0.3577224309425591,0
f2e48e534a839b28b599e1e54ee29747,0,0.3576395284219799,0
3a7cd7a84b2e29111bc2b3ce814d74a7,0,0.3576149509185578,0
47ac0b5b994648c0ef789ef99e381f9c,0,0.35754555893667084,0
8b4bb71a7d37d4c2560e0f0409a58905,1,0.35747490130192777,0
0a21ab24d6a5d516c803660f308e1dc1,0,0.35742372788620574,0
cc2b5576d57ad3a7b679770d8bb575a5,0,0.35740356068800094,0
16c1d26925563b2094e827ab6e72eb64,0,0.35740254391964665,0
d4f6e329d878d36cb58f84de44cb03e9,0,0.3573941222768713,0
5ba08aba75969990241141244db54efc,0,0.3573861126372915,0
49a9dcd1756f7c4f988bdd0cedd5bf9c,0,0.35731086316588667,0
a71b62e958014c5490ac589d7739ef22,0,0.3572516380750052,0
a894c90ce6279d5906dc3b5bd52e8998,0,0.35721783824114545,0
ae8da51ab5aa8c09c0315e4285681438,0,0.35717966246964566,0
77ecab2eb1a52c819356d9f53739a8ac,0,0.357153317336354,0
0c7b7ce4f8dc862f259a4eb3298d46d0,0,0.3571334675049239,0
ebff870b5a85780934529cd00766f495,0,0.3571276543390001,0
1d992273db84f17d7ba6dca237fa733b,0,0.3570946543472638,0
f090f629be1b7882aaac379b456185b5,0,0.35708508574024644,0
a35c02408dac436b2911579509bbfce2,0,0.35704350282966946,0
393220706dc46336f9d2e1ee5f6ca626,0,0.3570008303614697,0
0b28ba51b9306655b752f66c3b2d3b94,0,0.3569627367658597,0
06c5db39fbbb2349c91208f215c0fc5b,0,0.35693634388602813,0
cd3779d0af13f91753db025e277489ed,0,0.35687641138220694,0
4d8017262c39ed921546de8130ddec3b,0,0.35687469788261567,0
cdb39cca09957f7ec951c5a8998c7f45,0,0.3568309776219252,0
0573d0e58acad0252c134f6f8b5e20ec,0,0.35682532307904613,0
eb9414e9c56dacd436c2b7a274b34983,0,0.35681049243848684,0
cfe46dcc62486a4deee79bb87ab57c00,0,0.35676059487168654,0
ca1c7b496a7a43fff06ce5004a13be11,0,0.35671683811039256,0
273a333047511083c6e77ef31fd25f2d,0,0.3566987084985064,0
1eb285dfda5f74ef3d8cb36f4aaddede,0,0.35669497232013797,0
7136dfd4fd973cfbba323b7fcd4e208a,0,0.3566672233845564,0
3af0afdfa15d1a9ada578e483110bd22,0,0.3565972826569498,0
20917cee243e32974933fca49feb2829,0,0.35657492735933477,0
a367c26ba031fb9f19cef6188426004d,0,0.3565616495227835,0
189af2582a09a860e7ebebaec950b0af,0,0.3565454990878396,0
03e2fdfa85910de2abe170f7943eb621,0,0.3564666343057691,0
b8d87455f7eca8954cb5963ed9f9f9a5,0,0.35645385359466064,0
ad9a41097bbd4fb4fd0e84f7b409cffd,0,0.35644743883331914,0
b25c62ba4fc28e41117f8026bf9a31b5,0,0.35641899515921965,0
b0e05ca48f8aee5d8f1a49ff32cfdabc,0,0.35641831247488814,0
2efe3435802972b0525951a5bb2201a2,0,0.35641831247488814,0
9fb279e1dfe576b362735fe727333d5c,0,0.3563973120199278,0
e02fbead9117aa245d80a40e05a249b4,0,0.3563420249192696,0
4614fee469e2e0295a27cef0bfb724f7,0,0.35631216866836035,0
82274b7ec8002257f8d57ca40d2c8b0e,0,0.35624962262475296,0
d5f0260c28b1ccc839bd5288ac31b626,0,0.35624893122291,0
041fb341560d3bb7036cfab81cfbf063,0,0.3562049996898178,0
1c21a64d75f6dd1bfe6208d209317dce,0,0.3561085762204288,0
9da3533102a6622e9ddd9e43b2f84f03,0,0.35608091667030306,0
16e783da25b0c8c2e912bea61a4dda9b,0,0.3560149962596298,0
fa626aab80218f17c7c89234114ed10c,0,0.3560135400977611,0
446c3e114eb1bc4d7fc28fbe41a1620c,0,0.35601304858799954,0
fc2fdddb4d88770ca958534e9909d7c6,0,0.35599561604233004,0
e8174ff27291f7b7911a57d5b9c436dd,0,0.35598431359840704,0
4abc49b328fe228a6b5c819d085b9352,0,0.3559418872289747,0
48f8c279f6e0dd1931c8cb6d572cc99b,0,0.3559379429662359,0
563c00dc2e9290194aafe9829e330f4e,0,0.35591717109542886,0
8239ca2046201271c02b956da21fd067,0,0.35590742847156703,0
502120816b4348a2c08e2618a41c93e2,0,0.3558588942054092,0
6db52da1048ef2cc08b53eb75eb57137,0,0.35584851651388266,0
cfed5d3c5d5d1396863cc5842f3952d0,0,0.3558001287952364,0
c1a56ed1e45dde68378dcbb50655ea47,0,0.355754985471989,0
46ed126bcf1df6e195dbc63d7c320983,1,0.3557508364366186,0
c1add70afe3a61edb198b1e75730bce3,0,0.35573969532744415,0
3ff672e35097cfd7e1cc43ef64cf4906,0,0.355713956844478,0
bb57dad1e3e471424bbb314b2716a8f8,0,0.35569365416783766,0
45d4fbed807eacc8d7d5b99247a16a55,0,0.35569346032537213,0
b8615c117b6d5af00a84464736ba70b0,0,0.3556839767787007,0
29546913c7ddfb92eea6febf18db9f13,0,0.3556757112246275,0
8797ab21284e4c29f9b4661f05b52da2,0,0.35567249951314256,0
763228cc82b9af54b847007bb558568d,0,0.355634575605182,0
7fc3cdf9b7da8a526fde4bf5368d73c6,0,0.3556300055963104,0
6d751fb6f222d3e4497a641a31d64676,0,0.3555036906823563,0
50f886efef31ad83098dc623ea59fc21,0,0.3554864624315197,0
dc0841d3aaec503e855801c36e6b63d0,0,0.35534603819103167,0
069ae72e12aa7c92b8a87dda4ccb86ac,0,0.3553049137847771,0
1359080eecd43d0c7523e6db03b57cac,0,0.3552295034625428,0
f00426a35b9b06e09b61661c09b231a1,0,0.35516143944224954,0
255fb4c626918665e839a111bb7f9446,0,0.3551259071557176,0
503f73bf29209771e164c6df2745ec15,0,0.35510893818186084,0
794257b38bcbb0d6b9daaca2c8c44ef7,0,0.35509907548825626,0
fe583fa349eada65507f4a724344f5d7,0,0.3550788911927847,0
c7d59691aea3698faf39f497c1ced56a,0,0.3550004165053416,0
160d2ef1a6e33ce2b48efc9686cc5443,0,0.3549154830079556,0
51f4385862790db5b9bc01d38ec53292,0,0.3548937366355043,0
801f934599ea892467bf98b9ecf78a84,0,0.3548796588155368,0
222d5a1ca42fe95b0b316ebe022e4c82,0,0.3548598238362255,0
45e749ae45014495eefade857b8728c0,0,0.35484895131387445,0
adfdb66b94b9b516eb6c94e98c723149,0,0.354820166169024,0
4a2d9d690647a6fa8c469524da7afb6a,0,0.3547907027057141,0
3de8a3becddf5418bd75a3a695ebb6a3,0,0.3547243354090326,0
34466539a4aa603004fead7a3f7f7bc2,0,0.3547064324778511,0
4dbc9e60ee79f8547f8a3fe7f3d02fd1,0,0.3546450493511978,0
8df10be00a35becbb4993496f949d948,0,0.35462145328833716,0
ee38ebb9735db2494b41d0c46b900f3d,0,0.35460571264204044,0
7538ded9a7b6e928545b67d26bb6bcb6,0,0.3545879421640574,0
42c48734de8c368e46b2c1f21101148e,0,0.35454834264782736,0
6d904f17eb4b0feb98802d4e1f603ced,0,0.3545370217569734,0
bf2c9b13ac8de1a14454fe0f1379cfb5,0,0.35446955894420706,0
52a2816c07a51690d6d6ef1e00690075,0,0.354449700429091,0
03182d685cfcca0c3eff28a79d40f037,0,0.354449700429091,0
147af11e03e65897da764848c9646c0f,0,0.3543968303281246,0
4f35dd90eaecd518f950102bf5ec256c,0,0.35438681603949934,0
2432c58848b4d5e5129a2708db9ee06f,0,0.3543460627199556,0
de29499729a17070e7fc3e6939c80de1,0,0.35434486018291733,0
d1709096e74acf49019b4b48799c9419,0,0.35431303790329655,0
ec3127cf41d16e8ef977791aafcb9d44,0,0.35414798792019125,0
13394f6974798e711249f80886160495,0,0.3540797970541353,0
93dc7a5d5dca34e5f276857be0e74a15,0,0.35406276426242267,0
1053f67b98927ed3b841a229503ea060,0,0.3540401961425526,0
7e56f34c9f4e0627d342c033b6fa3f8d,0,0.35401812370481756,0
7725ee39818a24b0127ee4d6a6fba237,0,0.35400551629469723,0
965b317b814b53797056410d4a3058d9,0,0.35396827855611956,0
6f0951d261fc405f12caba921e175169,0,0.3539668334475929,0
75b1b1b5afa391cd48c2612a2cef5500,0,0.3539412440313853,0
b5b17a60619a0246c3ffcc70b44a49ff,0,0.35392403029915587,0
b18d8ce90bd583a8375d00037b5942b3,0,0.35386972500301833,0
948b476ec7d3987c7ea64a0e6c6617a4,0,0.35384391577107654,0
23fe80fda1bda7d8bf1b161dcd63f74e,0,0.3538312563295701,0
45ea5d11dbab64432746c40c42b10fb3,0,0.3538080830188234,0
7e654af133d7e91260a099e52d407092,0,0.3538018897235518,0
06e68689519c16fe618873e8e182d298,0,0.35379230358849356,0
5845aa94a961d5fb6d14473334bfa691,0,0.3537800278492461,0
376a8ed3a5863ace7c741d5e43e07ec5,0,0.35367988513153475,0
e0e6be3e6d3d0359ffce8b7eb6c1c7b4,0,0.3536314218037615,0
0d814dea3a60fe7911c544658e3f1282,0,0.35350500036543864,0
45b599f5af8e1b6d158503b73bf092f8,0,0.35342895197929847,0
5bdc03993408f1f36f9ceec1bbb9ee85,0,0.3534166530837443,0
1461a8fe4c3788017fa838501deeab15,0,0.35336784117621445,0
c10e222e853f7723debcf19f1c8b00ab,0,0.3533606591656651,0
013a435769899074c568863694560449,0,0.35335489327065184,0
f81dab4af5a125ab52c4e530ee748493,0,0.35335443173972375,0
37873a7d4b0e611c384a388b729a176b,0,0.35334624054478647,0
a2913c14f49022ef2ddfd436dcd5be89,0,0.35334193081751575,0
1e6710617d45cc88fe235ce34480d5e3,0,0.3532916919007236,0
ccc5db9c0d4e2121a5f1891ce00257ff,0,0.3532453353498134,0
2d36e9b1be383c10ed0eeaaf60f5fe46,0,0.35317776666778306,0
4e84f3c81efdd148acbd299ff10916ae,0,0.3530676422096922,0
a745cd88426dd0196d729330aeca1980,0,0.35303101248809005,0
233fd54efdf9c6a5af51fe9cfe88fd4b,0,0.3530280708176236,0
a257d59af2ac0e177a804a68e0afcd73,0,0.35300535762149027,0
fa8928a7d6deb44eeefc718f4f68ed13,0,0.3530021573351415,0
e7be9e1bdc69138c21bb5d597ca5dc5e,0,0.3530008051210747,0
0cf298709182f431d7a2e59b730a6f13,0,0.3529943884557585,0
934eaf954e2bb5c0787334b63576854f,0,0.35290522001153213,0
26e240cff6db69179349bde0266c93a2,0,0.3528655683644453,0
79795d42dd2c3eec3c375c1664723e44,0,0.35281242275583885,0
c3c0a8514a602a363d7249d5f1a4b3b6,0,0.3528038399811423,0
e5226aca1f153cc7e1de202c2a259035,0,0.35276966809923277,0
3991c41c2de37fb418cbfd8938aead3d,0,0.352749425223574,0
b4cbbdb27acf4ab5cea849cc2c8ca64a,0,0.3527290309214453,0
2af1a3b62a72814753be9487fcb286a8,0,0.3527223887969021,0
4d5e4a9d09fe7108d3022c3c3f93100b,0,0.35266510523990313,0
4a4978eb43b834cdf1b044281ac943fd,0,0.3526349987715263,0
60f594984043fd2f99b024e41f029145,0,0.35261417984574117,0
9cf5e99801fa1841630de46050cb0444,0,0.3526101002989354,0
ee22a003c1dbb35839e3e0af49eab52c,0,0.35259348517179323,0
bf1a13fc4e7ff0468a495376254ae92e,0,0.3525924168094665,0
2d601efccca6a51a82d896a0e9e0e671,0,0.35255508587457124,0
fbb92e8f9ab09c4308326e54402326ed,0,0.3525360874844427,0
c4748a8de4fa7ebeb30de3dd338e5ba1,0,0.35253103768621435,0
4c7ba37a823a6222050a800bf3465e7b,0,0.3524589263167509,0
1f61ee96ec34ab3d759fd79b80e1dc90,0,0.35244244405789754,0
080e9f068e464dd0fc1a7bc98425b12f,0,0.3523858586209285,0
289a710648f30710292bba72d36da187,0,0.35235452303828774,0
35951de17bd7b3325df5c476840fae0f,0,0.35235045767501183,0
fa516425f2667bd8a5a409f9112e663d,0,0.3523330042745087,0
39c0f2181d8dbc8d1c1f99bd15d161bc,0,0.35231062971786176,0
a19618a3a0b75933904d5ee9d3ed6d21,0,0.35229778609255924,0
337f09c64e8fcd944c766e1829f601e5,0,0.352258851436752,0
71bf7196e65cfab5ca998bab2ebe3362,0,0.3522516960253566,0
a33660e35405979c9a4203334d26b8df,0,0.3521941161892872,0
384295bc6d103404c5b7ad849649b8af,0,0.35219212371535913,0
8ea83bae2f79bdd6075c254f29e29682,0,0.3521503035081387,0
002ae492472e45ad6ebeb7a625409392,0,0.35202922596540936,0
91853d29543fb08fe5cc62df8a1bf5d7,0,0.3519098245239772,0
141b0a78a1c056b72aebe29fc96b4198,0,0.3519002902152019,0
25ceabcd8e79d50d5c4b252a250382ae,0,0.35187650973653123,0
29cb098c6e774a2b42c7301e598649ef,0,0.3518711885921108,0
d5041ac956dd7e7319481ae5eb0e5673,0,0.3517776073558656,0
f9ba2499f18faf8df642cb0cf7d4ce55,0,0.3517233777572333,0
51e22ebbbd5311e2db1a2953891c22ec,0,0.35171306505968675,0
cf35f043d3883b6e556804361d1c654c,0,0.35167316672783616,0
fc06116082a6e23a21072673c4eb12f3,0,0.35167229821548734,0
2cb009fbb4a8d0a75b6f1226f4e6a97f,0,0.35163597330391244,0
c9e4722c8841be58cfa3cafad374f29b,0,0.35161181821400284,0
783ac10aa7a5cf153d10402b93a1ee06,0,0.35160796597080834,0
b0363411321322effd28075f52b04ed2,0,0.35155431702276024,0
b24339384ad7bed4f7d051b9499f6b83,0,0.35152770598193656,0
7e3ea45fbba1442482d638779a17d99f,0,0.35151853660790744,0
0dced00907d6b96a2662a6746a9372dc,0,0.3514838250477788,0
2f2c52b9cc044ae5fd17d729f312b7cc,0,0.35147742653806086,0
32768c5f1b0d5a7f3538265697772f1c,0,0.35143947468617076,0
1f4928c782d36f9d8a1be46989b2014c,0,0.3514377440199092,0
cefecd23f8264f8fb6215e57a7c2ccaf,0,0.351423313246644,0
1307b5c4450715b5cadc9159e592ffe0,0,0.3514008450250294,0
d9bd97460610038da2e90afac15c43e7,0,0.3513889794419436,0
760ec8cf264a0874772be65e6c9481bd,0,0.35136550414186907,0
887d7b34a37a8a47a4c42ad1d905ebb9,0,0.35133465461192226,0
27b8140e6749747db55efefa5c960433,0,0.35131483530839336,0
8ef723adfbc383f826287729391763c0,0,0.35121343275583494,0
042613930f984a8467523450f14de9fb,0,0.35117647349444114,0
a9065f9f5e4e8ba2ec28fd0772e91c5d,0,0.35117358737783044,0
81f45099e0f84e5d92e4d721ca42e164,0,0.3511539535375304,0
75ebac4a082ea5f364c4371f34ed2bb0,0,0.35113837376866214,0
8d559e5c41feffa8c86c61a6e6d88107,0,0.35106609523029786,0
43128f4462af59091a28f9141a3ee7ba,0,0.3510367855063708,0
01ec66cacd4c45d04f9ee2a1c25bb20b,0,0.3510151410572175,0
399686c4053ca3aaae42cee3d10a294f,0,0.3509723883098347,0
ad7116da4fcafd2d6d711bfdcf083855,0,0.3509177426298321,0
26d64bc1c84d1bea013abec8ce481299,0,0.35090054104166074,0
4bcd55806a03d0854780cd203355b2b2,0,0.3508929786189009,0
368ff642743e064394117853fa4faafc,0,0.35088547577446444,0
440fb40fd45aea8a5dc60465f9b3d15d,0,0.3508255287509174,0
968b12e1119dfbc70297dab87804ef46,0,0.35078717382718155,0
9ee6ef5cc65abe4d4d0e1b22f906a309,0,0.3506752435165765,0
ecf2beb50aa1735749335ce3a3bd6806,0,0.35065904797376757,0
ba425b1bf6cab11cc601255a30cd3bdd,0,0.35062266354006455,0
80d5413a86f18286a10c4457db5566b1,0,0.35061592362210686,0
6075f491f2b7fa0d6427e88d82994b84,0,0.3506139928134098,0
87c53832fd2b0b1942b0662f6c5666d6,0,0.3505544866334556,0
24423978433c1d8c3958db4b0fceb637,0,0.350549207926203,0
b7bcbb7690a9ac6e59532ed6385f97e8,0,0.3505447940451961,0
92a902ca2557fe1e222b0f7997c3701d,0,0.35054271795222086,0
6ed77fe77805800ef9aeb22d79a36e93,0,0.3505393711209573,0
5531d719e72f20e61f0cf4a4ffdc8f00,0,0.350486837496401,0
61e32ff7e0509ddd8884143f08643318,0,0.35037664433454097,0
28045a6a1ab1aab92e8db81ad3ef4845,0,0.3503754404931777,0
5e48d718af7ce9cfb2ca5a9b2ca2b8dd,0,0.3503201529232307,0
53fcfee1fcc02d39a932f8eed8d6d9b8,0,0.35030658878584336,0
d0af32188351a712457b3c6956da3c08,0,0.3502851990837555,0
2329201bd8c3ed28729e118c40b67ffc,0,0.3502620756620237,0
a9077a556659b6baddf1c2966b03d17f,0,0.35024787023921683,0
44859cf48c8a8c5de12460df1a984dab,0,0.3502182397126256,0
16bc2649f4feeba423feecb3279bd28f,0,0.3502050573050122,0
0f38be261b1ce88f9d58567d75202548,0,0.350173131959137,0
2a06f2f524c0955c0d76dcfbb337e4d8,0,0.3501572642323695,0
f0fcf63966a1ebcd5551af630f5d1d74,0,0.35015316089713355,0
b7f315b3996b39b6a1aa3736c4c845e0,0,0.3501290766023594,0
baec81c668e3e2869bae58beb48b433d,0,0.35005340804248464,0
17f5f0bf8f88906f32ce44c5f564cb49,0,0.3500454806091242,0
f3516af096848f3db0affd21223aec16,0,0.35002788059789164,0
b6a1661fb4819608724d58226c7a90c7,0,0.350004052388126,0
e87e24fcb31aeb4a0e579142ee2ce3d6,0,0.34994343985649473,0
be4656d02bf1e9d6663764ac9c7909ef,0,0.3498892142607235,0
269d2edc97deb5d17768e1d624adff35,0,0.3498001623488868,0
081cce81ce8725d7afa97ee82bce9577,0,0.3497861623023139,0
c9c60c93532e38fd3b2c81fb0e4f7e25,0,0.3497696350696603,0
9225e300949648e8b223cf4ba9732f9b,0,0.34965923939392085,0
f72d1ee92d55688d07ca88506300715e,0,0.3496583666588811,0
ed4425d610156003d38071a3c11e414e,0,0.3496541951029476,0
2141ed29dd6eed2cef74cb781ac9e476,0,0.34963358814183687,0
f2f42cdcf50f93b06b166895a3919f26,0,0.349598690364546,0
5ab99f2f9851b35df207c38655eb25b1,0,0.3495712516546539,0
e2a591bbf69802b67f67052b93a0f8b1,0,0.34956537930537185,0
b8cc2a0133d62f6aadc62534421feac2,0,0.3495040474052733,0
b9a1e1269bd753aea97e6d559acc1eee,0,0.3494375444073949,0
c4c088737a539f84fab061a3299dfe58,0,0.34937949242570693,0
7bb0ef48fca18efd7c9f88bf2141f096,0,0.34934914161297326,0
977136c10acb01bd9cecb7d18ff7d1a0,0,0.34929962045047364,0
5d6d845f58ded83805d69344479b27be,0,0.3492767079328739,0
1904191be8eb1c83bafa96fb36db8b6f,0,0.34918889068433095,0
597a664e725fead6e6cee85c70eab673,0,0.3491351742942879,0
77ab661ff97ce38f2b08df0e72c0254b,0,0.3491089406322719,0
45789f1b6b6f306de2bd23a22810edc9,0,0.3490894000651212,0
5c6cba8704f48b94e13d71503b627de1,0,0.3490686210584313,0
389a0588bc54a48e50f6f5825c5da8b0,0,0.34906318154768534,0
572a488c4c5af8a6bea8bee5477b021e,0,0.34906318154768534,0
d4b299a6ea44b588fdebc893b50401f6,0,0.3490464453830886,0
c25739cac286889216e3d8e7df18c03d,0,0.3489975424913074,0
1322f4f08ee126888c52044389540e3a,0,0.3489848929715963,0
8df1329b564044430fe684b6632f0c8a,0,0.3489836626041229,0
a50f021eb5aff9d4b0538153eeda36cd,0,0.3489300965361065,0
2987e507bfd6ab9030d0191d80aabb63,0,0.34884578566885144,0
6ba79e73a5f6b1b6be4daaa21117d5d4,0,0.3488399732171592,0
5fc944c00e429f1ca740441b2eefdf9b,0,0.3488258306687822,0
70c62d1ecbe693089406017160db2a29,0,0.34882320331148686,0
e5bf3e1fbbb0876f6ef29e7132850991,0,0.34878778737265725,0
b1d889f6acf2007dc911d3f89f60ccc3,0,0.34878240695616014,0
2c54867b1802c706bd80dc8bd3717ed6,0,0.3487089689968169,0
c1236f93ddcd852611e5be0c2768ad2d,0,0.3486858982973433,0
c7b01040beeade7395e39974563cf098,0,0.3486612776738625,0
7d3641e1a17c8331e758e3cf3eea199d,0,0.34864241700690585,0
4dc8f041a96ec301d99be607c8ac1bb4,0,0.3486029882216157,0
b39149be6a2259e7a11996ade9614928,0,0.3485825139526907,0
66c5c92ccc2532647e4db3f2aed18860,0,0.3485643915389959,0
3305d37e38753e19941e19c00e848549,0,0.3484686220575821,0
11076994568ce291c2b30a430fdeac76,0,0.34846289555987686,0
b1ba4efb4959b74f4243007376ed19fe,0,0.34844878002860996,0
32e9161f4bee303bad702da586e7511c,0,0.348439615190262,0
3d5efc786ec6e6f3c748510e8d937473,0,0.3483899276334098,0
ce7f6dcf999eb7a6e372fe497efc446c,0,0.34833372796694645,0
68ee254c5cbc9c8f62f9a656c8fbf11b,0,0.3483176181426393,0
a81604a913e399f9e72180afd36e6a34,0,0.3481638260792998,0
1a6881e34194048f9c74900603446119,0,0.34815137754130604,0
dc5a505acfdefc4a9e60ed4dc754a72d,0,0.3481113444074076,0
83def2773a935952f07c2b6b4f0738f3,0,0.34809476973007686,0
9710c85b0dd6660a0aee27e8f377cbe3,0,0.34798854206121743,0
964f3820c7712d35e342ef94a2ec914c,0,0.3479570329871752,0
b94d6856b1e5445fdf1a08a10b53fe79,0,0.3479524678704653,0
bc613fe9185f3c7e3a232a3c190baeb8,0,0.34787640541863163,0
95ae9ff17e664d7e83d3d685e78935da,0,0.34779436529219593,0
a3891fed6f00343446b628f274125ee4,0,0.34775486298248487,0
44dea3dd3d776aad6275f1417e04f4c8,0,0.34773580944185917,0
06c0ea6ee892364d1608ee47aa9f56a0,0,0.34772272601935345,0
2f3193d667a19fa0ded1efecc6a24a25,0,0.34766607480206546,0
c40f5af81ed6752819b393aabc0e275d,0,0.3476299479091102,0
9aad16318fd0579b2bcbefdc3df8c73f,0,0.34760230837388467,0
01e0008efc8b3804e274ff934ba017c9,0,0.3475631338629967,0
d9523d3bf5e0df12424d78d07eba5823,0,0.3475378989161529,0
dbc5d034c68822a405bbe7d055b234c3,0,0.34752590572649006,0
13c09676b93efa34eb8b13f737c987a4,0,0.34752365645866184,0
34b04d2838c173fcff895e0f28ffdc8e,0,0.34752294586686866,0
57727682e71abd2dab8932cbaebda857,0,0.34751086495094574,0
427716d021e6a411a5d0e80843a01fdf,0,0.3475091053203601,0
18694061bb05a1d8d6ea1c14a7c2f912,0,0.34743875093266813,0
5f3b967e209c49a714e3b9c83d0c4f15,0,0.347363687351507,0
d946e4705169903dd9058aa3c945108b,0,0.3473491976801211,0
2c6f18d5357a85878fcde7536c76f1ce,0,0.3473071847802445,0
977a4ca2757670e68620023f36453157,0,0.3472920883806769,0
31ec7f874ddf3354271c86d59e90b801,0,0.3472436951661207,0
a7756cfdda50719fed15a09df71e081b,0,0.3471715903969065,0
fc1d84135c8726ba41d27ed697b677ce,0,0.3471661441990879,0
adc0189d772013c8cad6d57ed0e546ae,0,0.34715037605587246,0
a89fda3959d8c06361efbfe9d530377c,0,0.3471247734662444,0
0614bd685e5390e5fa1ea2af806f9fca,0,0.3471174407801041,0
e3511816304e36e02070733ff8200013,0,0.34710865851820144,0
0a45333d70af96b465d835bb6ae6949a,0,0.3470947267157939,0
ff136252a2fd806ce234d85a09afbaef,0,0.3470603630131941,0
67773f41e2f21e1ede49a25fbc97dc8b,0,0.34705305663162633,0
9ed6c82884b48a736e708cafc29e99d0,0,0.34703691380186424,0
852668b9509110584019ebbd4d6b3e70,0,0.34700901824438896,0
48c2919b486c10c9cdd3cf7593de3356,0,0.3469536437275056,0
c14352ede8e9591c01fe88d6f4d6275d,0,0.34689091217607876,0
3256049f46589ca9ddb1dd86043f3948,0,0.3468511649679998,0
9e1fb6b16c75bcaecc2ee20b775ef613,0,0.34682987362087536,0
500a3b14746387c3ae9d94849df801e5,0,0.3467812814101543,0
a69caffc8e3b86f4d49a3d0510745ecb,0,0.3467520818020417,0
0010a452c6d13139e50b57f19f52e04e,0,0.3467219797598181,0
753abd34141f607cbb6f20682f7da577,0,0.34668188169529607,0
b24f550daff91e457c446db85553ede0,0,0.34666042954211346,0
687728d2f6b44a8c1af4ec3edec6f1a0,0,0.3466199122188634,0
71a13bccee2931d1d81f3d5e67e903a3,0,0.34659554060424463,0
2ca9046b6d18c4fc6eba3cf528b1ad73,0,0.34657307253840125,0
b4c2362f3f392da944f40e99b04b004a,0,0.34649840242939334,0
462182a167624f60fb9aab2f6139c2c7,0,0.3464748496843417,0
a08426483b26b09cf51f1f158c01e16f,0,0.3464659162169879,0
302be2cdf5c3cca66741fd7da8ad5fa8,0,0.34643205247503533,0
78326d14127295580b604e29643d9421,0,0.3463687742600004,0
1cddf0b0b512899f95d246458d21ee3e,0,0.3463388311295565,0
20b5415badf4a5750eb554cd9e9e2307,0,0.346315311208505,0
adfcd54789b345d7242847c583b483cf,0,0.3462186125361366,0
6360a310e76374869840970850ea3135,0,0.34616155429443435,0
38288b7ee8b323e76d43587473a50f96,0,0.3461538507278132,0
356ed180b2e59a4ad49bdcf208481b68,0,0.34615141560434826,0
83234e46bf781d976cf0e841d330710c,0,0.3461026296265402,0
00842c7d0cedb9e1edad8e9b7d148f09,0,0.34606441820278167,0
fc96a863b5d40643f2aa38e974778ae9,0,0.34602116134640754,0
66bd9505c7bee395349bc1a345233f87,0,0.34601859112028543,0
1034cbfdf32b07dbd3ab977811bca086,0,0.34598969325338985,0
6f810f73bdac142d6fb7b8660e0acd13,0,0.3459773328476058,0
fe8e71d0bc90dc0d0b0e1646ee29fcd2,0,0.3459282071291268,0
bed6914e1b13e7291330c42e4b5ee73d,0,0.34589201852026186,0
ea6d9794ede4b45efc55f8e8986659b6,0,0.3458870505610706,0
a1913852f6991f249dc31bdd82d0d064,0,0.3458843638270014,0
0000f46a3911fa3c0805444483337064,0,0.34588412657316636,0
2f5bd6ac7c9fe91b6667f78c775c880e,0,0.34583513257665904,0
bf991384e52450ac9fb8fceb295dbe26,0,0.34583038263306876,0
0a3cffa08d09f9de9a7cec6c142cf378,0,0.34576243259496003,0
37983ea49264e00421faeb401761a344,0,0.3457233778631963,0
43734d19d5020ac27e729611d83dff53,0,0.3456071079498569,0
c5769306aa1a28d590dc144eca2a9206,0,0.34558998880080727,0
0894227c11f8b1ac819ff943c6c0a612,0,0.3455390423196321,0
e63347de8c0d04c8aecc8cb960d0d4d3,0,0.34549554509501046,0
717aa48025662fcf27ddebbecc5f782b,0,0.345494562126218,0
d281a3f4cc40d2ee797e5d59d5c85197,0,0.34538863770892086,0
21167c6daede804f2d1f42aea0818ce6,0,0.34532811748867515,0
d6daa8df6192fb031e54d36f3a7d246a,0,0.34531738421939995,0
5f85aa6082ce60212e006c41002c58d3,0,0.34529036704865274,0
0e922f6fc526a5e89ae5b96df681a792,0,0.3451512620766782,0
8351ff0f6b9dd7e92b2c808007ce7408,0,0.3450486894804813,0
291addf08b15f77aea0f14646c924501,0,0.34502178788053023,0
10e49a12540465d3141f898aeee0a6b4,0,0.34501022713709073,0
1444272aede9ae28cdb859d2d3941fb9,0,0.3449315297073484,0
d26795e02bb7290f41bb487ef48d6e2e,0,0.34490947550266954,0
7ea4287d46aa89fa09420147733356ab,0,0.3448977793200788,0
72bf888b87fb63f5a23f3362b8af7e7a,0,0.3448535653913868,0
40ed92429b77d4bcc4dd00aa47286f0b,0,0.34482999345516313,0
7891d406499c527836df0c0f9e48f712,0,0.344821428300217,0
baf8a55609217194b2feb8adacdcc144,0,0.34476412606438755,0
e1e58c32efa137276143af6b02cb18a7,0,0.3447549656596983,0
ff4bb0e2cade5df30146a1d570ae777d,0,0.3446910807677542,0
79835898766e90076f8b8d49f9b725b3,0,0.34466688650104194,0
3f4b43837ce985f543e9519780d8fcfc,0,0.3446642779232111,0
4f8cce1447c785e1b70e866daec425a1,0,0.34459784058371645,0
7d2c83859f25ef23950e05c5985ef5f4,0,0.34459102745007264,0
e048d4f04bde3e12f337cf38d680345d,0,0.3445587405770835,0
0885697bf4809cb17c520fb4075ca3cc,0,0.3445536458367734,0
6dca6fb517885349470e4684041c5741,0,0.3445356529157771,0
93b2891e6c250ac6560958b7ebb273fe,0,0.3445339694601682,0
011509f63f565e822767bfb89c3cf9b7,0,0.34449515132917974,0
203443313490c84f08aadead1dbde82f,0,0.34447817490351235,0
6e3c6f3ed253043bb26989c99cb8e2de,0,0.34439019493083867,0
7d3f05a59e12f40b983acdf318638b4a,0,0.34438360190583966,0
8bb27b06ee3a26237082d3edf726f4d6,0,0.3443579133406281,0
7e2a8ae1e36400f3da3f99af72023648,0,0.34433633741647063,0
a6b24ceddbf05b497a2dcdc301984aaf,0,0.3441760862503311,0
95a83038c5ef655802b77358c6c0f204,0,0.3441339792710726,0
7293e0b38ab0dab128e6bfb7239c37ad,0,0.34413173079771514,0
8ec6c551f532fa861f1e468e8e581a8c,0,0.3441240069720557,0
f37322563863005595feada30537cac1,0,0.34408920429511464,0
866745ad5f9292bf4d3cdb58d21425bd,0,0.3440775998739163,0
cd9ac49cd7c03967663685ff826cf431,0,0.34404439457369135,0
016feebfaba953a2456d3a063b8eb8ef,0,0.3440309103834177,0
78bffdc305c16771e6dda3a6884237f5,0,0.3438778396654744,0
b7f7d3c3d8429a0e60d004424ad985c6,0,0.34385849477858055,0
08c1b64fbaaeffe33ffb68f2629effac,0,0.34384505785956787,0
35aebf263a4418be92141cc28421c0e0,0,0.3438220458121743,0
8267e6bed92b1a94925276278c1d2d35,0,0.34381539761062613,0
87a3e5095ff414ec2e9b1532996797cc,0,0.34381433412157614,0
467c8269886e9c67ab2ec1d5ea86d9f4,0,0.34379354180436245,0
a571483292f72f692cd87f2bbed988d9,0,0.34376853386063366,0
b4b88e47a9a425f0652ec4d2b6502fee,0,0.34373150924731827,0
7c7a3e75a07057d6e7e5ef9989d38f13,0,0.34368175851849847,0
ce9f8a25ebc64ce2a45296847d309da7,0,0.34366899942023893,0
4434aab9872e6d0e500523f6a85829e9,0,0.3436542266655353,0
81f5afe83c873351c6089ce0ded7dc2e,0,0.34365100855312863,0
69e153a22aec26236b01d02d97406801,0,0.3435579276916897,0
ee7317923fd7e1a982b66d38556431ce,0,0.3435213872458711,0
05205c3546aefb9ac9436fed99f92af1,0,0.343384856917496,0
c3c7224c810cc09a51c6790cadc0fc38,0,0.3433702690978845,0
5b0c89a62cb6acde91d22de804570689,0,0.3433353681998445,0
73d247eb3628ec05490256321c0a9647,0,0.3433323924616673,0
7db4d22fd27d6b46393385f8a951fd21,0,0.34332418210343785,0
445fe2796a13dfb132a86c2a27ed2bed,0,0.34328689810861596,0
7ea6b7415a94986ec9534de32c4514d8,0,0.343248584550912,0
7644e4a1248469c10e71a684d79c1742,0,0.34324315398940247,0
3ba5aa89e06ef7a9b6d247a7137e2436,0,0.3432198864214265,0
408d1227fdad76c0cc0c03f202f4a6eb,0,0.3432044862773189,0
ebf088cc2ce28c6055f2cd5e2b9bb9ea,0,0.3432035710150257,0
1244ae3cc3aad7447c1fc36cea194020,0,0.3431862512593306,0
07212b6b20c842faac31170b9dfd66e6,0,0.343138523707059,0
17999c371b226d98242c95e006c22e3d,0,0.34312060694546687,0
269e5f79955878566a4ae6dc43b96918,0,0.3430819445762617,0
c0bf7ba938c47c5b3df62b97d17d8c0b,0,0.3430211143959186,0
8bc24a5f6aff334bacfd46f24430380d,0,0.342975146606708,0
e10e22d48ee19a46abf07ec3a2304581,0,0.34297119415590704,0
961c63d31987fe328f1f88c1208efc7b,0,0.3429103972496087,0
5cf4d8521b41d12abb8835cd05cefe1e,0,0.3428999441157084,0
ab0b18d7f01ebcd4b64e775cd4c52f28,0,0.34287781366665937,0
7c5efeb6d59d2de5fb48ed0da1e04ffe,0,0.3428701255597855,0
3846d99648e38ad4cce33b68111bae51,0,0.3428636154667892,0
f7b4ed4662743e6d6f05652b7479c8d3,0,0.3428448834706859,0
2338fb7e169aef6dbe9eb9d9c9d410c8,0,0.3428180830309344,0
1ea7480606f35969c5841241e8992a68,0,0.3427805628391492,0
bd73d48495f58c4b8d58f20efc09ee30,0,0.34275166948492586,0
571aff22226aab813ea6b7e9904673c3,0,0.3426669624584033,0
36b1c0516f123351ffa87430416dcae5,0,0.3426376416297009,0
83941fec1ea0d5752f8a0bfa124a5bb0,0,0.3426240673626986,0
f757482977cb6137615b622a8b782d97,0,0.3425387713651384,0
a3ff74b5c88d6732e28e24e2ba7c68ec,0,0.342536643979575,0
8187109cff1c32197ce4943e71f84360,0,0.34250501279848805,0
56e310e19484c9c9eea920d87d6d8181,0,0.342464513486636,0
4c7131b6f8081f1fabb06d2f532d2743,0,0.34246397394315736,0
de2426b2e8d245dddd14267acdc24244,0,0.3423682375895403,0
36e61142062289a6a0c06d04fd4a90f3,0,0.34235484667214133,0
bcd8b8585720cfcd94d0983fda1a72ec,0,0.3423378396974826,0
9261f1b6e91d365ecd776fbe29d03cd6,0,0.34230296598520144,0
f2014b438e5943c21627cfe1ad9f393c,0,0.3422730163846137,0
76402ad8aa006cad07e87ea36a663560,0,0.3422467255827699,0
b7f2e66c17e3d825f3efb868ff46b6f9,0,0.3422116625753752,0
953c19af380e2decbb6b4264eb4dcd7a,0,0.3421764791601693,0
5a18aed8495fec61fd9cf2a0c41fc312,0,0.3421390912161369,0
0f19406817348f175890e311daa0f12a,0,0.3421363852632016,0
8119ccf8ab4ac8da74389001c4ad067f,0,0.3421099412961112,0
2d63cee981bc69c503a9b6e25060f67c,0,0.3420943521841525,0
16211bcf5b07a02aaa15f592d88cd42f,0,0.34207730029979544,0
d8e3c821b03ca51ce7d897514e421cd1,0,0.34194003155759645,0
27cabcd379e670922dab839a52159317,0,0.3418705335692526,0
53a3848ef62bc586e56c66f273a83b10,0,0.3418343693459648,0
46418f65fa35317b73048c6dd7055247,0,0.3418092832319343,0
81865792a5df52436b4e759b4ba21412,0,0.341762545119589,0
26fb34f6190c94992b30768102bef5b1,0,0.3417341410606909,0
578ee337ed691b5a052e56db43ced56b,0,0.341519756490308,0
dab4fe2af436949af561734e58a8dd75,0,0.3414200994051168,0
1dd5f1cf89064316bd470d2c19f9ed61,0,0.34136710076441196,0
3309e9a88a0d0c6dbfb059643175b047,0,0.34136329756420125,0
83f7b04d3399b939076a8cc0572b4000,0,0.3413154156132705,0
262a04d06bfeb0ebe88055498861e427,0,0.34129509707110767,0
dd5cf6cbc16b83e6e9c03ab8b2e9c094,0,0.3412944302098012,0
d4e190a11aad26d64b625617455dcc4f,0,0.3412386522227624,0
aa873afe20fc222379673c8b6bcbac45,0,0.3412033841202676,0
4203c7ce660fd8a234fdebcf106a4493,0,0.34119486590703385,0
d1304197e77083b8db364bd1a8a14766,0,0.3411531326047035,0
db898fbe949888ae7f95398cb9e4eb63,0,0.34113016443607136,0
372047c2b6994bbef7715a199259202e,0,0.3410976335607362,0
736371dae62412708f8e1ba3931becea,0,0.3410790531095585,0
97258e1c1f77f32358eccd1c9ee5954d,1,0.34083681128571697,0
3aa7a6e90c6e9d2dd2b61806b588ab9b,0,0.3407930259467283,0
60024e39a5bab05c12a51d675c0854d8,0,0.3406654813266659,0
e47338229ceacfff1fbd40d01104b39d,0,0.34057608390394983,0
e80a8c34a80c26fe8c70c6d316c7f1c4,0,0.3405236200533599,0
5953b7dae07c8ffd6f76f5a86196254d,0,0.34045182854928696,0
d3202f53ac6ddddfd16d23d26b0cf6aa,0,0.3403773320866993,0
44ba066bbe77a063ec87d029cd3655dd,0,0.34036421857963917,0
531fdb763f18791dad739a99e29ba05e,0,0.3403243650621662,0
6b62ffc01d145a07072c3a54da59c5c9,0,0.3403011384048774,0
61baa5b648de033dc4fb874199efc3a3,0,0.3402937702272676,0
308164cab318a5f0779afaf2ac622679,0,0.3402843900903745,0
f455356800cdc93de657d027fd9e1875,0,0.3402840533227485,0
de7358726d7a1d543845be84129b9afb,0,0.34026241564029597,0
06228f2a5c6b8d5b97c9dde4c675f086,0,0.3402570005695628,0
d676376ab8f82dbd630410cebf3165bc,0,0.34018902812758456,0
a628c11115b54f148bd0b0f02bde1415,0,0.34018526932160204,0
9be479d9033b8987a64ec383679520e8,0,0.3401276340448523,0
4615ce41a3b06fd6569ec0103d6ffcfd,0,0.3400554693423849,0
bb604d28677e8ad3f3bb80495fc6d9a5,0,0.33997398728607764,0
8626bd1c1bfc3055e51695cf4879917d,0,0.3399442625364956,0
4b77d25b54c6ce796f45459d48935995,0,0.3399110207358535,0
8d97ec3fada2f08485838b53e2d70bcd,0,0.33987634752031476,0
38a7f64d0701da4469f172b7623206fb,0,0.33984159811943637,0
a662a415dbbb5a154b3d38aa4fc86e57,0,0.33979037368606924,0
832e415cb24cba2f0264271e8c246ce6,0,0.33977223966250975,0
84ca2cd45ec6c9ae2a0bfeef1c8bb14a,0,0.33975622436041225,0
6d9288eefd6d0af58e8296658d8575af,0,0.3397139997906399,0
3fa92e145b040515fc173a120cf81304,0,0.3396190191585923,0
aab7b3f97f05bbb173c7d408f8ee96a0,0,0.3396165487338822,0
184932ddf3c1f0342017fe32660485f1,0,0.339560424277924,0
aa811dd4c5b1ca28de6db905ec51ad5e,0,0.3395294927618064,0
3947ca729a860c522a64a49d762baada,0,0.3394908513160618,0
3a4fa8b418f3f8a73007fc9190ed9a0a,0,0.3394425317660088,0
4fd60f2fd6de1ff8e7c0c17ee146b3f7,0,0.33940437271158314,0
84a47f8d8c6644a10014aa971d7383d5,0,0.3393022920960398,0
5bed8eff61ba2d4873c6c72aa623b429,0,0.33929958987382897,0
99b2b3d13b782039cdc4230380fa6c07,0,0.33928151468557827,0
0c1ddea173c72be4365ce597afae1709,0,0.3392619868968796,0
bba1b5c3343aa2955ecd4e53874021c8,0,0.3392421807056469,0
584df16fd79b2f80e09f056e2e57c89b,0,0.3392162676938934,0
ebf2e859da14bffdc1b2837932d4593c,0,0.33910496912122173,0
ece9b3917d57e96d6dc82fe284dfdd8a,0,0.33908425433344336,0
b7ea44d55e6a749aece828fa7192e9fb,0,0.3390193942939192,0
3f6735ffa524249fca1ed65e6f53992b,0,0.3389818949582365,0
a3933b244e31797e3d98cfadd9e1ef08,0,0.3389687768045612,0
b7cb5cfc7e208d22aa17ef640f487d7a,0,0.3389550208444592,0
1a2042f30f2a7ecefdde313fa0cf151b,0,0.3388900449452129,0
f6c7e1a95cb61fd044a33c6a38f2dad8,0,0.3388550740534587,0
8b7db08e111fdae5f59402dbba003d34,0,0.3388422531624236,0
e41da0436e057ffa77a4ab81cd665b4a,0,0.33883326813915,0
5dcf470ed431d559dcb412853ccea471,0,0.3388184292343664,0
ef89e8338074d92c4ad0a9e884f0cb0f,0,0.33868058281334007,0
94e648964abc6dad803a114aa98eb4b6,0,0.3386368032202926,0
b48d4174294cc546a7745ef40258de49,0,0.33861235849026217,0
5277f4f4f336c75c826ec3958286dd13,0,0.3386014248108416,0
6b9eae0258f2421d3877128750188562,0,0.3385507756056149,0
8d51216cfeb9efed71d0570e6a3c327a,0,0.3384337135928469,0
702c374930111c593cdd438702c16076,0,0.3384246816214068,0
d32f59758ea673e2622867d28cf71549,0,0.33841841949464047,0
c75fd9f11452279c655ba376114d6c9e,0,0.3383335543370439,0
cd02ec549f10e397eb40dde1ffe8292f,0,0.3382575730997186,0
76a642a5f1a0134a2bbbb05089a64c41,0,0.3382295670546399,0
5cb4b4dc4ba01dbf41973527b20d5440,0,0.3381780257226435,0
62005030b1a2bad3360ff68271a75edf,0,0.3381763565867108,0
ef894e1773fa0e4d5200562696788aad,0,0.3381564982564235,0
6e6370df933c94ece05fc7f8e7c2c078,0,0.33811978806902226,0
940aac34d4cc9e76c04cb2df90d0a957,0,0.3380871032738182,0
f9530f49c87c33af8b3ac5300b550d95,0,0.33808590933062516,0
71d6a9293d3533bc36743b4b10fb332f,0,0.3380354383906324,0
79eeb39dd415aa3c7a58fc42cf29278b,0,0.3379607668011798,0
5a9966d51e8f4ee8e409ed208a3dfe0b,0,0.33795636195556233,0
2f3e895f9da18f193afe1978e656037e,0,0.3379423652708328,0
75b1ebef8b5bd5d6a2a9c49e1beb1132,0,0.33794010024038695,0
3a359d463b5a79614f9206ec5e38b434,0,0.3379297089650765,0
cf3a12e8b394f94f9244d320080df100,0,0.33792569487473045,0
5883c17380bc970921a6c79ee2ea51ae,0,0.33782111368543233,0
adc2652cd2757c2adf987c064c7a7c5f,0,0.33781839809479863,0
5669148723002fdd7645383a967f622b,0,0.33776536274530305,0
314199be780a7dc8da9cd6efd9832d01,0,0.33775804723893854,0
7f34296803177bac2b4eab8ce8da0e95,0,0.33774897942301657,0
d26dfa98bd785e87a3d659aade51d0ba,0,0.3376820522550406,0
befb041460ac63f542e98b664f5d4d68,0,0.3376765826922702,0
3a690d57ffe6162386eade1f0ee685d9,0,0.3376757044857869,0
4df2ff0286227bf3162718665b383aaa,0,0.3376240217956964,0
3a39a225ba6f55523074cc509fd3d4b6,0,0.33762016202135553,0
337e75335ac0581e8cb807ffc9cab9da,0,0.33757727632903145,0
1e645dd1b963f8a4de3431d3d8ac3d5a,0,0.33756850764545765,0
0cbc5963f9399c06d2c0c0b3372eb241,0,0.3375649289943943,0
5e41dd374b16457815721cce195d252f,0,0.3375003030589112,0
62b690c75a3008d4712aa691ac30b7ba,0,0.33745773464117335,0
522d1f87cd0763c5fe91a7277b41197f,0,0.33743175614227705,0
286e342d243c6fc79f143ecdb2e2aa6d,0,0.3373962199969221,0
8b65dbaaed3c1f185c0d003f3d94a675,0,0.337370258243109,0
60bb068bf8d8d846b47af790ef190b3f,0,0.3373124150790448,0
48770182fa1f6631dc831cb4a99ca859,0,0.33730644763101725,0
d1c19268fffc2d095bf27843b7435130,0,0.3373012967569007,0
1e17c906173cbf94c518102351573fac,0,0.337270980219788,0
94600bfc9b8ac043b9c7670369e670a0,0,0.33722157058325186,0
e4319b41a4d0b678fd68840ccfcc7d7d,0,0.3371431661552028,0
f385b8b1e122cd51db5e358b1c161d6e,0,0.3370670350949244,0
3ae49bff8b4dcba7efea0f5f928b3f82,0,0.33706477384259004,0
ab6bff1069c7a985a00a92e7d1f0f321,0,0.3370477747736261,0
5df9c12190bc328ccb11b795ba6d12cb,0,0.3370382223500724,0
93d934c3a86cf8a7e0e7631fd80f9ce9,0,0.3369895316541256,0
793aa150472c0b8cdbf37ce8785234bd,0,0.33697745355035436,0
c23ce6b0b559fa63a837272f86bbc0a6,0,0.3368399973654382,0
950d208b22259f51740f4a8f181d98f1,0,0.3367890330714021,0
59b2394f4f369bc6ebdd38a5de11c927,0,0.33674889731571167,0
4b2d4a25c992ae27e00ad7f7048fe99c,0,0.336740658389522,0
e1cb618b74d0ca68e0c206f386ad15ee,0,0.3365702528837401,0
cd2998f855b8edf8d3b85cd1d3d16b95,0,0.336495866446683,0
9cf0a9cf35d5ed633529687cf5a97c17,0,0.33646948064126064,0
cd2e9ce0427b3f259d7735b6f2a016e6,0,0.33644880272881067,0
084fda7ed25e2b249c425263a2197bc0,0,0.3364141020565428,0
827a10e098173d0c076b5c2cda7fb92b,0,0.3363912390331501,0
3fb3392ad1e29e9f1b7a9d0a4db7040b,0,0.3363887103805416,0
e9608342e71101c660e6bf402e4154d7,0,0.3362744575095768,0
122b3df02e67e3477a9e721c6abfd4d6,0,0.3362250560141489,0
8f90f5ad24e2257cd3887aa3cb9574a7,0,0.3362118606948149,0
c8822fce1d0bfa7ddf0da24fff947172,0,0.3361170085892538,0
be09bc14d8a3f5cb25c70ec3ab757266,0,0.33605913921922037,0
a9924de6019137342b896d2700152e05,0,0.33600622826958165,0
a28596568a62c4d435f1d1ba30a20439,0,0.33597985380446227,0
49e09f9632871dca82da0db89bca0c8c,0,0.33588377322394114,0
3d074e025564ddf1f59c4535a2170463,0,0.33586849460537704,0
659140cc3652500a815b4e14b50d3335,0,0.33583580258263857,0
03b22e3c0ac42e03f94471e220f13f02,0,0.33583577839637063,0
f082a32f9abe1b8678ef88c7fceab40f,0,0.33573669202875767,0
0af9e2cf24bbd44ec390c828b1eb7356,0,0.3356587077160149,0
68ae819c73eb9de8d35cd66a147f0a68,0,0.33565579163992415,0
75fd60b26fd8ec7f00dff3a5dede2c77,0,0.3355740677740695,0
9a04f0ca97e81b8b008207c3e87dd183,0,0.335480898584084,0
4fd1b2e7c09c60c05762f31151d464f8,0,0.3354771645657508,0
bb0f3f180a7b1dceee67a5c3c5335966,0,0.335425075472176,0
86a2b7754f964102510d42ab30898f63,0,0.33541301187361594,0
a8139977dfa54f997c0fa51a87b4be79,0,0.33535061415814427,0
b16368d4d1a0c7b02b94b7747b6f7ee8,0,0.3353164435322005,0
b1c38836e338c83451c86b61f43b54ed,0,0.3352644918544848,0
bce81bd5656dc95b94c97f0a05db1250,0,0.3351045710710975,0
5b89d722f7f9e8a96939fb9324f39ce3,0,0.33500630009268784,0
680970eb6dc63a42a927a69d9226b080,0,0.3348904760584623,0
19799906f242be82caf8e374a7c4747d,0,0.33484841533313375,0
c93f62481f5ec94519caf019bb6f7c4e,0,0.33481614780449365,0
4d531a68877fe93bb78417a20d36047a,0,0.33478798446038827,0
cb8f643de79c9cf562f8e764cac8815c,0,0.33478218227405276,0
9da3069306d3a92c5c835bcfa0610d27,0,0.33477072429393834,0
94e62e9baf0b7cca77bfdd81ba8746cb,0,0.33469729801936376,0
34350f8d9be701a6645ca0bf954161fe,0,0.3346877185719408,0
94d89dc1937bd746551407308931c7cd,0,0.3346103796530595,0
3114c70ec2cb1c6f87827d47f3acd338,0,0.33460126744574165,0
46201bcc68ee62ab9d2f8908f7d32a66,0,0.33455553891569595,0
4ba684652def961d0506bf2409bfa1f5,0,0.33451124638968943,0
a3869c580baca0193761f8c48e293266,0,0.33451092465528653,0
7418c2b322a7eb0284eb12007cd3e257,0,0.33448522037654216,0
f8663f86a3c70a3707bb032e51c56f31,0,0.33439767890563366,0
4039b151e0eb6614313bc87b7875f2be,0,0.33431819655770106,0
7171228bae697a4d7e445f6d497002e0,0,0.33420242972678127,0
bc11c8e72f4c6dca1a64c77a03dc5e09,0,0.3341917560653614,0
dabc7d3bed4d9f97f9ac78df36e7a27e,0,0.33417373253427723,0
a1a9f0879ca33ce5414b5a2b1598f321,0,0.33416767529644703,0
a2fbff4f1bcf0c264386f46d292de14e,0,0.33416391871264695,0
858358c67144ec94205da965f1494ac6,0,0.334110992818334,0
d54c2eb321beaf333fc773495663e2b5,0,0.33408079052507544,0
a5c565a59f333f0d8e37f2010a825538,0,0.33406991449612977,0
21bde4e982c4681021edabb899bcebfe,0,0.3340552417371662,0
096209cca9e550c4c348cde7dade594d,0,0.33404831605890595,0
5dc6b780f9e22a6716b82eee8fe43155,0,0.3340334129629777,0
d4017905e4548317a2065065c8cdfad0,0,0.3340023166430595,0
273a1f5b9953aac34f2c846403614771,0,0.3339725460939847,0
28964effdb944d06f049b07fe217f3e3,0,0.3339516469726843,0
f2c6d591dccc85b23fb70d7ad2886459,0,0.33390735117758163,0
66fc2397a04f6470a941a6926cc71315,0,0.333870570897019,0
2cad3e3b0b8d08be873cbac8f0b9bc6a,0,0.3337157030363362,0
ac3d0486b7d480d8a6377c735a0e59b6,0,0.33368359884455345,0
4f086d10e3ddefc320ad90150536716c,0,0.3336413139310961,0
457e9f62de8a217e79f81b41ddc6c7e5,0,0.3336228405943672,0
7bfe141e2cb1ae24e63c43883b84738c,0,0.33347354334578244,0
2cb24ebe00a4b989ceadfbccaf00632e,0,0.3334570096201486,0
ecc6e5e96fe666e11c6a983d667121b3,0,0.33335210727252457,0
5c8043e39584d290f872869ff6fdc4cf,0,0.3333461694813438,0
b4b93208f74738929b257289b4fffb16,0,0.3333097317722992,0
ff913fbe58ff8a761c3b01f4c718fc85,0,0.3332732320518349,0
edb02b1c1d841706083765e2c524fd01,0,0.3332523221451818,0
a200ff89fc6808fc9ea9c0a41e040118,0,0.33318639374821307,0
5a4d11d56c3c62e630300b2e98a4c195,0,0.33315801863665323,0
bb4bfd71186140b526b7b38c44e82c84,0,0.3331008374117064,0
c0cea811d9ebc557a2f7054c82f76efc,0,0.3330130837356673,0
19dca9c19a60bebe4c0063134ee086f7,0,0.33291212864155706,0
4943a66958fb2f2d22f9173a3844f21b,0,0.33290360905619976,0
9694ef550b14073aa83d58e7b080a736,0,0.3328835023477445,0
af575381e1a9712ced599c185ac3efb7,0,0.3327430507473694,0
39aa89a6522cd9e2fdc69f5165bde5f5,0,0.33271961660085153,0
96da15363c1394365e691b6ca3b8dd7b,0,0.3327108753234082,0
4de04a0be44e82dcac6608d53770665a,0,0.33263543766866494,0
0823b56b19dfa15f74849b66908837df,0,0.3326293390089196,0
5689fe22b7c867a78b4afca1670420af,0,0.3326009002842197,0
bb9a2aba2d8e8e246b9da85b6b3a87c9,0,0.3325967222972124,0
fc00da40808e113053d8a26c3e854ccf,0,0.33257517134950926,0
1e0a970f17486ad66f2560c6688d93ad,0,0.3325635178431111,0
e93d7ba71f9edaa1360d2d16e8a95783,0,0.33253740314696395,0
bb2f08afc6554dac6cad068e40145cbc,0,0.3325166141763784,0
0362cd11581b91270ed0b9a1028b34e5,0,0.3324890164596305,0
c93aa0e864ba1e7bc1be1dfa5f1009d4,0,0.332480249282309,0
185f17e202f433ac9dfd82eb917f855a,0,0.33246854623895206,0
43cd3390518d05f809a139004ba1ae2f,0,0.3324560029824376,0
817ac0eeed3fb788b02474e60a02fb68,0,0.3324290366743484,0
292f894d036eb8f6a61fcaf316808e02,0,0.332412937200738,0
548b3d46fa0ed6a9edded242f0180460,0,0.3323141525425746,0
b3eb76b315600c9f8c3a711b6a3d1668,0,0.3322476507616829,0
5ad2402ad280a4565016316f49c24460,0,0.33210400341349555,0
95d1b6f4b2e08c6a3cd29384d97b55f2,0,0.3320683230780719,0
be503af00c47c568e3fffd9b2344b5c6,0,0.3320543354199977,0
b9ac5718b8f3ff34b2929ac08661f82a,0,0.33199747619370407,0
18bc87094128bbfe943cf88adcf72059,1,0.3318730090454415,0
48a5985f8d97849159f7675e5f05ed75,0,0.33185709058196905,0
53ae6e9262660028ed78e066ed2ee2ff,0,0.33185288602277535,0
a5dbc0adcbe267af4b486d23c67157f0,0,0.33184928059748814,0
024ab36a6207906cf0d2767466419017,0,0.3318483523840685,0
63a2711d2cd5648bb00af3a74a40e640,0,0.33183763879811734,0
6857e5a453e905401a5d638a01d2c22f,0,0.3318327028488061,0
3e6dec79ecbff2cecc69cb24e1741668,0,0.3318283799908225,0
09f0d1b94bfc27a5efabc790ba056f46,0,0.331792906036205,0
0d51c3b389b1778a88ebe889c12619a1,0,0.331792906036205,0
334deb4a736eacb94c6305e4e8278d54,0,0.33172848342063377,0
b6a70553f73cde17709a32cb714a40eb,0,0.3316532310544219,0
de2d5a813142010dde009d3746584d0f,0,0.33153784333286523,0
422b5cb4833a4703a318b73c3cf5fa3c,0,0.33151544494638907,0
66ca2ca7492e19de95ed449f66a8e664,0,0.3315017919241915,0
1e380d8c09047dccbb10a27ae8dfede6,0,0.3313743993215234,0
4bfed54f65c47b2e0f06dd0d3b03dd8b,0,0.33125009295850955,0
7c33cd0526679e24b19146dbba7c9266,0,0.3312382282222371,0
cc954c8e5ea38fbda00c70db940577e5,0,0.3311965131361692,0
22f991135d9f17735cabc8104f7657c9,0,0.3311748464889003,0
a0dc0910971f4c957ca0d19416566c47,0,0.33113486626089467,0
617a7998a5246e035bbf0c6eb97bf436,0,0.3311102392551114,0
345759b8cb3d30586551de1ca6905df0,1,0.3311085324478985,0
5201f2eb3d0052d8c37de85791ab48d6,0,0.33109201016079104,0
c990f557eb1c943d3298d296015b9df4,0,0.3310461620615363,0
7510ded3db0e669cdaa878e478f1bdb6,0,0.3309823974665961,0
19bf5ff07d8fd116a234c49d5d3b6f88,0,0.33093415397360987,0
349996f092e332ccff93cdb57ab264a9,0,0.33093101249222406,0
353717d06d318249e366cf83f73817dc,0,0.33091506215937594,0
ea413c4de30a628ab6c8f0f2cb35197a,0,0.33090889466848866,0
005f060d4223956c62b64e9567a36f0f,0,0.33084917255345997,0
81e0bb39175a7322865a568edb5f7659,0,0.33084857716376537,0
7d0687ed097422bd5a290b232348931d,0,0.3308109433227718,0
4b3207464f5f7a48a7f63fa0b1251d86,0,0.330778206772786,0
05701e8cd8fe331cc9b4262af27d7ee3,0,0.3307238723574569,0
3c124b000536c40b9a1049688a465269,0,0.3307191003459106,0
20dfefdb2b3f011e0fddfbdd546680a5,0,0.3307122170007749,0
630aa56bd010c4f4e671a046c637f519,0,0.33063486323915425,0
903c88e94d60602827df5cbdd8b2c60f,0,0.3305946528167099,0
e932ff9caa21f8d8f09efb639e79100e,0,0.33054170952256196,0
6f30e84188d9aa47cf1d4688763ef90a,0,0.33050184818532713,0
f74f1d6a350eee4e9dc08bfcfc7fe590,0,0.3304475015116385,0
6292603dec902259a5c333f58109da24,0,0.3304450156302559,0
9d9d1b89047588241d03772768201fc5,0,0.3304302089370856,0
81d30f15099b7091ffd3c2ac8f79082f,0,0.33039338468486157,0
c0c30222d6b8c54d038e444aec6a0fbe,0,0.3303311857423961,0
9fd8877693ff130016da781131003785,0,0.33031357154391955,0
e27e5ed677bb68b40be4e84ee1096e5c,0,0.3302891884187317,0
28e4e07d6455f539a49cf5965f88760e,0,0.33023466164043275,0
72ce629a45d8ae96d22c2946aaf876f2,0,0.3300819641346012,0
49af61609cd532146e7645dafc5df836,0,0.3300490604955926,0
55a2c780cc65e883981402b88dbd44d7,0,0.32999490097104106,0
08d1825b8f6d330d3ef8073ec9b3978f,0,0.3299352383282971,0
aaa1c67c77562ad0d99806a54088fc9e,0,0.329897411436541,0
7c7b2d0a713f1a40594f82b1f295a96a,0,0.3298888295383273,0
60e85408e5e18a09659765df4fad85a1,0,0.3298567581826286,0
64529bfbbfe1ab1832b1bad404aa249e,0,0.32977295124877287,0
981c8663962b9ee012efd63880b65b2a,0,0.32977279886715466,0
350e8b23ce9d4b0cb07e219f1735b04a,0,0.329763232375039,0
cd4b9f268bcad20a5d9cb8b41a2e6ed1,0,0.3297075930918432,0
f3c1362badd3a3912699f9b8461e20cd,0,0.32970446360146316,0
fed9327da5974f1dc498426af38f3bfa,0,0.32964828401638957,0
ef229329a0f5fae587957b9290563ace,0,0.32963061722963644,0
353783c5693e255ecd10defa6005a68c,0,0.3296240754898052,0
c9c780c755a4849fcf98a03a5e112516,0,0.3295664061820252,0
0413088a3122f7d9f8b064a7cd57f5e8,0,0.3295056920216622,0
effbebdf9854a4a1fa1783211054115e,0,0.32946759421510785,0
e2f1970303ff34a3af0c1d4c587f6420,0,0.32939153752205025,0
175f6054ac3c60c8bbcdbc517e457818,0,0.3293734845810423,0
167cece265777de38b4735c44b7f497c,0,0.32936152254562323,0
cd315f6bf86d704bf9f8d60147c8c8aa,0,0.32931873928774924,0
d5714a4277f62a9bf9f361e9ebfcddc9,0,0.3292433812946761,0
72a91ae0e3071d2b223ab8abb71639b0,0,0.32900984188751853,0
0c777ba9a0ee55a9e3f14490958c74a7,0,0.32898135370683845,0
5acb44e8f0ffc5e73a4166f51eede9d4,0,0.3289011825231768,0
87b5114bcbdfd51bcf0b350282b16b2b,0,0.32888114279695924,0
97b2d82807f75f96ebb7010085725349,0,0.32881824419760575,0
8eda9387651f7554781ce5a6ca439cdf,0,0.32881125884961415,0
e9c9682161ad1d5f51d7ae6e07447f88,0,0.32877724478257064,0
c45b94dc8921d187eaa93d1bbeca91ab,0,0.328669613602111,0
cffd0d926993c9d808811cbbd8b6b72a,0,0.32857986303593145,0
a4a4ec2c68565e8d9815ff6e1cc13c8e,0,0.32855521441395324,0
4b3d808f367af1b335a50960f0b8fe93,0,0.32854248693841037,0
1bcb8ba2ff5705145422fe5008e97c8c,0,0.3285335969934048,0
a49dd8503d568692a2845ed27a713d92,0,0.32849829911138473,0
2b340f83a93754a2bea96e056ddcfe8c,0,0.328459411162625,0
2d94b4d76656b186b0b717c23ed66273,0,0.3283338450027959,0
d1e1acfd44b404bfc13f28b8523fee5f,0,0.32831950954845074,0
617dd8829f9c1e89c84c151a8e79bb88,0,0.3282976411706624,0
f5ceb103755f000d1c56ed3929256a8b,0,0.328220322666235,0
861ed4dff1719a5dec6ce78b1132f2de,0,0.32814888688559063,0
847d1f7186feffb0bfe55c1d1961dc38,0,0.32810669224705474,0
ed1cf279de5fe5f5c1aaf703cfdf3ce0,0,0.3280873638425354,0
f148aee76936f27a0070e6ac4ebd9598,0,0.3280419099469645,0
4d210caec5d9a335920c4a33e8afe467,0,0.3279833845267582,0
917ea6ff2f71da154c6fb2ac2528af99,0,0.3279366886172169,0
47011ded765f5388dba9556c996adbaf,0,0.3279124790561834,0
2831b2a448bc9365af4caf0efe5fcbe8,0,0.3277565399397585,0
96c4b67336852f2e3307eff3db276434,0,0.3277480171437465,0
0c083b33d177ff8667fde152bd646ef7,0,0.32774141444231125,0
df7302c3c439d22daf6847ef8ea79a70,0,0.32774045800949736,0
e979f8af7c5e1ecdf30bbeee7461a063,0,0.3277100085111094,0
da85270334149dc7eb819b4604b5682b,0,0.32769381883032905,0
241569f85e7130fad233b7d7bb0b777a,0,0.32758008226529506,0
9011b2e0f1e26f56cbeef0be6a5f3a66,0,0.3273488244558172,0
31bf606c8e1ec22223a013e8f4081655,0,0.3272235354137082,0
6c0240b5b68fc5fa50b6a990e6352c4a,0,0.3271620082294703,0
c316b265607f1c464373e41abd702fd2,0,0.327131155673401,0
b029f13f9e92a709a47aa13a8207b274,0,0.3271293930728199,0
9b408f12da0705a93d8e83f59b84f60e,0,0.3270802671041422,0
aa35e690f321643618758e7ccc598509,0,0.327011574811349,0
ddecfaae1c7952133d8b64e3c59883df,0,0.3269405695997247,0
dd78e736826142c46dfba5d6ec8fd028,0,0.3268671725925555,0
2cd8b412a233023c50f0a36f12c5524a,0,0.32660592477375366,0
be937c1a6ba769394b350e2e3885d1f2,0,0.32659639935916107,0
c54a55223f4f92b93724a0337fde5b0f,0,0.32658247646084626,0
20d93ccef8bcc44227243e23ee009b42,0,0.3265749400217114,0
3befdc29b48b5c9416c10e0fd9ff9d79,0,0.326558337367149,0
880c2de566e409a3a228a2f05bbef4b3,0,0.3263627541010697,0
0c0c3316a01434687ad016915a5af45a,0,0.326355123585898,0
76b68868977a23d21cb2ac2c668898ca,0,0.3262648592679494,0
e8b989e1f4be9e4d8a865ffb439707b9,0,0.32612170623791437,0
78d2387fac855bae2dc8d728314d7b65,0,0.3260462882779019,0
0d3822dab084130129d8408887b23fe7,0,0.3260024946593434,0
98d29bee1ed43cd76462128119e38a1c,0,0.32594901152301015,0
d9643e0f17a9f63e44217990f46a96f9,0,0.32590093973035117,0
8a2333cdb1896477f51a40a3a97e7586,0,0.32573230465789743,0
454db3b8ab5e556358e87fe7df1be2d6,0,0.32570905967102104,0
759c4885e5172d44ab237e4be0e1c78b,0,0.3256320122973372,0
732517445a23f14603d5683d8c0e7b37,0,0.3255537443408462,0
c11f08cbb03fbd09e75c46e8e0aa3350,0,0.3255474413959976,0
c1aaaaeca74838e484da2e77ff5e5896,0,0.32553963889671633,0
73c4efed8d45dab6e5e412c2f3594fe6,0,0.3255223516263179,0
47d768be63e1e1261f6ddd3729276194,0,0.3254399491650695,0
4f7a81a0b04edaf86ec4c88c9208eccf,0,0.3252614299207584,0
91c85345f4a64761cab837e0157488d4,0,0.32524137468013314,0
202efea45f8d5ef76ccbecdf3ea26087,0,0.32517017213185506,0
81def1193ae82b7a35da05d0565767fa,0,0.3251577348065554,0
eab15a226ae8bfc913d38b4b6a5c1d82,0,0.3251374641440488,0
20f74230324152a778c8ee13154a0a48,0,0.32510277276653715,0
b409bb002749df6f80aeb379ee9b2c76,0,0.32508792711131845,0
23cd2fcf316e2f6bbebef0e2d6a43ff7,0,0.3250495073039876,0
4bb740141ad510be830b6c6b7914f25b,0,0.3249860823721645,0
027d5c59887b8a32f409adb105c9cee8,0,0.32495415591445914,0
e6c5e0c9e48b1098f14559e1dcec9bab,0,0.3248291731502097,0
eebd0ddc20220549c8e2905f8ad1d7a2,0,0.32481813761827993,0
31c014df5bd50caf330d47c60a7b485c,0,0.3246221527853273,0
aaaf9234c6309e29aed650ccaf5fcef1,0,0.3245128906783453,0
b4a76bacd02c4823afd23c34e8ea92e4,0,0.32450254241466825,0
45f3d2ee6b3d8b369e210ddbdb0c3af7,0,0.32432209279633156,0
afd7b301910a6aa6251b6ddbfb3a7e64,0,0.32411956444849743,0
93ca12e4de81b372d261af20ef832fa4,0,0.3241057479003249,0
5bd6c03585f70d7c822c736ccaa053ad,0,0.3238813763578756,0
f77be85d218371e1afd9685f7ae828b2,0,0.32382138921708437,0
af0eb01dfa9e3591fd168dd649b1b58d,0,0.3237150161492393,0
01469c41b00bb21cd01d2104b8e81384,0,0.32370481376338117,0
182ebbe49711dd49de4fbbdf4a999c10,0,0.3236337926275104,0
e6b415915b2965d636dc451a90658853,0,0.3235365906377819,0
71cfe83fce2ee15a5b19f5357afdd0ac,0,0.3235335014691441,0
adfe7ac29b6d503ef86218a91d63a6c4,0,0.3235143134014412,0
94b11d37cd61cb2994a194d11f89682b,0,0.3234800408979963,0
def2e3c3c00fa219940b7215d8645d4c,0,0.32345682756163796,0
20fc04abfaffa6e8db9673ab138b528f,0,0.3234008919336477,0
722f06d0d1882a157cc59c93da7e3a61,0,0.32316249923784723,0
8a0793d04e0f4be13434516ee7037104,0,0.3230729924339197,0
9b87e32da9dfe38a620873d51c74aef7,0,0.3230530170485085,0
075fc46f02fef5d79276ae2dc06afa61,0,0.32293795415907767,0
0ca4f40bcb9a321e4bfee0f3a23817ab,0,0.32275140336355945,0
a824f1926ada8e0765adea9b4f1babfd,0,0.322739572862126,0
253f234895915adfbbd6e7f14b41e64a,0,0.32268498863626277,0
62aa2ce0e682ea58be2f6a47cc4db61a,0,0.32257417185484477,0
37df6cf2f4402dbea288315fb12a84aa,0,0.32255903667174207,0
fd1159c8475b7f543ab1be4ed6207869,0,0.322535613933836,0
269efe3d194246cc657a359d08a64822,0,0.3224008777680154,0
643739da17021dc34f5603a1e96bfd38,0,0.3223703155449036,0
f604d053a295d4ebf0c185bf423be9be,0,0.3222300104960396,0
1f120499af090bbc76911420dd1f93ad,0,0.322215999276067,0
0c64b68753742932af8c3d3b2c98087c,0,0.3222097467882565,0
b9467743ef3bdb1e53f18199f809ed1c,0,0.3221795337455728,0
04e6e34e5ad54169544a7378223acdbe,0,0.3220812850118166,0
4415028333a4be92b6f62cdfd79eac6b,0,0.32206436011152245,0
f08a9f4828806bfcddab58e530766b9e,0,0.322022347865388,0
ae44e3fd0442d02e4622641099364b99,0,0.3219364618251299,0
cee4856c8a2c855360b1aa32e204a412,0,0.3218858283920911,0
fb67e36c7821196d862282dc44ead86b,0,0.3218647786660086,0
f80f8939945e7124d3aa21129986b932,0,0.3218457592696989,0
f49fb63bffcfd4315174e055c43ee645,0,0.3217596362572219,0
fef8b9e7aa9a91bd365f533daf35b33e,0,0.3216643001797612,0
d8498f6b01c50238faa7fbc56682c34f,0,0.3216596010921469,0
20cf6cb9152c080cf98970a3019e19d0,0,0.3215152605713298,0
c1254a1e8dde33aa9aa2ec0a5b93452a,0,0.3213998997312015,0
5b83a6e579043f9d293af671b3fde86a,0,0.32130786473829553,0
011fd4914a2d19b2a0e50c29cea5c6a2,0,0.3212794930043531,0
ff8d27e48d6492ebb97e3052142c47bf,0,0.3212115602399955,0
57cf0cbb103c2cc76b54b0ddb00b293b,0,0.32108434621729687,0
6dcd617b8df9d73079529b8719ec904a,0,0.3210539545356777,0
f964ff8c9303651329c6020eb2b5abf0,0,0.32098340291404664,0
6e1550b8966f327f29bc06b18972dbec,0,0.3208836335179962,0
d4277abfcc67f0a3b4e054f14f3e59ec,0,0.32085859930719973,0
7a2dd18c0df7348c511f284197bf6811,0,0.32066573135262866,0
fa66f98a662e32060b9fe20739150a53,0,0.32065437419718157,0
411f41970e6ce505317e540a067a62de,0,0.3206400879493812,0
969df6f6e673e73cac594a693bcf7524,0,0.32063715942344984,0
c0c94fca938dd4ffb548ae2f5032e3b8,0,0.3206350734822449,0
1c6c7f4687318090a16753eeefd5b1b1,0,0.32060380948282585,0
2bbd31725c1ec8632ab0e1f21568c343,0,0.320539147613474,0
6a7ee8caad3b24acd1400d10ec62bf64,0,0.32045983243962445,0
03a3009f100caa52ed7e0fcea1b20f53,0,0.32035543916750336,0
65daa3f22be546c608b380ddb808f71d,0,0.3203537416336682,0
386503f8c11b7c0fa148a77a039e6920,0,0.32033081592135,0
1ba7e2fe9ad84553996f4eb8d495782f,0,0.320293575249065,0
9db9a57cb8b240a18e5e72f7c8f8f09c,0,0.3202469891587993,0
1388412c79ec06a2c8bbeccacbc59030,0,0.3201297497560732,0
74e496bcdd3b1158234df24f351921da,0,0.3200533848369595,0
38ecbc9e92fd529091ee773a45085b55,0,0.3200204608591713,0
272c0b6034c4d5b0b42252d40a9b53b4,0,0.31987467637614436,0
4eba70ec999c67251d9bd44141e39f4a,0,0.31978786786432767,0
aa4418ff6da1335a7d1391f8b81e100d,0,0.3197805856596519,0
0e189e816b30a1f9bf0a3175785a2030,0,0.31973920764492453,0
4700fb5c5be4d27d6bed7cb5185e6c48,0,0.3197052034776954,0
e669781ce5426c9140dfecb3e32351a3,0,0.3195049365132878,0
77c47b5fef16741999450430f66d39fd,0,0.31939484768867993,0
9283be8b065fd50250ee479e6296c5d3,0,0.31928915114060324,0
92229a5aec9b0ce20826be85c841baa3,0,0.31916539211833894,0
539f3b8a4fbc3bc6eb1d3e4c83bf2abc,0,0.3190981693826238,0
f94a8d335c25ddfac4ab1d852667c00a,0,0.3190458363934066,0
c01a9ddc8ac16b8c24c5a432a627c8e8,0,0.3190185612232556,0
236655441ae8dd4485fd328d918186fa,0,0.3189460872477701,0
0ad45166f7c608cea70cffc074e78e4b,0,0.31891862483360406,0
32203277565d5e9a28b9f0da4ed32698,0,0.31890154994857944,0
d9a99b290182aff8db93595d904ab99c,0,0.3188873904800255,0
f9e4d91d3351fc9c75a1a17ff502442d,0,0.3188692116760381,0
56d9f7e21e5646dbe8148f88453ea798,0,0.318722621673107,0
ab34c4906de4713a4c818ae8546e54be,0,0.3187057909796611,0
18eaafdd580e724d84a7ea1d710fd88f,0,0.3186449371327246,0
5ce16898c9bd69dd391793100328af1a,0,0.318241126033577,0
83e75db9c4f88190e300f1a6cca95540,0,0.3181264339046105,0
e2be2bc8ff975c135f37ce2418e1c68d,0,0.31811764636731915,0
095750ddb298ee4c2eb21ef1311b418a,0,0.31808739214080994,0
67747e4941cdc8a082fd061b45e20155,0,0.31802958832900086,0
858ec48dbaddd52e729e8acdc8d2d108,0,0.3179403813728216,0
648f7830944945728e327cb73333fdfe,0,0.3178500566206291,0
1acf052c1d0ae624be855e1b92158723,0,0.317832810758574,0
9d74a7e29e866ee0302503f15446f874,0,0.31779324593600516,0
366701876d62a649e9c749452ad1ce2f,0,0.3177906663636505,0
cbb2892690ef7af0ef41ecce0c28cd73,0,0.31763459210682415,0
2ba5c871cccf8e10df91f77d1dc58006,0,0.31762659664677634,0
c0ffced3ebdad307fbf1bff6b9f65bca,0,0.3176203308048307,0
acea597872fc3f407ede7c684918d57c,0,0.3175774323982315,0
29765d0cf37b86c4abb8b0336b387c65,0,0.3175132987875709,0
5002126621a654c0930d9127d2096250,0,0.3175033167962073,0
5742406e72eceee07be827bd07fe28de,0,0.3174727461402025,0
347dc668e37fdec762bbc337aff5bb12,0,0.31732846583243374,0
6f204ac2e1cfd115fb0d35f4aa919c7f,0,0.3172628699539304,0
d28db1f886c6732f41a8f0e0f80b6e1e,0,0.31721246410180354,0
26665ee2e504396135d197b3e4721beb,0,0.3170001478764407,0
5fa0f7f2ca6541c1c4d784b7e52f449c,0,0.31698671431867304,0
b215ddb53799c3a910f361f7d2d5d834,0,0.31694094954846747,0
39c45a81d682aa754d46022c3dfc2857,0,0.31685221911978756,0
6354bc4ea9af4b861d0b019ee10c40ac,0,0.3168079116637491,0
cbdc6920ffe137ac734bb5ae05842165,0,0.31666744954152787,0
775cd7b4ebb9974edbbbb60d7b63f5a4,0,0.3166575811208239,0
e582d90cd110066a738621d01823ed96,0,0.3166543585368291,0
ca06a62a2275665a41188aad87a30ef7,0,0.3166209203456261,0
5775e893a4aeb1c749e1c5afa731735d,0,0.31661886393397926,0
55845d91497951227fd70e450ffb35e0,0,0.3165875019367263,0
e72e3708081c015d5b75358bbf7307fc,0,0.31655548425283303,0
983218a392d76592ad22ce4e139d219d,0,0.3165520035908503,0
1b9c0988bccb820c5ae423e3205c00a2,0,0.31652473185694835,0
13ec734449904d3346466df58a6db4f7,0,0.31637346796527677,0
4b0f4c2619f2f9ca0695227953e5f3ed,0,0.3163357039595973,0
d32117be1f591cc163d8a6a996140e16,0,0.3163303282047114,0
f0785d41d416fa827f24c4b95d066b69,0,0.3163014393491893,0
ead79f0f7e56bfe34b76c5712e623363,0,0.31614298798687607,0
37245a48d008eb321443206f47cb5c4a,0,0.31601914663525615,0
3c3d9150c48009484896efab04cfb102,0,0.3158944693097368,0
5cf05aa043b8c18f4350325eb425f107,0,0.3157941000099257,0
9e7a39dbb0cf16617bd4bf207c32989f,0,0.31575961332686103,0
9f87499f6c7ccf05c3daa03d76bfdfc0,0,0.31572045558728623,0
12845427d01e30997492ad688e9269e8,0,0.3156109469433092,0
c094ac95fcd52f821809ec232a7a6956,0,0.3155180670722308,0
0d607793b94a257e7b377b3cbcd7d4cc,0,0.3155099274022853,0
88c530af7d3c063519fbf3501ab4eb5e,0,0.3154177805494377,0
bfa3303d9ff1a7668d49cff0f44ceaeb,0,0.31534426987088077,0
535d35b2288cbdeb6a7ba74ca2173213,0,0.3151521813345304,0
8056ad5fa2f60432765758ccd7f037d4,0,0.31501514592435353,0
29bede8fc099d697cdfffed784313103,0,0.3149981083155804,0
04b3b974dfe285ac9f2eb96a6a9cbb9c,0,0.31492444190294994,0
5073f4e28df1653fc008e72c1a317bbf,0,0.3148155664196393,0
1b68d14e3ade3dc6d174ed730f0516f7,0,0.3146552726061567,0
1923d9efabca7513e7d8e2ab4a656a67,0,0.31462793272913325,0
5a1bd425ef99fef599f4159dd8838702,0,0.31453512018782687,0
18fddf2ac72dfaeba9d4f36437c09405,0,0.314458513342875,0
a9c952403649834b97dc1421b0723f0a,0,0.3144482614596212,0
276e32e47925fc3e069f0c821742dcb3,0,0.31438368091928676,0
98c385e058b15aae533e5e2c6181ca9f,0,0.3143650546837802,0
081f8c2a3da4bfd6b1aa4cbc1cff9927,0,0.31431930401119673,0
8a427c1bb682f37d161d345818b82264,0,0.31425975864996025,0
3315424c3588a42098b6b37a78aed0a4,0,0.31421920758914995,0
e2ebf2a8b112fe192cb13433227baf54,0,0.3141718540659607,0
97e54323b78a86d896c273c9ff83c570,0,0.31416031037273257,0
bc9d16f7f8377481a12db375ab85c676,0,0.3141594984770981,0
d1170e97d8d0a3bc3adf9cea53d6f385,0,0.31415110245994143,0
312ca503ca7b19889f1db32cd18cb120,0,0.31412503223631133,0
a4f70828df39e7723edbec4ee08891ec,0,0.3139375989851599,0
9ebebaeb7533b8b926ae54b1fa0e33e8,0,0.31391224826025405,0
2d4bfb886158eba380575a4c92a7a01d,0,0.31390875079437625,0
7eac2f7bed76b60c333c8d646a8300cd,0,0.3137045781236247,0
ca40481c9c607bad6c15ed1ddf354012,0,0.31347078032759934,0
24a5c2b24a4467c37e2f54c1b311de93,0,0.3134603756611738,0
e342ebdde0ad92773298b48def63e714,0,0.3134310414023327,0
2b3ac257966bac3547deb8424596deb7,0,0.3134247742461688,0
157c95d6d16d5c99d6c0355f3f8fb220,0,0.3132705885175835,0
b9c40cf57e5c906df8abfd8682864943,0,0.3131106282721857,0
3f25e9b278859125689d5d8373740260,0,0.3130022294511962,0
98f35761913fd1bbaa341d160c7e2745,0,0.3129163295557944,0
a536641f7d1a8532351f605f0e266e10,0,0.31291583771513354,0
4b5f998cce2788f75444c20bd6a3d065,0,0.31284771155215857,0
94e15fa48dd526f5e540fb9b5332e5de,0,0.3127245821241285,0
c9517b423493063fa4e805acf2cc4564,0,0.3126321039664756,0
aa6a5249d19627faaad6d0291a966104,0,0.3125862559108647,0
f3cc15d4f36871d4e330ead99799f2ac,0,0.3125754944832162,0
4394cce7a16aac93ea8f2c18124b1f92,0,0.31253096845896744,0
a33bb670bdfc972c485c44923aece1df,0,0.3124483669457781,0
ea74738436e9be0cc383049234b5ad51,0,0.3124324585932738,0
f27f6f093a0769b96f8f80a445c9fba6,0,0.31239345279651237,0
ac38c74aeb019552b01767cd6e3dd5ea,0,0.31238081278621327,0
0eaff0480bd972db84cf247671da4130,0,0.3122386999525804,0
59e8e80c76fd00eea739d8150f1e93d2,0,0.31215997698727205,0
b9236594bd1e7a7203767b53209b38b8,0,0.3119662355619742,0
c9fb70924f052a5ca6c30588acd6e87b,0,0.31186506810691667,0
d91be532e6fac7dc74e54faf7085845a,0,0.3118492433922017,0
66b4a441fa95efb527240f103e4182d4,0,0.31167236839697327,0
797430cd135c3d6005425357f9805296,0,0.3115548872959774,0
24072811917876a84c81166f96aed0c1,1,0.31131473670424065,0
632f5954f9f91dcb773013397391bd91,0,0.3111925314972184,0
f2fa99f89acf8b2c2f63775d218def26,0,0.3111068056141427,0
2bc0f9b563cf9b6f7b8e01c45e6ff530,0,0.31110677351430305,0
a23f97165556937a3fefcaa6ebf2d07c,0,0.3110913517740757,0
f6b05295c28d5b6a48f53045968b91f9,0,0.3110866523881071,0
6709a7ea04a5251937e8def213bd93e8,0,0.3110068826862946,0
6939717d743238011a47e518991b60d6,0,0.3110010594314417,0
c09217739fe44aead63c4443b5264f9d,0,0.31089624677519423,0
1dcd5235c92f74a05c76b538ca7e7d62,0,0.31089595458583347,0
79538aee569d709ed810606a5eab6f72,0,0.3107611696752047,0
fed2921f7829c3df662625b8ca5f16c1,0,0.31074357145923237,0
ed47b518cd4a44443d9c573f05cba1ee,0,0.3107209717634858,0
db3085b20c88461e17828da9b3d828d8,0,0.31068838354634853,0
1e060fb5efaa80937d7b9377f9dd0da8,0,0.3106024013757512,0
5dad5f94b67d63bfbb4c0286aacccab3,0,0.31055213487799943,0
bf9d92cded4a9c925f990d2c33f55a82,0,0.31039176654900147,0
ffe9102bb78a76921ba0ff3c4659616a,0,0.3101655762775102,0
a84e67dfb3adb1a5d956bcf86baa07fc,0,0.30961636935922177,0
0da93f0b65c2af1b3fdd5a74c58857b2,0,0.3095915694090984,0
1ddc4c53473fb7a35191516f1a32a6ed,0,0.30958403402723855,0
b45706a76852d3d027f1872fd77bc2c9,0,0.30949524228379793,0
13ffea011d319311b0a2a02c2ff41d54,0,0.3094290210165489,0
3bd249eccb021f91e1dd0b4fbed24c68,0,0.3093992442967096,0
03f3956529aac8ab54669986dbccdea5,0,0.30914782414333997,0
e0dc2867fad669a57be9492e90092a5a,0,0.308916404317561,0
18f4b2b0a9d6b393ffea532c2b8d6e55,0,0.30884773901135454,0
34fa92afa2fe4624e2476d6d5ff4390e,0,0.30870768880835897,0
ba9d384e5965483393ac137b3fe64b81,0,0.30869377484479427,0
a9763680d578583eda097dfa853c4671,0,0.308390281924664,0
1b8d13d34b0828979e173977f31a16e9,0,0.3083524734452391,0
e8f21c085ad4cd0ffae015581145888f,0,0.3082973087866037,0
dda70e98b52ff380a9f4c67ba1baeaa5,0,0.3082447361647529,0
c1b7893ed0fb6777c4c10e5a20f11df3,0,0.3081553052248887,0
b2b9d8df6bf7845fd234b7ebabdff6c3,0,0.3080298928735313,0
237e7ea904440e925e22f84fdfaa8e55,0,0.3080260923345274,0
0aa6a7b8c8ea95a92b4949865a66c25d,0,0.307985007655815,0
43b08d281d4af0b878d09f942ed5978e,0,0.3079054823627584,0
fdaa79b9ae7e3cccf3ad02f2c5be4f8f,0,0.307753734744532,0
464c15327646c422f5f1828b989417d2,0,0.30771042480710536,0
91b2ce089a08af9a81f99d087f1786f9,0,0.30760777732697836,0
e463c284db8630df4b805240944d39d1,0,0.3075454592989305,0
9cea402fce863ec4bee5af27306e213d,0,0.30745142854716834,0
9dddffdd447ab3aa654122a6a1049906,0,0.3074195476542629,0
4d659e1b87aa0f614ddfdde8733849ca,0,0.3073168167132475,0
eded75e5d70931a1afe1f94213896eeb,0,0.3073081537128998,0
8f9be157066c7df744a08964198d16a4,0,0.307305686278741,0
72aef312ce554f78a2faa8632aff6f35,0,0.30711876346682676,0
ba31ea04a575dfe13ef189d5dc797a5f,0,0.30708640205576665,0
01b466cc9a9e663eb04f4b8890dbc5f1,0,0.3068501459740308,0
d38867091f1bf3531ce67c7f4b93b39b,0,0.30683112965972703,0
2c10614a03d9c0368d939ba56d0b54d3,0,0.30658689656445354,0
d6fdf70f71d5b82ae601638a446bd228,0,0.30658295164595234,0
ca7ee1bc75a9ed79f6cc73a0b45385ed,0,0.30644833605203997,0
474e6f9015656d6c09a2f572c8c64ec2,0,0.30640561515044323,0
2189407b96474fa4b84207ffbb8fcdc6,0,0.3062400048714442,0
e3855a2bf01bf12d6de04c4c6af7b1ad,0,0.30623465827078183,0
15373e1af6ccceb6dbff6cf49a4ca9a4,0,0.3062342950007729,0
5f543e3cd868d4be18b8764d62c2a464,0,0.30622853580550125,0
633de3125428a2c250d760fdf9e4d670,0,0.30617988659394674,0
db400fdadc743efd3e327fb446c58523,0,0.3061726752146705,0
a2de395141e65ad3d059a19c67c497bd,0,0.30586979025059347,0
2e8eb06baae199a63d3a7b603efa771a,0,0.3058084751235057,0
d93129fd763bf7f5541e5e69dcc2830e,0,0.30560764084707626,0
ba4a2175bec63f868cfba4e6ef36c29a,0,0.3054270973473821,0
e8ead022ae2b3779a4aafdcb1bba8f31,0,0.30539121251757356,0
6d3a5d0d75b907650d9d86b756b8352e,0,0.3053140624830407,0
57b0b8c2c522feda58822ffc4f680375,0,0.3052251651953643,0
3845629d8ac15f4c0e482b5d68e608d8,0,0.30512000965693464,0
425f2f28269c677f0e79adf349f62c0e,0,0.3050840184222582,0
53cf36f383a2f36273af201486eb608d,0,0.3050806782407001,0
bb0c181b34b3c55ac9019fdcf9933e4c,0,0.3048431036582052,0
0fd77103b2734193d2bbb936e774418b,0,0.30480555907589774,0
df6e5c06001e81f72cc246463633a6d6,0,0.3046268420787304,0
f5e46fd585e20dad4a0867db9e27b8a4,0,0.3044852983155023,0
7b0eaf68a16e4808e5388c67345033c9,0,0.30443688172723776,0
798c34ffa9047399853eab8ca7c0b9a0,0,0.30440401585770144,0
81f94b1e1e86a6ab7040ec51e7503189,0,0.30440073242492527,0
47a1c03d394ce25c842bf1b0f0bf285b,0,0.3042700136090032,0
59756c62ec090e8323aa2a526916a246,0,0.30426575494792735,0
fee302f7605a1022d1a885fa5e2cad6e,0,0.3041664753529886,0
73252a53d6a47f20fa67b7a56f7771f5,0,0.30411596862437196,0
964392938ff1dee545febfe2ba106e4f,0,0.3040635657466308,0
a546dd0e04bed8ec619f3f8a49d493dc,0,0.30391331757095574,0
dfc02cf6b5c4222c8d5408ad15acb02f,0,0.30383074444990166,0
5c768e38434aeda51ba32eaaf77d14e8,0,0.30375540433976156,0
bc92569dbc9e4f60efbc7a2e3e1d1bd2,0,0.3037505447217036,0
3b0689f9af2dfc48d4e30a8a7260d691,0,0.3036781674512779,0
aa28a9b35d89b5e84007c3893a4ffa62,0,0.30347203124249333,0
f78cf3be6c8de0b9b1e1fc017c707fea,0,0.3034478618206921,0
06e7c0ffe7f197e5ee11cd888ea71c95,0,0.30329221903225745,0
e7121d8ee3e85dd6179d14a6066b1218,0,0.30315647215959896,0
77722ed28b37c30bc7d25319b0a14b73,0,0.3031050033863734,0
50aef30dabc7aca975dbdec85dcb848f,0,0.30306774768177974,0
91b489c3aa6a391c1ac48a4fe3a131e4,0,0.3030231728425799,0
a65230a5d1b282ea3be0a589ac3d76d3,0,0.3030137862765453,0
a9530b74fe56ca4be9e5f2c7e7c4175a,0,0.30291589574098066,0
3324de1a5d539fc4f9ff78bd5e226d2c,0,0.302816312281716,0
05292bc3f6db7fd79133285a32a82d53,0,0.30272229635564546,0
81969213c0db697f2a6da4a4eaad1bf9,0,0.302634470858349,0
7bd511dd409b8df39a6b4a5c029cc973,0,0.3025888695625889,0
2026fd98a236e9f50742ccfbc21112f0,0,0.30257235094169954,0
068d4c8ab0671a7cfe81a0ea95e5e895,0,0.30254527496498484,0
eb236ab2dfa54515610c137e1cf493aa,0,0.3024137901932904,0
4efad00329f18b34d5fc2d184eef280e,0,0.30230379567371707,0
29cde91fa14abca6b723ec94c18c2a59,0,0.3022344528972014,0
2727bb95145e3b7de25999b8598b3f6c,0,0.30207385692062594,0
05eb062756e6d4358e72b1caf0ec22b1,0,0.3020199065482897,0
618671719446aad2d578f97b9cfa915f,0,0.3020152723948047,0
f4b91e90a1ffcf409c614d8a2db3bc1f,0,0.3019867767834208,0
67248a3ca35dbb1c48a6b23366c719e6,0,0.30192518100723725,0
66f457f454f75af079e127189a13587b,0,0.30191012596945216,0
d35fad2ad0793f125d47ef65036d3de0,0,0.3018548746379642,0
666460795fb697dfbf23ad82315b2148,0,0.3017919925628526,0
5bb26921b0a1b8442fc75114bd80e946,0,0.30172141481121606,0
d26d2fc438ec98cf77465c211a4f843b,0,0.3016921587908932,0
e819069612699e215127ae14289c413c,0,0.3016130374081381,0
02e698078df64c35152a88cfe52d29fe,0,0.3015082770640252,0
cbb8672239d6aa5041fec7db9be70971,0,0.30134126048396204,0
903fccb1294b588a6c82921ca23acd0d,0,0.30094752419280935,0
cee4b4591e7b82254d2c518cc30333a3,0,0.3008820851406675,0
9f3421bef3e901d5e45f6f1e54662442,0,0.3006760266286953,0
82900a065350eddef000292556aa0802,0,0.3006172065418859,0
8a34eceff322b23db7ecfd88d3822529,0,0.30054718996128726,0
1f57ba007f9b05f63b26f5d666b2c448,0,0.3002848987625333,0
6bf29f2216d49bef85259f3944f69738,0,0.30015889083655123,0
21b01e4f64e8861bc48cf10a263bec7f,0,0.30004442711487694,0
379d171e0e9e9c93992d8ad87d9f7513,0,0.29997634697900033,0
9f9420e913cd391cd59f3de99bf9c3d4,0,0.29985478472789434,0
df9f0597885f6b03f08f63aaf6045d06,0,0.2996129954294799,0
ab772ce767c4a9404abea97e3c44aa5d,0,0.29922456803494024,0
b1f8d8ebab0d8174f573bb6797ba8240,0,0.2990303770866996,0
2526f439e4069ffc3961e00a84431cc5,0,0.2989429534403964,0
c4230588e2960302a38b7d7e7f7f2bc2,0,0.2989139974053696,0
e86b23ba03d921e76f2c39380b448a2b,0,0.29877113977510517,0
1c2214f2e89df8198bc28e21bb723dbc,0,0.2987494471606837,0
eda69f0a0907da23f1dc89f9d6fe6877,0,0.2987244455883544,0
622db09504308011ed01e179e89d0925,0,0.298705108094374,0
b1324928500c7eb187957630199b6113,0,0.29846361160514673,0
6e9535f7b8f9d861b5cb705c525663ff,0,0.29832968274280375,0
2b46edbc40fd5cdf0d218e117b480191,0,0.2980972216203969,0
06b77fff2cc4b645c3fcce45c57fa9b1,0,0.29738609182960046,0
ec9994d477cd504743491ece00d049ee,0,0.29688197630727275,0
d2e96fc998d538905a948410e26fee2c,0,0.29680406487605915,0
6aab55340c510f7f0a88f84441cbccf2,0,0.2967358096951975,0
6dc90d194697c0674a2f3df5240acde2,0,0.29646921645056606,0
5ee41241785af239cd4ccd226927cc08,0,0.2963776598835533,0
219bb2c5adf87259d3018f6f14220641,0,0.29634400158328217,0
fa21132f1239479db4816f53feb7221c,0,0.29561820558712887,0
24c0806a2407ad1f14b1323849bd246c,0,0.2952254054420944,0
2d3e5076f14d42da578f63cec9644b9b,0,0.29521171365410315,0
0b8f908a3b8e307be5c917414bc8275d,0,0.2951800836449133,0
5901ed80ca7329682efcf2de0b636d5f,0,0.29499294990582603,0
4c1d54f69e57a7999f21f2af9c6a247a,0,0.29494198589714854,0
785a8a410d6fc9661d66f7218a87229d,0,0.29474688048331193,0
f3e619ca533e11ab3e3f1f03b55e3192,0,0.2945162867549065,0
069d3082416b15225a220a70bbeeae99,0,0.2944463818312915,0
fddb0443caca83884ff3d7e44a9bcbdd,0,0.2943777553955014,0
11b4e738620fcddc5abe37a1cd298d15,0,0.29428987831597847,0
761fb886f61539123668aaa3b750033b,0,0.2937824919961187,0
4ccb9e4180e8b01c2fbe9b1965929260,0,0.2936249274096544,0
eba231172aaf34a3cd4094bd11dcad08,0,0.2936025345260726,0
9de5797cddb92598755a0f76383ddbbb,0,0.29350365068634565,0
367f810d77e192e1440edd2afa6b07cd,0,0.2934911875181986,0
f596242db91986b554f25768577cd5be,0,0.29329883834591053,0
bef334a9b4cecae4dc0916d62a91dbbf,0,0.2932422861216182,0
6a0d737e3c5866199a1a6262521e5a61,0,0.29305158874171683,0
777f49cd884e35d4f7983f59f5fc6c98,0,0.29296466180733816,0
803461347ee3462973945864b85228dd,0,0.2927348230077122,0
20b72badcae7a60f803713e9bc93311c,0,0.2925340208487342,0
019d47513bb1164cc83fc2d6d7123ef8,0,0.2924011747312623,0
840048bff3cbd6d92d97a3816521222e,0,0.2923575284459766,0
21c008a3391c524e97b5c6210503fc4a,0,0.2923319169555561,0
2ecf41dba06a6e4d0130d73392ac19e9,0,0.29204905181402036,0
2b92d3424e4753507758b17ea205e18d,0,0.2920059809515047,0
bf125c96ccfb2f5e0e7a5334a09d7275,0,0.291598073265139,0
8d19a071f7a43b7c1bb71f878864d6e2,0,0.29148784781128,0
3359a47fb58dd5540f33982a3a3fe4bd,0,0.29146903479167924,0
5193199e9fa14917b155ca22087f1ca0,0,0.2913993848131929,0
72190b69b96d51e002b07103b1e0c809,0,0.29113169433890573,0
726dd67429ecc11aa6256a9d8d41ae97,0,0.29110628151812595,0
b13946a927132681cffe3992c4ee284d,0,0.29102108805292837,0
9915eb9f74b6c11aaf04833f65b00e93,0,0.29090284577710757,0
3740b90925617bd17a12df71dc6f91b3,0,0.29089401707670537,0
aab74a97dcb728b3d4e65935a4ea2aca,0,0.29074056704793033,0
1d7f02d5722b6cc77fdce9c423ce7798,0,0.29011471534031896,0
1fe76010d06f4c73ed78f3a7d469d93e,0,0.2900261352332995,0
2e92a624a8a3f8ab5eb51d42fca60e5b,0,0.28976266152758023,0
2bfb5880bfa061bee717d6c3a41c5b7e,0,0.2895591202311665,0
2aa0f1a709204182d465e85b3ed30681,0,0.28926576826248823,0
7675e77d9cf89747d832a15a67b9a4af,0,0.2888438609470427,0
a34dc635486de07782636bdef2afd77a,0,0.28882258441753855,0
dcbc0dd1ac670eaf3c4f15b14c886419,0,0.28879691331317553,0
de4e3ce43bd5085fe445e08c68b950f5,0,0.2886030091627516,0
0fe9114129c81c945c319dc5af0ed961,0,0.2886030091627516,0
a2ac5295548a4893bc35b60152102cdc,0,0.2885866196103278,0
766b6d27cc73772f570e1c425a4a37b6,0,0.2884187384130842,0
90cef361fed2e841d4a2ca888590b952,0,0.28813370516713144,0
71a0fae4064662f2c70190ac39622eae,0,0.28806571357584954,0
6360ff9a3d58800ba0b03b1c6c290d92,0,0.28725625217969963,0
fd92f269caf698d36cdf0f6d5ed4685d,0,0.28723334223573704,0
a99697757b492ec1b8cdc2f245d9d116,0,0.2872272098521855,0
2990f218665832600f7180650703052d,0,0.28718464975328833,0
49dae64c051e825501a36b1765f893ac,0,0.28714778074607844,0
be7fcc357c85f653824260eed04cb57c,0,0.2871388710404435,0
c2154b6ca788852f644e6f56dc7abbe9,0,0.2870994948284289,0
ab95fb4ed249e41bc6aa1951c79d2582,0,0.28709833214411007,0
9ebb078703bce2d1db28c206d2aae886,0,0.28678031946902965,0
4fa26ca8091ebd9d2d0af6f67a915346,0,0.286763116116539,0
2cf5f400e1fe53d4ca5684d666491fe0,0,0.28672918502001776,0
13f2fef5cc2213fabade4ad7d32ba6ca,0,0.2865584313615952,0
95c47b016360d9186ca9138abb0e080d,0,0.286535959360555,0
4ad7e8137a8f2299cceb563ab66e0317,0,0.28612041796182863,0
0e1990d494dc3c1a2f5fca4b56c35a4c,0,0.2860047782354816,0
ccc9b20de34d924b23584f1b7fbc70f5,0,0.28564832919673294,0
367804e9c1dfed544cbf1a457f88fe84,0,0.2853004492146581,0
5270cffd29ac266ad0acc6bf4261321c,0,0.28529506697825385,0
0e1437d1433e8561302ceb1b3b8e3f4f,0,0.2852601876987488,0
604f317cbd59b4de7b91326f61626d90,0,0.2851133050426576,0
15b2459300f0b85b233d798c23552cee,0,0.2850703348613835,0
d4ec1db68ee6fafe0ce4293bdf2c1b4a,0,0.2850688636438771,0
945cd1869f42eca5d04a7242ef89d0cc,0,0.28473786404064017,0
ec818580e00a22524f0661e18eb402dd,0,0.28468608547872415,0
5b806c2f8936274f896a37acb4d09a63,0,0.2844038294683927,0
b58f4f278a37976550360ac12328c852,0,0.28426957026542055,0
8eff9cf91843bf847f0b18828c5e16d2,0,0.28425683512651095,0
58e797902618c7cf245d9fd9ed978b9c,0,0.28407916897855684,0
6bf33cbc32d6feef3072bf6a6ff13769,0,0.28396118640515766,0
231fb63f9dc7482c7016020ef322b011,0,0.28383347226831085,0
f601dac3f9108158f75cb1418af5a5a9,0,0.2837610074293925,0
b5d10141ea7d2269c703257d5cea9213,0,0.2836203811545164,0
5d2db05a565eda438cf5069b7be6b1bb,0,0.2833962797347011,0
97bc69433fd6d2e3fe202953afb8d6e9,0,0.28317368143640986,0
7b3a9396e5e5750ee23a07ee6e78c107,0,0.28288894391974834,0
c3d0ee564fc089ca29e86029511c3d62,0,0.28286995555494654,0
2bf93b9956e26356b52f5d426c7801de,0,0.28267694314784514,0
083e14981d81da62df32871d3c1eaab4,0,0.2826486630485135,0
760337c825700b7db6d44a71c06753c8,0,0.2826109408661883,0
f1dd3da0ed3a1ba8643a2e032a051568,0,0.2822628601371664,0
ce3a0f7f48b1cfa4fd6ec5df1aaa535f,0,0.28209211857313143,0
13fd40d88ef00ff2c375c1ec7fc89b2b,0,0.2820199653448436,0
fe14ddee564cae8a9d43ede66d5e0b4a,0,0.281822929902124,0
5335dd92eefefa110060e75463396a20,0,0.28180749297030727,0
594fdb8a3914a91415413b3a467fa862,0,0.2816530280896683,0
b05dc8ebf6b00bda6748a2ed4a5fbcac,0,0.28150380720057755,0
5db7f1850c41ddc2a8b0c1699ab35ccc,0,0.28134902094700753,0
5d5adbd08f3898549b7a636ba275e717,0,0.28114875928619526,0
91efb7fcabc17925099dced52435837f,0,0.281092389702518,0
cd5a5843d35eebdf90368bf24d4a04cf,0,0.2810587843492896,0
e59e80fa326ba8d2e055c001d4053ca3,0,0.2809460126055086,0
65fc554b3febcaf5130b3af6fcf61847,0,0.2809327261673477,0
88ed5da9b610ed59feb01e4eed5e4c2c,0,0.2808823691994616,0
e49d8761ddd1aac4214a2beae275e6d1,0,0.28081031985547306,0
16b73e9a800062b64782f4dd057bb757,0,0.2807052242686101,0
8fb0376e151713747c496f5786f8e042,0,0.2800553156069014,0
c0ad7fbbd3bfcfcf62a27e4d970c7f90,0,0.27969949790924264,0
44f4e30c7aa3df7983d97f2b96c3a0ea,0,0.2795986807902328,0
5ade76c1b8598f4752607e46984950d5,0,0.27950631518466773,0
df025c7a7a38c96f62ca9e718eff51ce,0,0.27950561838524934,0
3c34090736785a45dd8cbf536ad289c4,0,0.2794117681920207,0
b1a17b1877beaabde6421f631c95a734,0,0.2793756007434235,0
07037844cd0003dc83170ae8f2b27cfd,0,0.2792045347925697,0
f00dcc95289fc9d9a4938889748b94fe,0,0.2790364017651561,0
1ae1a1d8cf3036555b2cb2a97fa1ff07,0,0.27890619328569993,0
a8d1e9936a5361e2547acf93dd4b8bc3,0,0.2788549851503418,0
ccafc1c3f270410521c3c6f3b249870f,1,0.2784775608349545,0
366d439bedc1c714fc7627dc9f987aee,0,0.2777585973782743,0
f520898406391d568927fef788d4234f,0,0.2777145981398871,0
1115ea4b23b72ed96946ab8597ba1f96,0,0.2776386536835887,0
59c282092153b12f70ae32dbd3203a7e,0,0.2776050028187349,0
98a46f046c9ffe7964933b1f80311904,0,0.2775213374170074,0
109c0f2526129329137522a791ea8170,0,0.27721393318019083,0
e105dec92cee6465244879914c792707,0,0.2771831998322531,0
95288e979ee43b474b3c0ae7eb3cebe5,0,0.27693835528627836,0
2fb246d1ccf7be8743d4a385db89cbb9,0,0.27644644864297657,0
803ba8d15f1a2f90bfdb1c2f2148b6ec,0,0.2763086364178297,0
0b16886fbd4636b3ba85d357ca317732,0,0.27603134059692713,0
999386a35cbb57d3e5513ce90dfa7fa7,0,0.27595202047329287,0
864a30d21c802bbf0f03affc40a8ef45,0,0.2758061805363944,0
93d21068a4b6b2beb2c3cc9d44f948c0,0,0.27577181005221274,0
650606c8d2e45478f993ea474fc8f91b,0,0.27566414979383635,0
f79fe58e24e35fe4c036e1fb462769de,0,0.27556350314426115,0
2edfdcf0f06e4baf2c1a9b91866c3b6e,0,0.27540055005613406,0
ace285a2bebd4eb4a69cf13a91e726d0,0,0.2753968786942071,0
8cab5089cf309b5ee530574382dd195f,0,0.27497813446520775,0
51387055bdf28f0c6f9fba8b636cd436,0,0.2749278024281613,0
995bb1c47d900b47cd32436d8a622593,0,0.27468325585834075,0
2bd27b964002f0a2e7bb361380e89184,0,0.2746738014383472,0
59a380a65d002fb22c90d90099090a8c,0,0.27389962698831205,0
c319f40740fdf4e982c795eb1eb6d6b1,0,0.27376300042552976,0
ef4959fc277b683cc049941a6cbb6887,0,0.27375057212835663,0
10ac97e970f479a6fc6be89aaa6cec93,0,0.27369578659752475,0
2ecd61ee84be014b273910e450c1a326,0,0.2730624499692799,0
19c234133aba7d80533e0ca98f3203cb,0,0.2725555879439708,0
59a58d88988577c86cf8a9e5570351d4,0,0.2723031530993926,0
43f7e3bbb6ef01b8524741070eec8701,0,0.2720031997112952,0
a4ff7f3161bd56ef7518647f4e14ca9e,0,0.2718905538363073,0
08e3a5cc324f563d7914b2e2ac3685d6,0,0.2718755872889744,0
fc21b4c52a959e15cdf966ec8b113221,0,0.27158202203091414,0
56e81da4480d1d95cece250d5c5d7173,0,0.2712354942416793,0
cd6c68c5fad15e0a5a5c1150546704e0,1,0.2708937332023551,0
d748ffd406ceef24252c8879c1b27f96,0,0.27079117985830214,0
60e25dc38171becdb0abd13aac4ece3f,0,0.2704113679006767,0
9a333bab1b87584cfde9ecc05b7aa668,0,0.27024282020230145,0
938c00fbef88cee0870e41b55870a9ce,0,0.27020792304225444,0
c42bcc96458e658b55b24e3a705772f6,0,0.2697852415466149,0
e264ef071f4c0fb4a0f3e9139b283dee,0,0.269697382256785,0
f16a7418dca2619d9524be10babfeb5f,0,0.269661966538159,0
70ffa6734aa0f9882e8f6aec13de6b1e,0,0.2696378459809302,0
62875d300d81b5f33990d8bd3ef103be,0,0.26940781617209897,0
d0e492ab502904f025b40de7e32f5374,0,0.26939730173638926,0
5f1602fa1663ef4b6726cac5ad465de7,0,0.2690793296003485,0
e9737523e569c19a06d8afe7f030ccc9,0,0.2682101533174293,0
db890d2b3c871e8e4298f21bc8a7736b,0,0.2680879717946969,0
f85107d1dbc6b78bb1c784d5928c14c3,0,0.2676382753565163,0
87f0a4b4837b52010b4bb2359cdc3896,0,0.26701774137926265,0
fe76e0d2ff56927716b573babe7f1d98,0,0.26700996837847796,0
7a5531cd96b9def6bd36bc530f317381,0,0.2668152579752631,0
7fbb6d8f1f76288d32ab1a4e74da34c5,0,0.266439531064962,0
bdfe47b4aabb5f74902e1c197e18c549,0,0.266439531064962,0
3bdc76a9b822c247122bf22bc27b321d,0,0.26634158936137337,0
0922f37485310929b1b94e8f0c984ca5,0,0.26619090762064196,0
6c2dbbeb634605dc4cf25ce12ab038c0,0,0.2656411481654844,0
af49df16d1f66199c9876046775a08c7,0,0.2654031206986948,0
dc86b29986d1f8ad458040d2400bf941,0,0.26535412937487474,0
c3763b3615d9ba4d12f8c534c7e6c77e,0,0.2652743766709887,0
fcb4427466abb290f1960f9309abf0b9,0,0.2652015860542427,0
5bd572e9792d37a0902ca5342c4b9609,0,0.2648297689864453,0
3246cc1ffb8b0e719e5ba4db0443185d,0,0.2647636209521737,0
a311db8053cf14527828dd6d89a1f57a,0,0.2647382472355558,0
caca6ca8dee328055690501312b1a77c,0,0.26472949829852976,0
8fad625c728b6a1dbbbba0502c7285fe,0,0.26453197369450754,0
582af3879be5c1f566b1fbae2cd0e547,0,0.26449535022557114,0
4dba78a69f5fb2d5ba4bdf9696e1eb8f,0,0.2644022631953444,0
8de8484141a728d73763be267b73cda2,0,0.26437182544744053,0
59f72bd03edfc6d071ee1091ea4dbaa6,0,0.2636238508461388,0
cfdb7df7f1d257ca5779f967d259cec9,0,0.2631752909008442,0
6809546a09581ad767fb395756664fc3,0,0.26253763281384945,0
cd0a79bcc77a638e1d49713d213843cf,0,0.2624597973452676,0
4d0b63c02bf756e064687854ba9c6ffc,0,0.2618745076958105,0
679539028487c610a89de1494fef40da,0,0.2615376923459645,0
803c79929e84a92a233e3a619b021e3f,0,0.26130213268094277,0
31cb9459f7fc068336a66a1279678fed,0,0.26111827290271467,0
971990c4351040cca69ca519f63c3d20,0,0.26046098423807484,0
e42e5cffaa896ecca5e413413783552a,0,0.26036598848669645,0
500a1e8de5a997e3e523af2947aee208,0,0.2595797332838162,0
bd9e235e9996a20d1153c238c2706b92,0,0.25957399781984597,0
2c5bafa2e3d48ca7b446921b05d7f5f4,0,0.2595727819376808,0
5805f02470aa5a345996c6cf1eae5be1,0,0.2593575831319494,0
0b8cc9d17d481e03c058582a15b00a41,0,0.2589998694317562,0
6b15a5281d879abe976b42a7cd9e3f2c,0,0.25895955217936467,0
a36dfd7f887f03e4818a77b11784236e,0,0.2588476026429585,0
f55b07d4db1bf6894473295c7fd5989e,0,0.2584392023110828,0
f085d32f56ff8cd1c24ea9eb43ec9edc,0,0.2582628441682447,0
85a3ba3f26cfa37e889b67e197a9a875,0,0.2582479634842822,0
4b27c5a0892e73bfd924861aeebe8eff,0,0.2578426320608234,0
51c5862005fe9f8eb9e63c1584bfc06d,0,0.2571419078918118,0
db3d2c340a500126dec4308cee9135ae,0,0.25653369516561736,0
bc8d400be39b139e071b416e548ab75a,0,0.2565283895095087,0
04f1fd1b75385fd1c7b6de018e0c4ab3,0,0.2557469556753022,0
31127406f4f4cabe57b756540218c700,0,0.2555013122854174,0
b772c9cfe71a8b12e2217034af71ae23,0,0.25549691951971587,0
2686ba7105a5b4eaa691cccdf3a866b6,0,0.25546128911796395,0
0ac6c084c9623a0e2ace60297ad24d6c,0,0.2551166377237,0
0acb54b64345b37d81205175f3f3e779,0,0.25462887394071804,0
6cceb051264e3bac0ac2a98182eba14f,0,0.25349521996858354,0
60c44aca5287b6fd576f694df03370b9,0,0.25276051170046737,0
af8569990cc48ad6c010776bf9c3986a,0,0.2526434018012346,0
a15a39c94a1934b7e64a5e10c5f9b9d6,0,0.25249710212724674,0
031b6bf06cc2c9391a8a403cef221a1a,0,0.25201119709799497,0
9fad9ce71bb1d737fa9c826fd773c1a3,0,0.2518612244775233,0
1f6a5f79972b5203849c98f33e309253,0,0.25172193789692404,0
bbf1349e7ebca6c69bd44b15ed861be2,0,0.2515670942916242,0
b25ff7d6964d189833a66f4f2f8b2f7b,0,0.2513753152750028,0
e1a98cb77bc35b7a6b3cf855120fda68,0,0.25115579732673277,0
6bda5f629d7f63fbd492f48da584b8c5,0,0.25069488153227604,0
1a12b5c2a931ae8a32340bc87db0d3ed,0,0.2505172745387685,0
8f552e7eadcf54aff83af9009e3dd204,0,0.2504864709892812,0
e291272db5bd3070bfd6497432223aed,0,0.2504414824525663,0
31463a6b3a01f53c3ef1a04a849decf4,0,0.24967995521018552,0
2f8552b3c0fd59f1bd0f0821a136a9ae,0,0.24929390738814444,0
f4b15ccf4907c376a3f978dd380ee201,0,0.24922027937668828,0
c626f14a28a53ddbf8f9dab20c4fbb63,0,0.24909770845074586,0
9426e18d6a769d72a66f2e6299a03d8b,0,0.24900631996944847,0
5ef7a0ac4ce3285fa8264b9034b3fc0b,0,0.24877763621528692,0
aada65f37d70fd659662a2fdc9b5ce45,0,0.24703145287741846,0
1a7928a944f6c13daa6174dee2c6bd30,0,0.24698658787413064,0
a679859aff4d4e1615e18ea972b9aad2,0,0.24681228991206136,0
6e4c8eed6842146f77d917f7b437b4c2,0,0.24659583289641906,0
361dc89b24a5dc808b2803a1ac33ff3f,0,0.24652783507983056,0
fa8d70c99f02e48610559ec7b8ccc8ad,0,0.24643491488692013,0
c6c17c2de35135b49a28feaa51e8fcc3,0,0.24616737472460862,0
ecf55c92c7bf73cc1d576a0f6a235b0b,0,0.2449424501554794,0
c851f70413e20381390ddb28a135f676,0,0.24447957794269698,0
55a97ac4a03a60a3a30e1d7a9423b911,0,0.24432722170028418,0
4e447212d2b42b678e2ea168210da06a,0,0.24409264448720475,0
869c42460da6e3509771df17387bdd42,0,0.2435601455278077,0
e6a1d274cbba12da4cd29eb462b34be5,0,0.24341504965818458,0
fdc8b2ae6846c2c904194654d61dbdfc,0,0.2427121253154997,0
06a2f322004ebb6e68107114e2020afc,0,0.24204701001394155,0
8e0eae873c0019e01182099a1c497b79,0,0.2414517251533885,0
8c823167e62665a6d863cde31130b3a5,0,0.2414378964224115,0
616ba0a640b9ca4807cf2f2ebc024c87,0,0.2412361835067213,0
576d7fc1b6143c56e16f9190a52957d4,0,0.24063538366227585,0
415ee7f7e65b172382f321e711057114,0,0.24058891516168363,0
bd63ccd323d8ebd197530676a3cd36e3,0,0.24023721567032802,0
3dd6df883418b89bfb7c9f658f221a25,0,0.2393773306612227,0
edbdd3649ed92048f7585873507282be,0,0.23924005413241484,0
11d8cc7d540f8377b4bdd8297a612484,0,0.23902165675565004,0
cb1094479eadcebfb39f971ddfd2fd97,0,0.23900110616031625,0
7c5a7e345e74fc2a92fdf3a186bb142d,0,0.23889562190653243,0
7a4c9f57e55ea064c1b84e20a6406be6,0,0.23740161195778428,0
81446cd6d7ceaddfc66d7ab9ec60aa55,0,0.2366998987364481,0
a1a60b6cdb7de4b7251eab4f0ca8878e,0,0.23566501372541024,0
06e064e7008f3d351d74a80da7576bcc,0,0.2354308108753058,0
e707dc75cda76b17ee5585ded1d2eb5e,0,0.23518445123686377,0
52e744435a65923d3ee3f2068582c2b2,0,0.23516541717565642,0
c9e65162671f920f88e4f689366b62fc,0,0.23432627101056291,0
512dc65ea5c6b31ea4f821431df4a925,0,0.23377214899119875,0
619aa35016b1e5c4c3fcae6e45b27e4e,0,0.23334538413303116,0
c5dde81a4c503e4f3ad33d87bc314185,0,0.23317975779013764,0
fd9d39fa11a8725fabb15d0ff706251c,0,0.23271405680280893,0
9a47f3ac5c51599a24bb848c16ece5f4,0,0.23250200148037323,0
cb169db485f0cbfc75587a54b5b5676d,0,0.23205482512329584,0
8b1d0f7df6c92a1bca09df712b662469,0,0.23192127707036123,0
b5d5805f04ae037ef5de0d12fbed7bab,0,0.23158872690139595,0
a5cd1e6a1af12f7edfba75c57fbff47f,0,0.23111938930507722,0
b6172f1929f3af288c2f3693f2d05dd9,0,0.23058787200073527,0
2ed0e4f6c18fdb9edb131c62afef644f,0,0.22931269289411738,0
6aa828fc903b810472cff927dd42b500,0,0.2290433170388319,0
21505f8cb73895352121dfbebdc67ae6,0,0.22828927757853326,0
f682cd12a348889bd197fa49095e1341,0,0.2279982087486052,0
cbff2844e9147796d9fa0b7c204c501f,0,0.22784034393700625,0
bc7b827cb847747c63e317a73b052770,0,0.22761675939228,0
fc1266d06a97ca5314f0b3d4def53a5d,0,0.22696395904817512,0
aa6172137b971ed93e69466a599a9bb1,0,0.22696025576130946,0
b0d5323be87eb6d77bae24bcb37e9ce8,0,0.22691948597446124,0
2f36b9e4684b5a910573dbee723bcb69,0,0.226040901489909,0
45df9701a19ffdd972ae2c39b0d10edc,0,0.22597949954020882,0
5c008e6d2af075a08b11527f186b3abd,0,0.22572669771763568,0
88f06b37171a945267abeaacf9c4b77c,0,0.22507181890477,0
d0b7a41ff188f16fce4f7ffb2c67a5a3,0,0.22346930523555297,0
d38553a9c8d30efc45e02381e606740f,0,0.22311062585591973,0
14b752df6dd62c4afcafedeee4b8cffb,0,0.22257249500252319,0
e01b3c992c8dc49d8da704418d4dc548,0,0.22150947402210416,0
91fed84096e0b789cfac3b8302470728,0,0.2213553772583563,0
b77d9287064d0c8130947b0c84166a76,0,0.22129263673259583,0
2243a3db312c9b0480cdd0ce1614006a,0,0.22114826619166322,0
397d9b4fe1a6f27a7180b14a42dab978,0,0.22103735298315555,0
3fd1cd4e9f4ca2e7e81718c1642a5a6f,0,0.22078748032161893,0
c77e28120873b5909c08da41a16406da,0,0.2205766544406807,0
d6779a4b34d196a59ad0d562c5333dfb,0,0.21985135053268234,0
36b6bda8a3ca33a3df452dd5c13fdfcd,0,0.21911294691511765,0
b0cf52862e59fbb2580993925efd4182,0,0.2161242958953869,0
9e3300dceea09679f1a85d33a5631824,0,0.21605435239912282,0
1b76903617af13189607a36b0469f6f3,0,0.21564035464931414,0
f012b339d79831fed338ed7a1d256bca,0,0.21477939727926057,0
1d10557878391272c010c263dba24b66,0,0.2145271370495835,0
132f423dc424a05048538d51a18301d2,0,0.214405486271935,0
b094ab5e1bf0e1db3afe0f4cd9676c98,0,0.2127895609175386,0
d1b6bbb5ce2d0d1b5e5aed73482ede19,0,0.21222693002770437,0
11cbc8127871a0849a690d15f7708097,0,0.21163899157637606,0
e99428cc3257cdc825c71d3e77635deb,0,0.20974548711029914,0
1d4626b197f66aa6129c135ab09f1a7b,0,0.20889228736056953,0
e77dc6d35eca2c309c97739d49994220,0,0.20767872834785517,0
3a52bcffd7c61ceddbe72f54df9cec5b,0,0.20733946538156384,0
999ca6c21fe8b6f8a5accfb5949ad503,0,0.20732696139477455,0
e34530063d6201d9d7df1d3e5f0925bd,0,0.20695357344614804,0
5ad9aa3b3a3f21a4c5ab9e3a8b09642f,0,0.20680865256516553,0
bf43438bd72022045dd46ea7d60008df,0,0.20587028840085045,0
a1382f97cb0cf468fc4f3f63e88d1542,0,0.20532360597757676,0
3dc72442480b0d7485969ce3125d0256,0,0.204917733694039,0
aeb502c0c495c56ace2819cf6f9235f4,0,0.20484280278251613,0
c106df929ba7c1b2dcbf7af4d0d60ee0,0,0.2039030404617039,0
d0fa8c629348c626eb103877ba5e9a40,0,0.203739084862439,0
3b0bb03a1592b488c3a77d5f6ddc06ac,0,0.20343664522482455,0
55ab20e989d0c5b1525c66e47af087a9,0,0.20186755603117645,0
4c6510d1e218900ff6c53c32b9d5970c,0,0.2017275067641919,0
5f2d0693b4bacfc00bfe92a15c42b837,0,0.20170372928740457,0
f82245574a832709076d232ad99d6539,0,0.20165097175032567,0
41c3c9562b8a80d747fe2bd3c749640f,0,0.20117657723759,0
c210113b5b46eab76bafeb6053bf8d31,0,0.2009881470741641,0
fe947af6540d580b9703d0332d04f0e3,0,0.20089100893583806,0
8e6e09a9d21276f98d691a2c181ec00d,0,0.20024092521158612,0
2f37a695478fbf531a61d086b444a634,0,0.200041834806845,0
985289b5cb474a6e97bfe8c85f0aee74,0,0.19989498029373218,0
78ad39e87476ac52f150e22ecbd31aed,0,0.19838905416572308,0
c9c0c82af514e815fa47534f71113ebe,0,0.1977791492734273,0
318a99e46c2b01163c597b8c142bbbf0,0,0.19557425511279425,0
97599f226d383eed46713abef6325439,0,0.1952277807830472,0
16ae388d8c36c71739021268d3578191,0,0.1952277807830472,0
8627c1488f8357a3f973a3153c470d89,0,0.19487366602544173,0
8d2fb66164a84b76626513d628bee2da,0,0.19479823096957438,0
c72e291ccf98df8df8bdc3fcadf64f35,0,0.19446969952024615,0
df030c3c1d42349bb0a40197e53316ab,0,0.19431132873982224,0
4b4eb72ddddf8774c7c522b86eac0a68,0,0.19426431094482996,0
0480fb293e9b6ecd62e3696ef83dcf96,0,0.1937709309494919,0
2f0ce2fb407114dbfa866f22c7cf9e9d,0,0.1937270198525241,0
9a9c85d6f6c01c229c016fed83c80bb0,0,0.19340334547819216,0
1447b1e0484692a68d0c42a25d9ada01,0,0.19302213492300074,0
7efc49d7862ee114c0ca869b439bf381,0,0.1927339190984919,0
ae06b0187a99aaeb5e845b9638936e7d,0,0.19110870780399064,0
4543480cbf99692641f5b35eeae7947f,0,0.1902662804086765,0
e2e8726aa21861f8f4e5bbbfa72ff914,0,0.18921789864636765,0
2461b6b13582d11fa2d7a2c20c6b921f,0,0.18835690449451759,0
f61d858404cc299afb3a89451a92f91b,0,0.18749048863112872,0
141b3509663d0e6c8735da7d62fcfe16,0,0.18387750976284706,0
7e251bdcd9072568271fe5b5b824b6be,0,0.18344324725104555,0
6d394722d5fc5e721aee6875a218d8db,0,0.18334990447226002,0
9a58733da0c7c3ec5faf01ec89d9c115,0,0.18271223205830794,0
35dac57557b3ffbf2f231d3c1483fde1,0,0.18162813229659563,0
5c418344883a1f8617cb5577648adb4a,0,0.18152460829867184,0
1ff0504d2e5524b97f481f478f6ae770,0,0.18045952261868697,0
3f6a946ec3ed53c151d8b1eb1cb0336a,0,0.18020518544580247,0
c6b1d0d394ba367ae48f9bb69158231b,0,0.17966503623270894,0
2bca9b243e976aed908e12f74fb30370,0,0.17950051569764117,0
6d3c02f03efc71b44d52999fc95fc86e,0,0.17943057856557615,0
be350e7235bb5363ff3f3cbb1eb4ab74,0,0.17899686198132048,0
c1099629bd44f439554021f60cdb120c,0,0.17824600484232822,0
765737cd840f37587af53f66184d4d08,0,0.17779280355773566,0
ee2f423348d2b22b19bff9446cf39f2e,0,0.17673666312535924,0
d3bf48abdd573e74110b3e79d7b07ed1,0,0.1752327220379308,0
559026a1299bd2ede976c8d516d92258,0,0.17483915081109636,0
1c29d6a67b493c85043b7252908b095a,0,0.174519396848347,0
956abc21591ba4a89d91989597554b77,0,0.17189031126913593,0
58cb2f5bcf3fb5994bbf852e86978047,0,0.17055522796932035,0
d8df92f0b9600ee7c8602495c3d54bca,0,0.1701047622450225,0
d1c843178ca07004edbe2ac277b35bcc,0,0.1693173173429947,0
f068c105965c15b24896dcad0e6879a2,0,0.16829545218638783,0
0eee96b8cea2f09a022e9e5acaffede3,0,0.1681509044416807,0
d233f180804b66001abae78d15d37d10,0,0.1675648810524753,0
a8782b0257ca3ed5cd665f5e7a0bb0c2,0,0.1675462080967702,0
82cd8a647fc34614fde430b3285b913e,0,0.16652286369637448,0
143b3bef03194ac68037506e6fac66a4,0,0.16570760321133898,0
262f884f74980c0ad26fcaab579a3294,0,0.163530750787986,0
67031f3c7bc5f28dd7b6344294b4ffec,0,0.16284349539376117,0
dfd36ed4fba79ae470007537f70abc6a,0,0.16131689866922203,0
0b8f48c242246419f92b6c43b0165010,0,0.15906532369413828,0
ea6f9323b5f8d196980fa72fb91546d0,0,0.1575502804951029,0
540bd689a2065b9177dedb9758cbc992,0,0.15404147256614445,0
3a205021b542565ebf170c0ec55783d9,0,0.15344215945310183,0
9d15276f07200ca33bdd7eab12ba67ad,0,0.15242842994889205,0
81238d4299b66d04234593c4a832773e,0,0.1514527735232307,0
96f9779ab3aada4f274112897f433d1d,0,0.1505733705365341,0
b1791d73a5c0e297a0e8f21699078c5c,0,0.1504166564721328,0
4f94b2a128e75939c61c188212388e3e,0,0.1462801693208662,0
f9aca7474d36ec58fc20962c384959ce,0,0.14609690699907735,0
b8b32554df7a612f3aefb40b44653a4d,0,0.14380019393524338,0
75a8083e27e7af87d890db460e048efa,0,0.14325629734940565,0
cfe81af64110c8dc0d10459aaf9e3864,0,0.1426001410901731,0
0bec90ebca9ff4b2b830950bb052e52d,0,0.1412746499656069,0
6a1f7a25a12bb8ae6c861e9e47db9ee7,0,0.14116061072715644,0
77dc1d016a6ff92c1eb364ecb3cc6aae,0,0.1371614561793612,0
0cb6bcb4572e64a3394ede6448db0482,0,0.13618895911289566,0
6dbe8af63482be15d8b0ec1b9dd31a29,0,0.1321400643100482,0
c1af67e73acdb33638179ec6cb0fbd3c,0,0.13131587859637367,0
a3331aa44b50207a2f580848a07f0a6f,0,0.1312912551427687,0
7f531a44b470da4b21197e47de11da9a,0,0.1282499439339096,0
92ce8d58d57d7a8f8b2d5ca4b9810b64,0,0.1271777053515945,0
052ecc20fc75531a24365017cccf4b44,0,0.12660771859204512,0
10811ce4adce690edaf95b2e8eb3845a,0,0.12154370632313016,0
23a92795bca68209a5d5680fc17fb221,0,0.1186026025756907,0
280bf653e57167086c1a8ffd18b03ab1,0,0.11846111850224944,0
fd7069cf6891edbf32ba84c9c3f083d4,0,0.11715611875318585,0
9a81c7dc0ab471b009bc6c0b3fd8ec1d,0,0.1123274216672539,0
8831da2a67b7007cd92faef855f9fb52,0,0.11140801951083867,0
24c0598e5978021ede868fbf7526544a,0,0.10912452311894082,0
18d3c0c7617e44eab9bef19f29bbdb1b,0,0.10508634707945265,0
604b4fd4dd22b3811eca8c2d4f1f63c5,0,0.10430867238907646,0
5599df2eeb9e2e4f377db24e09cb976f,0,0.10095868048963,0
28b9099dc6577fdeceb2e4468e69f556,0,0.1001394434783032,0
875494cee8ca0aea8a8de2bd84e67086,0,0.09845055319035198,0
ee10b948f421cd32fab5283f814d0b78,0,0.09486845411356004,0
b0e6870a2c0f7a96e18c84c02da14f94,0,0.09453104275974805,0
acc38a550c42d17125cd25c32a464d26,0,0.09434598528852349,0
af17def00ed5fb1ccbebfe805b0bb641,0,0.09121528184981263,0
7538ab19c6d24c3b66a0986332fadfe4,0,0.09095160427754559,0
1073528f48c54d7e185df57a6ee88448,0,0.08689041639466559,0
7c82b91749355c6daebaada73da54e2e,0,0.08610514489126248,0
9df040be9d7656d4c912b62472bfcf05,0,0.08417725179298978,0
46e8adbe1802b0aa1d172eb1a4eba9fe,0,0.08186156916079386,0
76a08544f95591acec0d4c976054c459,0,0.07969454973529555,0
4550984876a4424451525c6854a996d4,0,0.07797449817135557,0
ecf7874aa8a2586adf6ca37fab21ecc2,0,0.07171150604988183,0
c949c73b1318491d6b5b117acb3e24a4,0,0.06361440413281533,0
030a810edeec1ceea314282513023587,0,0.0491821506517379,0
2621b577faf30c524ef1f0fff766a575,0,0.04679060674258767,0
d8f1c3ed0de527caf0a7eceeb025b583,0,0.04669879951007178,0
ee2bb06c1d3f368e92084edefb7e4b57,0,0.04179485067826244,0
2ae8173a688e326821403a5b7a6858c2,0,0.039120315834328935,0
2c3b08cf3584d8c0a81d9618a73aa219,0,0.036221789339035866,0
81d8bf17c9e450228efeedd2603edfaa,0,0.03505632819927851,0
c6111f70f40b3420e387493c627c27fa,0,0.03452714058783393,0
5d09b0d82126457e2a8ebfb9c9a1ffc4,0,0.021520977462409687,0
5e713be0853d8986528d7869a0811d2b,0,0.01425535929972662,0
